k[1/Mpc], k[h/Mpc], Delta2_lin, Delta2_nl, Delta2_nl_30
1.000000000000000048e-04,1.474708745022857944e-04,1.015228841282821416e-10,1.015125208312928514e-10,1.015171229252701274e-10
1.009257536193751702e-04,1.488360914605149252e-04,1.053008131080544338e-10,1.052899648973284084e-10,1.052923481415854979e-10
1.018600774363880891e-04,1.502139469641469965e-04,1.092193084648575517e-10,1.092079526529127445e-10,1.092084041282365564e-10
1.028030507899538109e-04,1.516045580149739166e-04,1.132835991667483269e-10,1.132717120047801279e-10,1.132709276877522753e-10
1.037547537534699009e-04,1.530080426979352442e-04,1.174991086238634536e-10,1.174866652521062267e-10,1.174854024994137794e-10
1.047152671416163260e-04,1.544245201911463269e-04,1.218714619214743410e-10,1.218584363172416091e-10,1.218572719048829232e-10
1.056846725172182243e-04,1.558541107760185959e-04,1.264064933256395177e-10,1.263928582489334117e-10,1.263921518005022253e-10
1.066630521981710566e-04,1.572969358474724259e-04,1.311102540592183299e-10,1.310959809957958464e-10,1.310958377723835797e-10
1.076504892644316501e-04,1.587531179242466237e-04,1.359890203638385623e-10,1.359740794656157331e-10,1.359743323438260645e-10
1.086470675650721946e-04,1.602227806593012663e-04,1.410493018368659901e-10,1.410336618595388745e-10,1.410340680714566167e-10
1.096528717254007261e-04,1.617060488503181182e-04,1.462978501141591587e-10,1.462814783519066964e-10,1.462818525512693953e-10
1.106679871541474359e-04,1.632030484502985175e-04,1.517416678822760858e-10,1.517245300994086386e-10,1.517247568112679318e-10
1.116925000507166008e-04,1.647139065782577837e-04,1.573880182098048935e-10,1.573700785692166111e-10,1.573701241606426002e-10
1.127264974125066012e-04,1.662387515300200493e-04,1.632444342218679192e-10,1.632256552101441948e-10,1.632255736090327012e-10
1.137700670422977421e-04,1.677777127891132993e-04,1.693187291062372356e-10,1.692990714552645570e-10,1.692989407106263745e-10
1.148232975557073634e-04,1.693309210377633980e-04,1.756190065321386439e-10,1.755984291370480958e-10,1.755983088081137881e-10
1.158862783887151240e-04,1.708985081679916299e-04,1.821536714636108148e-10,1.821321312968829456e-10,1.821320584614858031e-10
1.169590998052578382e-04,1.724806072928149691e-04,1.889314413568411267e-10,1.889088933783955267e-10,1.889088787823832849e-10
1.180418529048936333e-04,1.740773527575484802e-04,1.959613577687097378e-10,1.959377548317911686e-10,1.959377810744370553e-10
1.191346296305380705e-04,1.756888801512137817e-04,2.032527983591767586e-10,2.032280911118472480e-10,2.032281331009164552e-10
1.202375227762719865e-04,1.773153263180533542e-04,2.108154893947758529e-10,2.107896261767992129e-10,2.107896647732017944e-10
1.213506259952202416e-04,1.789568293691494471e-04,2.186595187262625007e-10,2.186324454611661499e-10,2.186324687591892114e-10
1.224740338075054266e-04,1.806135286941534118e-04,2.267953492245765684e-10,2.267670093066672162e-10,2.267670138728874180e-10
1.236078416082731684e-04,1.822855649731207166e-04,2.352338327093994640e-10,2.352041668854980481e-10,2.352041583345870184e-10
1.247521456757931524e-04,1.839730801884576622e-04,2.439862243448274995e-10,2.439551705904825640e-10,2.439551569893336799e-10
1.259070431796349969e-04,1.856762176369783064e-04,2.530641976442356767e-10,2.530316910341490445e-10,2.530316785325064666e-10
1.270726321889187197e-04,1.873951219420715432e-04,2.624798600450091762e-10,2.624458326173996285e-10,2.624458250375506615e-10
1.282490116806427928e-04,1.891299390659825655e-04,2.722457690299405233e-10,2.722101496445687937e-10,2.722101480831067240e-10
1.294362815480892305e-04,1.908808163222079797e-04,2.823749488399168318e-10,2.823376630294742346e-10,2.823376656749592371e-10
1.306345426093053028e-04,1.926479023880036767e-04,2.928809077507666638e-10,2.928418775653264160e-10,2.928418818243372701e-10
1.318438966156649920e-04,1.944313473170107456e-04,3.037776560757559414e-10,3.037367999199522236e-10,3.037368038158958258e-10
1.330644462605097859e-04,1.962313025519979123e-04,3.150797248502090443e-10,3.150369573128004163e-10,3.150369596178011283e-10
1.342962951878678317e-04,1.980479209377198518e-04,3.268021851743292573e-10,3.267574168497965309e-10,3.267574172131759400e-10
1.355395480012562754e-04,1.998813567338980429e-04,3.389606682628240602e-10,3.389138055646324151e-10,3.389138045710341786e-10
1.367943102725626390e-04,2.017317656283182826e-04,3.515713861512426008e-10,3.515223311163895075e-10,3.515223295995284994e-10
1.380606885510100618e-04,2.035993047500516914e-04,3.646511533023078007e-10,3.645998033867329756e-10,3.645998019811688087e-10
1.393387903722053192e-04,2.054841326827979895e-04,3.782174090348791666e-10,3.781636568993055468e-10,3.781636559985267460e-10
1.406287242672695675e-04,2.073864094783506372e-04,3.922882407305525934e-10,3.922319740163192536e-10,3.922319737318848765e-10
1.419305997720548206e-04,2.093062966701884746e-04,4.068824078874460919e-10,4.068235089818680719e-10,4.068235091253942479e-10
1.432445274364454839e-04,2.112439572871928578e-04,4.220193669592832848e-10,4.219577127500644059e-10,4.219577130534909533e-10
1.445706188337452403e-04,2.131995558674904001e-04,4.377192972781268824e-10,4.376547588962911414e-10,4.376547591549805560e-10
1.459089865701515684e-04,2.151732584724252474e-04,4.540031279634888476e-10,4.539355705142904988e-10,4.539355706009514198e-10
1.472597442943183782e-04,2.171652327006612154e-04,4.708925657629583771e-10,4.708218480442184030e-10,4.708218479226410510e-10
1.486230067070054919e-04,2.191756477024118610e-04,4.884101239099515325e-10,4.883360981172361015e-10,4.883360978485042490e-10
1.499988895708197938e-04,2.212046741938059177e-04,5.065791519331819514e-10,5.065016633512262059e-10,5.065016630214657951e-10
1.513875097200442278e-04,2.232524844713821297e-04,5.254238667521683871e-10,5.253427534318779753e-10,5.253427531059185628e-10
1.527889850705593040e-04,2.253192524267206957e-04,5.449693849523445546e-10,5.448844773726941375e-10,5.448844770902081326e-10
1.542034346298566010e-04,2.274051535612101299e-04,5.652417561835756863e-10,5.651528768977117062e-10,5.651528766695436536e-10
1.556309785071433125e-04,2.295103650009486988e-04,5.862679977713193826e-10,5.861749610361348337e-10,5.861749608429661370e-10
1.570717379235420151e-04,2.316350655117858839e-04,6.080761304135090979e-10,6.079787418019489355e-10,6.079787416160233425e-10
1.585258352223846803e-04,2.337794355145032712e-04,6.306952155027992418e-10,6.305932714980441269e-10,6.305932712973680423e-10
1.599933938796006317e-04,2.359436571001336511e-04,6.541553938746664820e-10,6.540486814453388299e-10,6.540486812156717193e-10
1.614745385142020277e-04,2.381279140454240178e-04,6.784879258700015415e-10,6.783762220255311277e-10,6.783762217625041332e-10
1.629693948988666225e-04,2.403323918284421446e-04,7.037252328550620242e-10,7.036083041802847034e-10,7.036083038906200115e-10
1.644780899706165076e-04,2.425572776443245932e-04,7.299009400734711975e-10,7.297785422415319156e-10,7.297785419340598863e-10
1.660007518415986319e-04,2.448027604211747772e-04,7.570499214040521758e-10,7.569217986665433519e-10,7.569217983468711324e-10
1.675375098099622228e-04,2.470690308361041124e-04,7.852083458199031709e-10,7.850742304731691098e-10,7.850742301439759381e-10
1.690884943708388264e-04,2.493562813314243050e-04,8.144137254420483504e-10,8.142733372685636022e-10,8.142733369301109706e-10
1.706538372274238303e-04,2.516647061309892604e-04,8.447049653352210226e-10,8.445580110188882538e-10,8.445580106696238547e-10
1.722336713021593033e-04,2.539945012566867735e-04,8.761224148600758590e-10,8.759685873742749472e-10,8.759685870112450219e-10
1.738281307480215980e-04,2.563458645450841767e-04,9.087079213728542886e-10,9.085468993398964036e-10,9.085468989594562909e-10
1.754373509599136316e-04,2.587189956642289195e-04,9.425048859712599122e-10,9.423363329918995198e-10,9.423363325908110145e-10
1.770614685861609259e-04,2.611140961306015335e-04,9.775583211287837388e-10,9.773818850804211988e-10,9.773818846571838986e-10
1.787006215401159583e-04,2.635313693262291129e-04,1.013914910413064654e-09,1.013730222715191121e-09,1.013730222271081986e-09
1.803549490118694972e-04,2.659710205159555711e-04,1.051623070039826638e-09,1.051429744885248500e-09,1.051429744421065553e-09
1.820245914800691373e-04,2.684332568648711663e-04,1.090733013288966879e-09,1.090530646839114533e-09,1.090530646353704270e-09
1.837096907238485594e-04,2.709182874559040613e-04,1.131296817376963243e-09,1.131084986919584450e-09,1.131084986411005065e-09
1.854103898348675138e-04,2.734263233075763023e-04,1.173368492576302353e-09,1.173146755643836595e-09,1.173146755110784244e-09
1.871268332294612007e-04,2.759575773919203685e-04,1.217004053830939235e-09,1.216771947277742947e-09,1.216771946720791487e-09
1.888591666609050902e-04,2.785122646525661034e-04,1.262261594561990820e-09,1.262018633598592643e-09,1.262018633017281749e-09
1.906075372317901954e-04,2.810906020229909821e-04,1.309201363922889835e-09,1.308947041105127113e-09,1.308947040496907619e-09
1.923720934065151688e-04,2.836928084449420067e-04,1.357885846997333211e-09,1.357619631168253150e-09,1.357619630529999142e-09
1.941529850238937576e-04,2.863191048870280934e-04,1.408379847685713673e-09,1.408101182868087692e-09,1.408101182197983715e-09
1.959503633098773736e-04,2.889697143634822993e-04,1.460750574577251485e-09,1.460458878814414555e-09,1.460458878113515470e-09
1.977643808903971703e-04,2.916448619531000698e-04,1.515067729406207199e-09,1.514762393548935851e-09,1.514762392817126061e-09
1.995951918043248937e-04,2.943447748183525845e-04,1.571403599708621991e-09,1.571083986145354379e-09,1.571083985379775975e-09
2.014429515165520467e-04,2.970696822246748762e-04,1.629833155009063664e-09,1.629498596336784517e-09,1.629498595533730695e-09
2.033078169311926795e-04,2.998198155599360966e-04,1.690434146207218903e-09,1.690083943840329504e-09,1.690083942997587556e-09
2.051899464049058497e-04,3.025954083540861807e-04,1.753287208533527507e-09,1.752920631247819838e-09,1.752920630366611717e-09
2.070894997603430084e-04,3.053966962989868809e-04,1.818475967541576773e-09,1.818092249950460328e-09,1.818092249030481217e-09
2.090066382997203141e-04,3.082239172684269517e-04,1.886087150230836299e-09,1.885685491190403373e-09,1.885685490227941094e-09
2.109415248185143562e-04,3.110773113383193188e-04,1.956210700404547181e-09,1.955790261344133180e-09,1.955790260334457086e-09
2.128943236192867080e-04,3.139571208070884704e-04,2.028939897829090740e-09,2.028499801003943023e-09,2.028499799944262620e-09
2.148652005256365249e-04,3.168635902162461756e-04,2.104371481666892824e-09,2.103910808329361635e-09,2.103910807221255183e-09
2.168543228962803188e-04,3.197969663711551481e-04,2.182605777533715501e-09,2.182123566019373926e-09,2.182123564862492770e-09
2.188618596392639243e-04,3.227574983619877587e-04,2.263746830731997257e-09,2.263242074456403343e-09,2.263242073246112376e-09
2.208879812263062222e-04,3.257454375848786569e-04,2.347902544553921548e-09,2.347374189915819673e-09,2.347374188646197935e-09
2.229328597072734825e-04,3.287610377632701098e-04,2.435184823133267751e-09,2.434631767319996154e-09,2.434631765987560389e-09
2.249966687247899105e-04,3.318045549694586226e-04,2.525709719403039418e-09,2.525130808093628725e-09,2.525130806700347622e-09
2.270795835289832025e-04,3.348762476463400771e-04,2.619597587299804701e-09,2.618991612261285774e-09,2.618991610806696939e-09
2.291817809923648414e-04,3.379763766293538210e-04,2.716973241522147091e-09,2.716338938093654314e-09,2.716338936571901722e-09
2.313034396248498748e-04,3.411052051686327556e-04,2.817966123369299392e-09,2.817302167828693626e-09,2.817302166232343818e-09
2.334447395889161750e-04,3.442629989513584462e-04,2.922710471977188267e-09,2.922015478784893532e-09,2.922015477109582303e-09
2.356058627149012585e-04,3.474500261243197914e-04,3.031345501657880148e-09,3.030618020572269081e-09,3.030618018820480042e-09
2.377869925164445499e-04,3.506665573166856597e-04,3.144015584250236611e-09,3.143254097308970062e-09,3.143254095480102679e-09
2.399883142060689120e-04,3.539128656629831997e-04,3.260870440647357365e-09,3.260073359007839423e-09,3.260073357094549159e-09
2.422100147109087880e-04,3.571892268262922307e-04,3.382065339607085496e-09,3.381231000239420216e-09,3.381230998232351246e-09
2.444522826885841670e-04,3.604959190216548487e-04,3.507761302987662525e-09,3.506887965213458514e-09,3.506887963107134488e-09
2.467153085432189676e-04,3.638332230396976435e-04,3.638125318290718910e-09,3.637211160160647464e-09,3.637211157958225729e-09
2.489992844416101503e-04,3.672014222704765574e-04,3.773330557202860065e-09,3.772373671705917204e-09,3.772373669406610700e-09
2.513044043295466147e-04,3.706008027275425410e-04,3.913556605147432072e-09,3.912554996243353912e-09,3.912554993837901938e-09
2.536308639482763323e-04,3.740316530722257848e-04,4.058989699544492490e-09,4.057941278011005819e-09,4.057941275487660755e-09
2.559788608511300392e-04,3.774942646381507770e-04,4.209822975768656306e-09,4.208725554855216047e-09,4.208725552207136282e-09
2.583485944202947113e-04,3.809889314559721050e-04,4.366256721822387710e-09,4.365108012701514868e-09,4.365108009932670043e-09
2.607402658837451701e-04,3.845159502783441195e-04,4.528498639962667236e-09,4.527296246970110946e-09,4.527296244079472874e-09
2.631540783323324095e-04,3.880756206051207743e-04,4.696764121885988725e-09,4.695505537538865573e-09,4.695505534514782589e-09
2.655902367370273440e-04,3.916682447087853174e-04,4.871276534354873700e-09,4.869959134137353581e-09,4.869959130965106006e-09
2.680489479663271325e-04,3.952941276601196446e-04,5.052267513916664053e-09,5.050888550822784221e-09,5.050888547493766067e-09
2.705304208038225057e-04,3.989535773541107145e-04,5.239977272055220366e-09,5.238533870877626818e-09,5.238533867396855764e-09
2.730348659659247428e-04,4.026469045360931017e-04,5.434654908681409789e-09,5.433144060035060886e-09,5.433144056401210960e-09
2.755624961197601576e-04,4.063744228281376651e-04,5.636558741857111046e-09,5.634977295924315564e-09,5.634977292122734917e-09
2.781135259012293827e-04,4.101364487556840525e-04,5.845956649995688022e-09,5.844301309979396601e-09,5.844301305991556386e-09
2.806881719332319407e-04,4.139333017744166628e-04,6.063126424961902157e-09,6.061393740234181869e-09,6.061393736049340320e-09
2.832866528440615233e-04,4.177653042973919809e-04,6.288356137638025627e-09,6.286542496569674614e-09,6.286542492194153872e-09
2.859091892859721941e-04,4.216327817224188026e-04,6.521944513336739007e-09,6.520046135794336463e-09,6.520046131226415992e-09
2.885560039539132940e-04,4.255360624596863078e-04,6.764201326884941417e-09,6.762214256378141621e-09,6.762214251599388527e-09
2.912273216044406919e-04,4.294754779596529929e-04,7.015447812630757538e-09,7.013367908093459679e-09,7.013367903080621917e-09
2.939233690748031336e-04,4.334513627411932103e-04,7.276017087429895996e-09,7.273840014618880197e-09,7.273840009358467278e-09
2.966443753022022806e-04,4.374640544200003914e-04,7.546254588506444803e-09,7.543975810999905837e-09,7.543975805499920733e-09
2.993905713432352738e-04,4.415138937372588821e-04,7.826518522831329636e-09,7.824133292610179096e-09,7.824133286868387592e-09
3.021621903935132634e-04,4.456012245885757690e-04,8.117180340497760638e-09,8.114683688088012174e-09,8.114683682081205237e-09
3.049594678074641989e-04,4.497263940531841904e-04,8.418625225952841797e-09,8.416011950108544684e-09,8.416011943807537727e-09
3.077826411183190664e-04,4.538897524234169925e-04,8.731252604621697982e-09,8.728517261527885889e-09,8.728517254915806082e-09
3.106319500582800544e-04,4.580916532344492687e-04,9.055476667343756887e-09,9.052613559317380746e-09,9.052613552404308112e-09
3.135076365788802446e-04,4.623324532943226821e-04,9.391726908730528685e-09,9.388730072397828890e-09,9.388730065180878223e-09
3.164099448715267495e-04,4.666125127142408931e-04,9.740448694059609672e-09,9.737311887982804370e-09,9.737311880432794392e-09
3.193391213882375962e-04,4.709321949391499697e-04,1.010210384747673112e-08,1.009882053920430023e-08,1.009882053128452398e-08
3.222954148625700277e-04,4.752918667786019914e-04,1.047717125870532746e-08,1.047373461122009269e-08,1.047373460290946201e-08
3.252790763307404891e-04,4.796918984379007077e-04,1.086614751100353389e-08,1.086255036854095316e-08,1.086255035985215040e-08
3.282903591529421033e-04,4.841326635495385227e-04,1.126954752539911078e-08,1.126578239860888393e-08,1.126578238953819173e-08
3.313295190348602287e-04,4.886145392049258884e-04,1.168790523971161249e-08,1.168396429012840421e-08,1.168396428063914704e-08
3.343968140493837706e-04,4.931379059864087703e-04,1.212177431304984633e-08,1.211764933684083985e-08,1.211764932688691066e-08
3.374925046585208646e-04,4.977031479995883351e-04,1.257172885225544734e-08,1.256741126321250021e-08,1.256741125276750036e-08
3.406168537355170342e-04,5.023106529059386850e-04,1.303836416369784141e-08,1.303384497543963747e-08,1.303384496451956464e-08
3.437701265871753904e-04,5.069608119557223683e-04,1.352229752419708345e-08,1.351756733154769751e-08,1.351756732014775569e-08
3.469525909763864066e-04,5.116540200212157550e-04,1.402416899416201532e-08,1.401921795366283896e-08,1.401921794173682847e-08
3.501645171448662403e-04,5.163906756302406994e-04,1.454464226116388249e-08,1.453946007067839921e-08,1.453946005816850013e-08
3.534061778361024088e-04,5.211711810000035743e-04,1.508440550958567317e-08,1.507898138695680393e-08,1.507898137382998032e-08
3.566778483185152203e-04,5.259959420712508917e-04,1.564417232065607433e-08,1.563849498137262030e-08,1.563849496764899579e-08
3.599798064088333355e-04,5.308653685427419449e-04,1.622468259588999706e-08,1.621874022971993874e-08,1.621874021539332935e-08
3.633123324956828086e-04,5.357798739060356521e-04,1.682670353023471748e-08,1.682048377677168622e-08,1.682048376178402717e-08
3.666757095633975763e-04,5.407398754806039612e-04,1.745103062148870811e-08,1.744452054456087742e-08,1.744452052883949924e-08
3.700702232160503111e-04,5.457457944492704075e-04,1.809848871121585734e-08,1.809167477210668529e-08,1.809167475561031497e-08
3.734961617017022836e-04,5.507980558939717637e-04,1.876993306177998961e-08,1.876280109120640681e-08,1.876280107396036933e-08
3.769538159368831295e-04,5.558970888318582855e-04,1.946625046010515104e-08,1.945878562890072468e-08,1.945878561089706916e-08
3.804434795312912516e-04,5.610433262517198691e-04,2.018836038297486367e-08,2.018054717140991340e-08,2.018054715257561635e-08
3.839654488127290069e-04,5.662372051507579603e-04,2.093721620569394431e-08,2.092903837136897679e-08,2.092903835161283658e-08
3.875200228522629182e-04,5.714791665716898806e-04,2.171380644773659935e-08,2.170524699198590443e-08,2.170524697125606676e-08
3.911075034896208395e-04,5.767696556402017232e-04,2.251915606159605207e-08,2.251019719433334071e-08,2.251019717266198290e-08
3.947281953588238504e-04,5.821091216027486290e-04,2.335432775391351023e-08,2.334495085685374722e-08,2.334495083423048982e-08
3.983824059140524468e-04,5.874980178646990779e-04,2.422042337973512432e-08,2.421060896790732980e-08,2.421060894424030612e-08
4.020704454557552676e-04,5.929368020288382701e-04,2.511858538845373158e-08,2.510831306992530222e-08,2.510831304510000400e-08
4.057926271569998154e-04,5.984259359342276657e-04,2.604999831417129742e-08,2.603924674790451742e-08,2.603924672185625583e-08
4.095492670900632739e-04,6.039658856954184096e-04,2.701589031765262814e-08,2.700463716940805459e-08,2.700463714217712655e-08
4.133406842532736129e-04,6.095571217420344681e-04,2.801753476678436440e-08,2.800575666298863363e-08,2.800575663456185058e-08
4.171672005980983796e-04,6.152001188587204921e-04,2.905625190466653758e-08,2.904392438413778036e-08,2.904392435439958847e-08
4.210291410564813387e-04,6.208953562254553808e-04,3.013341057932225594e-08,3.012050804275362159e-08,3.012050801156038923e-08
4.249268335684354718e-04,6.266433174582442325e-04,3.125043002648686915e-08,3.123692568358871831e-08,3.123692565085929906e-08
4.288606091098915774e-04,6.324444906501866222e-04,3.240878171362350004e-08,3.239464752781778460e-08,3.239464749360297395e-08
4.328308017208007917e-04,6.382993684129195785e-04,3.360999122755918809e-08,3.359519785812364329e-08,3.359519782240655354e-08
4.368377485335011657e-04,6.442084479184503323e-04,3.485564027085000373e-08,3.484015701237666680e-08,3.484015697501192592e-08
4.408817898013470539e-04,6.501722309413759081e-04,3.614736873169770939e-08,3.613116345074122106e-08,3.613116341154844411e-08
4.449632689275990908e-04,6.561912239014880410e-04,3.748687681602392830e-08,3.746991588481557984e-08,3.746991584369347359e-08
4.490825324945859221e-04,6.622659379067776225e-04,3.887592725278747721e-08,3.885817547988167475e-08,3.885817543689417034e-08
4.532399302931362285e-04,6.683968887968385654e-04,4.031634755242206021e-08,4.029776811014632490e-08,4.029776806527162447e-08
4.574358153522784377e-04,6.745845971866663198e-04,4.181003239366072493e-08,4.179058674220059003e-08,4.179058669525593298e-08
4.616705439692199452e-04,6.808295885108684928e-04,4.335894609793210376e-08,4.333859390589478327e-08,4.333859385665385299e-08
4.659444757396040524e-04,6.871323930682849725e-04,4.496512517859492107e-08,4.494382423989650468e-08,4.494382418823226608e-08
4.702579735880415873e-04,6.934935460670131092e-04,4.663068097699149151e-08,4.660838712390063487e-08,4.660838706989394650e-08
4.746114037989332011e-04,6.999135876698615909e-04,4.835780235833324348e-08,4.833446937051231675e-08,4.833446931413496184e-08
4.790051360475686766e-04,7.063930630402132788e-04,5.014875856702737020e-08,5.012433807635644802e-08,5.012433801737894018e-08
4.834395434315219542e-04,7.129325223883231340e-04,5.200590218640864949e-08,5.198034357739755108e-08,5.198034351553550563e-08
4.879150025023300556e-04,7.195325210180357305e-04,5.393167218594405157e-08,5.390492249153835466e-08,5.390492242663306541e-08
4.924318932974692956e-04,7.261936193739407849e-04,5.592859707149924684e-08,5.590060086407215017e-08,5.590060079622540005e-08
4.969905993726283491e-04,7.329163830889667049e-04,5.799929810403016901e-08,5.796999738136209692e-08,5.796999731053766864e-08
5.015915078342747567e-04,7.397013830324063004e-04,6.014649271382482635e-08,6.011582677980015497e-08,6.011582670570933604e-08
5.062350093725285312e-04,7.465491953583962325e-04,6.237299803906888326e-08,6.234090337884563123e-08,6.234090330113190680e-08
5.109214982943389603e-04,7.534604015548428298e-04,6.468173456729316728e-08,6.464814471670388253e-08,6.464814463516854397e-08
5.156513725569646621e-04,7.604355884927954624e-04,6.707572989952542612e-08,6.704057530844874654e-08,6.704057522321988110e-08
5.204250338017679493e-04,7.674753484762836296e-04,6.955812259507837719e-08,6.952133048453427565e-08,6.952133039556546858e-08
5.252428873883222037e-04,7.745802792926149418e-04,7.213216625173219018e-08,7.209366046436071440e-08,7.209366037128901209e-08
5.301053424288303074e-04,7.817509842631326956e-04,7.480123373380366810e-08,7.476093457742234925e-08,7.476093447980021390e-08
5.350128118228657335e-04,7.889880722944487635e-04,7.756882152252714461e-08,7.752664560646498840e-08,7.752664550404404082e-08
5.399657122924367281e-04,7.962921579301528814e-04,8.043855421104362551e-08,8.039441427492618677e-08,8.039441416786762792e-08
5.449644644173689233e-04,8.036638614029920471e-04,8.341418908579241271e-08,8.336799382047487461e-08,8.336799370871916073e-08
5.500094926710206913e-04,8.111038086875396519e-04,8.649962100542597588e-08,8.645127486563989108e-08,8.645127474873068316e-08
5.551012254563296141e-04,8.186126315533543470e-04,8.969888745562425186e-08,8.964829046395618524e-08,8.964829034133225778e-08
5.602400951421874662e-04,8.261909676186218136e-04,9.301617374471248835e-08,9.296322128653994776e-08,9.296322115789057203e-08
5.654265381001566133e-04,8.338394604043011197e-04,9.645581836980890881e-08,9.640040097878759681e-08,9.640040084431551808e-08
5.706609947415265238e-04,8.415587593887723051e-04,1.000223184759927813e-07,9.996432160972177194e-08,9.996432146935043960e-08
5.759439095547080108e-04,8.493495200629818309e-04,1.037203356875501851e-07,1.036596394928625355e-07,1.036596393460187861e-07
5.812757311429814656e-04,8.572124039861103977e-04,1.075547021481665801e-07,1.074911812155681390e-07,1.074911810615475722e-07
5.866569122625865055e-04,8.651480788417438344e-04,1.115304267238397246e-07,1.114639498306300335e-07,1.114639496690444830e-07
5.920879098611720121e-04,8.731572184945760040e-04,1.156527014083181985e-07,1.155831312498878969e-07,1.155831310809923727e-07
5.975691851165946308e-04,8.812405030476250798e-04,1.199269078366662360e-07,1.198541007455044824e-07,1.198541005692003449e-07
6.031012034760815628e-04,8.893986188999874771e-04,1.243586242476607817e-07,1.242824298993792610e-07,1.242824297149469159e-07
6.086844346957565651e-04,8.976322588051268390e-04,1.289536326941387817e-07,1.288738937999169799e-07,1.288738936064725218e-07
6.143193528805259047e-04,9.059421219296944980e-04,1.337179264460184097e-07,1.336344784308879938e-07,1.336344782279458877e-07
6.200064365243387974e-04,9.143289139129019043e-04,1.386577176299066150e-07,1.385703882962453336e-07,1.385703880841256520e-07
6.257461685508218952e-04,9.227933469264442638e-04,1.437794449722009142e-07,1.436880541478709554e-07,1.436880539264484168e-07
6.315390363542825120e-04,9.313361397349689862e-04,1.490897821205845867e-07,1.489941412908203972e-07,1.489941410591906616e-07
6.373855318410986915e-04,9.399580177571134490e-04,1.545956462592141342e-07,1.544955581815170370e-07,1.544955579385709676e-07
6.432861514714913491e-04,9.486597131271070878e-04,1.603042069403648973e-07,1.601994652416850855e-07,1.601994649868151216e-07
6.492413963016779432e-04,9.574419647569354288e-04,1.662228951955963537e-07,1.661132839510174854e-07,1.661132836846273705e-07
6.552517720264218817e-04,9.663055183990883982e-04,1.723594127604506695e-07,1.722447060526775187e-07,1.722447057746052313e-07
6.613177890219764689e-04,9.752511267098900889e-04,1.787217420055997821e-07,1.786017034641196677e-07,1.786017031732293366e-07
6.674399623894192732e-04,9.842795493134040216e-04,1.853181562156540083e-07,1.851925385346451591e-07,1.851925382295464591e-07
6.736188119983948066e-04,9.933915528659413314e-04,1.921572301209261345e-07,1.920257745550188176e-07,1.920257742349527543e-07
6.798548625312620438e-04,1.002587911121164939e-03,1.992478507574732656e-07,1.991102865943853788e-07,1.991102862598580013e-07
6.861486435276432060e-04,1.011869404995787000e-03,2.065992284405588452e-07,2.064552724497483549e-07,2.064552721005536755e-07
6.925006894293933221e-04,1.021236822635884561e-03,2.142209086174157421e-07,2.140702644733135822e-07,2.140702641080230798e-07
6.989115396259838481e-04,1.030690959483828014e-03,2.221227841308189916e-07,2.219651418094880775e-07,2.219651414263588495e-07
7.053817385003021854e-04,1.040232618345822337e-03,2.303151077727606506e-07,2.301501429208698599e-07,2.301501425189532823e-07
7.119118354748794593e-04,1.049862609460078689e-03,2.388085052182392388e-07,2.386358784931410477e-07,2.386358780730714158e-07
7.185023850585484009e-04,1.059581750565622218e-03,2.476139880403565596e-07,2.474333444202362260e-07,2.474333439817507744e-07
7.251539468935240670e-04,1.069390866971721117e-03,2.567429678650664086e-07,2.565539359273051857e-07,2.565539354686087868e-07
7.318670858029326619e-04,1.079290791627978991e-03,2.662072710095004801e-07,2.660094621758109443e-07,2.660094616947205824e-07
7.386423718387681841e-04,1.089282365195056931e-03,2.760191534379890943e-07,2.758121611849603743e-07,2.758121606802894093e-07
7.454803803303041137e-04,1.099366436116065628e-03,2.861913162031576294e-07,2.859747152366693864e-07,2.859747147092189526e-07
7.523816919329437674e-04,1.109543860688606050e-03,2.967369211729834476e-07,2.965102665650539436e-07,2.965102660144844337e-07
7.593468926775282955e-04,1.119815503137484500e-03,3.076696077900484934e-07,3.074324340760430535e-07,3.074324335001015187e-07
7.663765740201034047e-04,1.130182235688103991e-03,3.190035104108439193e-07,3.187553306452480772e-07,3.187553300411921425e-07
7.734713328921378681e-04,1.140644938640521765e-03,3.307532761210403654e-07,3.304935808900196639e-07,3.304935802563634746e-07
7.806317717512153975e-04,1.151204500444204812e-03,3.429340829315117238e-07,3.426623393204986725e-07,3.426623386582401923e-07
7.878584986321947835e-04,1.161861817773476900e-03,3.555616572473317853e-07,3.552773077627293603e-07,3.552773070714328965e-07
7.951521271988372169e-04,1.172617795603653201e-03,3.686522944070988234e-07,3.683547558480507929e-07,3.683547551248933967e-07
8.025132767959182499e-04,1.183473347287890059e-03,3.822228798484065223e-07,3.819115421264209827e-07,3.819115413679779938e-07
8.099425725018227686e-04,1.194429394634748164e-03,3.962909102906417560e-07,3.959651351952912272e-07,3.959651343997220430e-07
8.174406451816187491e-04,1.205486867986460238e-03,4.108745162479892732e-07,4.105336361557460839e-07,4.105336353243221010e-07
8.250081315406303977e-04,1.216646706297935983e-03,4.259924884571472722e-07,4.256358049780782260e-07,4.256358041102424672e-07
8.326456741785073128e-04,1.227909857216497990e-03,4.416642996727698178e-07,4.412910822369455659e-07,4.412910813291334519e-07
8.403539216437855503e-04,1.239277277162344074e-03,4.579101274994672045e-07,4.575196118801939183e-07,4.575196109280768460e-07
8.481335284889632503e-04,1.250749931409767240e-03,4.747508796935609518e-07,4.743422664631664155e-07,4.743422654643970978e-07
8.559851553260841052e-04,1.262328794169125488e-03,4.922082170436894059e-07,4.917806699617570668e-07,4.917806689178804389e-07
8.639094688828295341e-04,1.274014848669561238e-03,5.103045594144663808e-07,5.098572037614443502e-07,5.098572026717589099e-07
8.719071420591361548e-04,1.285809087242495300e-03,5.290631237030362877e-07,5.285950445288681323e-07,5.285950433889648615e-07
8.799788539843392005e-04,1.297712511405897575e-03,5.485079615044822302e-07,5.480182017894717036e-07,5.480182005940201180e-07
8.881252900748345122e-04,1.309726131949320816e-03,5.686639887435088703e-07,5.681515474757223059e-07,5.681515462218724572e-07
8.963471420922884854e-04,1.321850969019744068e-03,5.895570207516658083e-07,5.890208509130049844e-07,5.890208496027241067e-07
9.046451082023737470e-04,1.334088052208190012e-03,6.112138319120345257e-07,6.106528383467180644e-07,6.106528369790562102e-07
9.130198930340566914e-04,1.346438420637157633e-03,6.336621752863270729e-07,6.330752124852755491e-07,6.330752110545942319e-07
9.214722077394347068e-04,1.358903123048863914e-03,6.569308052742286657e-07,6.563166750699248981e-07,6.563166735694331371e-07
9.300027700541178876e-04,1.371483217894289581e-03,6.810495133971852442e-07,6.804069625535667695e-07,6.804069609796474163e-07
9.386123043581832059e-04,1.384179773423069000e-03,7.060491644399384680e-07,7.053768821334637515e-07,7.053768804886214826e-07
9.473015417376797831e-04,1.396993867774192150e-03,7.319617289134794189e-07,7.312583441053635661e-07,7.312583423884601810e-07
9.560712200467121492e-04,1.409926589067559419e-03,7.588203256538661066e-07,7.580844043398945855e-07,7.580844025439122045e-07
9.649220839700988882e-04,1.422979035496385342e-03,7.866592653870889335e-07,7.858893077198740640e-07,7.858893058363454280e-07
9.738548850866023338e-04,1.436152315420442804e-03,8.155140932230918016e-07,8.147085305035345467e-07,8.147085285279278178e-07
9.828703819327524061e-04,1.449447547460186317e-03,8.454216304808322213e-07,8.445788220150972751e-07,8.445788199505004177e-07
9.919693400672615572e-04,1.462865860591743743e-03,8.764200069083383639e-07,8.755382367358034630e-07,8.755382345807267579e-07
1.001152532136026160e-03,1.476408394242775595e-03,9.085487142013697613e-07,9.076261876673602331e-07,9.076261854130150782e-07
1.010420737937740366e-03,1.490076298389235096e-03,9.418486601050462099e-07,9.408835002723975728e-07,9.408834979082064325e-07
1.019774744490116458e-03,1.503870733653025300e-03,9.763622186056849261e-07,9.753524625037704558e-07,9.753524600241111489e-07
1.029215346096707491e-03,1.517792871400541798e-03,1.012133282100184349e-06,1.011076876803861288e-06,1.011076874212589508e-06
1.038743344414361355e-03,1.531843893842149132e-03,1.049207316628361559e-06,1.048102115157845984e-06,1.048102112453039602e-06
1.048359548521296102e-03,1.546024994132570544e-03,1.087631416760291910e-06,1.086475173796324193e-06,1.086475170966933665e-06
1.058064774985797160e-03,1.560337376472197566e-03,1.127454362552485970e-06,1.126244729958370618e-06,1.126244726991143053e-06
1.067859847935560737e-03,1.574782256209350658e-03,1.168726679137320803e-06,1.167461201278482637e-06,1.167461198166368604e-06
1.077745599127678420e-03,1.589360859943486810e-03,1.211500697782414554e-06,1.210176806635073972e-06,1.210176803382910665e-06
1.087722868019259503e-03,1.604074425629345825e-03,1.255830616020842517e-06,1.254445626063845878e-06,1.254445622669185159e-06
1.097792501838717929e-03,1.618924202682079120e-03,1.301772565483056620e-06,1.300323668356923965e-06,1.300323664805924893e-06
1.107955355657717997e-03,1.633911452083347581e-03,1.349384681679091477e-06,1.347868940602232198e-06,1.347868936878315161e-06
1.118212292463781430e-03,1.649037446488396067e-03,1.398727174615552552e-06,1.397141518548547407e-06,1.397141514642920627e-06
1.128564183233561873e-03,1.664303470334112592e-03,1.449862401329358983e-06,1.448203618876664866e-06,1.448203614795355829e-06
1.139011907006817195e-03,1.679710819948115538e-03,1.502854938314119899e-06,1.501119671354596376e-06,1.501119667094458356e-06
1.149556350961046828e-03,1.695260803658821432e-03,1.557771661290237688e-06,1.555956398318762878e-06,1.555956393862446733e-06
1.160198410486825826e-03,1.710954741906541400e-03,1.614681827364308037e-06,1.612782896531947533e-06,1.612782891858706039e-06
1.170938989263839740e-03,1.726793967355610884e-03,1.673657158671357236e-06,1.671670720512207286e-06,1.671670715611056330e-06
1.181778999337624670e-03,1.742779825007557352e-03,1.734771928204892527e-06,1.732693968036487936e-06,1.732693962914944725e-06
1.192719361197008355e-03,1.758913672315304960e-03,1.798103045184267910e-06,1.795929365171291173e-06,1.795929359825339923e-06
1.203761003852276811e-03,1.775196879298446707e-03,1.863730149711609569e-06,1.861456360570186129e-06,1.861456354978080541e-06
1.214904864914066089e-03,1.791630828659587131e-03,1.931735710176932703e-06,1.929357222504031343e-06,1.929357216639828279e-06
1.226151890672973069e-03,1.808216915901744498e-03,2.002205122248890275e-06,1.999717137462299048e-06,1.999717131312279115e-06
1.237503036179913923e-03,1.824956549446857127e-03,2.075226810415858558e-06,2.072624311288524046e-06,2.072624304862054582e-06
1.248959265327227210e-03,1.841851150755385857e-03,2.150892328893774912e-06,2.148170069669866884e-06,2.148170062961801741e-06
1.260521550930515525e-03,1.858902154447007000e-03,2.229296473668808534e-06,2.226448969733175255e-06,2.226448962716271311e-06
1.272190874811257371e-03,1.876111008422441098e-03,2.310537397730954463e-06,2.307558914812841591e-06,2.307558907454653673e-06
1.283968227880183171e-03,1.893479173986407742e-03,2.394716728136907876e-06,2.391601271029977085e-06,2.391601263313393009e-06
1.295854610221411308e-03,1.911008125971702101e-03,2.481939685957434981e-06,2.478680986736160928e-06,2.478680978672812152e-06
1.307851031177374550e-03,1.928699352864436537e-03,2.572315204964707861e-06,2.568906710682185164e-06,2.568906702265492783e-06
1.319958509434534469e-03,1.946554356930444481e-03,2.665956064396846629e-06,2.662390924227692008e-06,2.662390915423543463e-06
1.332178073109875193e-03,1.964574654342833137e-03,2.762979025361311320e-06,2.759250077166118040e-06,2.759250067933946382e-06
1.344510759838210947e-03,1.982761775310737037e-03,2.863504969143017183e-06,2.859604725432438481e-06,2.859604715750911610e-06
1.356957616860300468e-03,2.001117264209261847e-03,2.967659039269887720e-06,2.963579672543178347e-06,2.963579662426758502e-06
1.369519701111773053e-03,2.019642679710622300e-03,3.075570783923756172e-06,3.071304111360593695e-06,3.071304100800851629e-06
1.382198079312869921e-03,2.038339594916486856e-03,3.187374311616380642e-06,3.182911779081637994e-06,3.182911768035848094e-06
1.394993828059041445e-03,2.057209597491581332e-03,3.303208451367283481e-06,3.298541116699423394e-06,3.298541105116898785e-06
1.407908033912359715e-03,2.076254289798495131e-03,3.423216916025050636e-06,3.418335431579736711e-06,3.418335419433802631e-06
1.420941793493775678e-03,2.095475289033734735e-03,3.547548469134368944e-06,3.542443063553446453e-06,3.542443050862055766e-06
1.434096213576257096e-03,2.114874227365074345e-03,3.676357088135611508e-06,3.671017547321376478e-06,3.671017534073750689e-06
1.447372411178761550e-03,2.134452752070139462e-03,3.809802150655923996e-06,3.804217797890036396e-06,3.804217784032718834e-06
1.460771513661086570e-03,2.154212525676281551e-03,3.948048625388322924e-06,3.942208300559905046e-06,3.942208286029602019e-06
1.474294658819604031e-03,2.174155226101760676e-03,4.091267264675307977e-06,4.085159302586057269e-06,4.085159287349517652e-06
1.487942994983881438e-03,2.194282546798232217e-03,4.239634802502646148e-06,4.233247010210121384e-06,4.233246994289606897e-06
1.501717681114184003e-03,2.214596196894534630e-03,4.393334154210675676e-06,4.386653787375360998e-06,4.386653770757068393e-06
1.515619886899893754e-03,2.235097901341828123e-03,4.552554632284668298e-06,4.545568370462821742e-06,4.545568353079819322e-06
1.529650792858839366e-03,2.255789401060078608e-03,4.717492168444819043e-06,4.710186089282180623e-06,4.710186071055429202e-06
1.543811590437531083e-03,2.276672453085873925e-03,4.888349540681359219e-06,4.880709092963472948e-06,4.880709073851432337e-06
1.558103482112338251e-03,2.297748830721631306e-03,5.065336604535314476e-06,5.057346580049894305e-06,5.057346560080063428e-06
1.572527681491603813e-03,2.319020323686187424e-03,5.248670516691077685e-06,5.240315020876011953e-06,5.240315000030754738e-06
1.587085413418688621e-03,2.340488738266758000e-03,5.438575995416163556e-06,5.429838416692993759e-06,5.429838394888671630e-06
1.601777914075985885e-03,2.362155897472328122e-03,5.635285586618388348e-06,5.626148564358247287e-06,5.626148541496255447e-06
1.616606431089896451e-03,2.384023641188462439e-03,5.839039930990855036e-06,5.829485322065757452e-06,5.829485298094328633e-06
1.631572223636762941e-03,2.406093826333524383e-03,6.050088038265563375e-06,6.040096882126487754e-06,6.040096857079597296e-06
1.646676562549798323e-03,2.428368327016366870e-03,6.268687562570087263e-06,6.258240044801560469e-06,6.258240018656565486e-06
1.661920730427005879e-03,2.450849034695481033e-03,6.495105102247814687e-06,6.484180516507053984e-06,6.484180489159378942e-06
1.677306021740079941e-03,2.473537858339595625e-03,6.729616507954852373e-06,6.718193216227697981e-06,6.718193187554269840e-06
1.692833742944334667e-03,2.496436724589786924e-03,6.972507196934252781e-06,6.960562588041588607e-06,6.960562557977819411e-06
1.708505212589644376e-03,2.519547577923085709e-03,7.224072473601149016e-06,7.211582919887239160e-06,7.211582888474952008e-06
1.724321761432408024e-03,2.542872380817590410e-03,7.484617842387987269e-06,7.471558654545075771e-06,7.471558621755369897e-06
1.740284732548540419e-03,2.566413113919098141e-03,7.754459366134359990e-06,7.740804746020854508e-06,7.740804711723084399e-06
1.756395481447540260e-03,2.590171776209320396e-03,8.033924032324933908e-06,8.019647023696556965e-06,8.019646987737333424e-06
1.772655376187584706e-03,2.614150385175614908e-03,8.323350122199853104e-06,8.308422559279693805e-06,8.308422521578486022e-06
1.789065797491687761e-03,2.638350976982285247e-03,8.623087587649523969e-06,8.607480041451760029e-06,8.607480002059923611e-06
1.805628138864968446e-03,2.662775606643516275e-03,8.933498421261219230e-06,8.917180143608014235e-06,8.917180102488566029e-06
1.822343806712967400e-03,2.687426348197857837e-03,9.254957075571482695e-06,9.237895940635281684e-06,9.237895897625032323e-06
1.839214220461071964e-03,2.712305294884341262e-03,9.587850891721033387e-06,9.570013334992716838e-06,9.570013289900587548e-06
1.856240812675051272e-03,2.737414559320234739e-03,9.932580532529052217e-06,9.913931487118874764e-06,9.913931439844365085e-06
1.873425029182709594e-03,2.762756273680444519e-03,1.028956042439934907e-05,1.027006325456632373e-05,1.027006320517249696e-05
1.890768329196648809e-03,2.788332589878555860e-03,1.065921919043849360e-05,1.063883562227527167e-05,1.063883557071470413e-05
1.908272185438184259e-03,2.814145679749570968e-03,1.104200014260667062e-05,1.102069019167100838e-05,1.102069013774012755e-05
1.925938084262407901e-03,2.840197735234342626e-03,1.143836178445167344e-05,1.141608368022297374e-05,1.141608362368373457e-05
1.943767525784391827e-03,2.866490968565686172e-03,1.184877831862168266e-05,1.182548842566887518e-05,1.182548836639599812e-05
1.961762024006578117e-03,2.893027612456242244e-03,1.227374016326601579e-05,1.224939289900146087e-05,1.224939283707198186e-05
1.979923106947346564e-03,2.919809920288079022e-03,1.271375445243997314e-05,1.268830220138156374e-05,1.268830213673477254e-05
1.998252316770756602e-03,2.946840166304020951e-03,1.316934561633373325e-05,1.314273864059725813e-05,1.314273857297928372e-05
2.016751209917508076e-03,2.974120645800778541e-03,1.364105597230834508e-05,1.361324231818365277e-05,1.361324224729830298e-05
2.035421357237112219e-03,3.001653675323864064e-03,1.412944631875647356e-05,1.410037171923340430e-05,1.410037164492457942e-05
2.054264344121269764e-03,3.029441592864281878e-03,1.463509654050914432e-05,1.460470431359680839e-05,1.460470423595836645e-05
2.073281770638503701e-03,3.057486758057076631e-03,1.515860620146851167e-05,1.512683714419932614e-05,1.512683706315355356e-05
2.092475251670035397e-03,3.085791552381706836e-03,1.570059521917786230e-05,1.566738749697952889e-05,1.566738741220992842e-05
2.111846417046900175e-03,3.114358379364253349e-03,1.626170455290439326e-05,1.622699358415869442e-05,1.622699349529691516e-05
2.131396911688354830e-03,3.143189664781528662e-03,1.684259689778900057e-05,1.680631523340709761e-05,1.680631514025849137e-05
2.151128395741557994e-03,3.172287856867066647e-03,1.744395738896500705e-05,1.740603458679533405e-05,1.740603448947382339e-05
2.171042544722544612e-03,3.201655426519015718e-03,1.806649427661730548e-05,1.802685677058506411e-05,1.802685666899111927e-05
2.191141049658486273e-03,3.231294867509933687e-03,1.871093972360400148e-05,1.866951068713524326e-05,1.866951058087482112e-05
2.211425617231312438e-03,3.261208696698587525e-03,1.937805061505846996e-05,1.933474981857431440e-05,1.933474970718982065e-05
2.231897969922620999e-03,3.291399454243652649e-03,2.006860936829062093e-05,2.002335303057788620e-05,2.002335291382663235e-05
2.252559846159940624e-03,3.321869703819408000e-03,2.078342475203116905e-05,2.073612538526952212e-05,2.073612526328893758e-05
2.273413000464355720e-03,3.352622032833439941e-03,2.152333266355178250e-05,2.147389891189341679e-05,2.147389878455602309e-05
2.294459203599500102e-03,3.383659052646364931e-03,2.228919706438345724e-05,2.223753353550251532e-05,2.223753340231821583e-05
2.315700242721908941e-03,3.414983398793553643e-03,2.308191092726964147e-05,2.302791801662489466e-05,2.302791787702580120e-05
2.337137921532784091e-03,3.446597731208942382e-03,2.390239717948563288e-05,2.384597088706859612e-05,2.384597074075237214e-05
2.358774060431163659e-03,3.478504734450912298e-03,2.475160966295908440e-05,2.469264140224424763e-05,2.469264124937635256e-05
2.380610496668487605e-03,3.510707117930227713e-03,2.563053407200888411e-05,2.556891047091131022e-05,2.556891031132835478e-05
2.402649084504618771e-03,3.543207616140124638e-03,2.654018902402618138e-05,2.647579171728028677e-05,2.647579155037266813e-05
2.424891695365304599e-03,3.576008988888518692e-03,2.748162714899158614e-05,2.741433256162552123e-05,2.741433238668862995e-05
2.447340218001076931e-03,3.609114021532335449e-03,2.845593618720679529e-05,2.838561530880395604e-05,2.838561512546091667e-05
2.469996558647643246e-03,3.642525525214043887e-03,2.946424010197916965e-05,2.939075825139266516e-05,2.939075805984106337e-05
2.492862641187766279e-03,3.676246337100377761e-03,3.050770014885054925e-05,3.043091672917833549e-05,3.043091652920924554e-05
2.515940407314613391e-03,3.710279320623231444e-03,3.158751613284504838e-05,3.150728437586650501e-05,3.150728416672300469e-05
2.539231816696648110e-03,3.744627365722825660e-03,3.270492768226967019e-05,3.262109438195867438e-05,3.262109416276786576e-05
2.562738847144043017e-03,3.779293389093117510e-03,3.386121552371933424e-05,3.377362075847857933e-05,3.377362052877187022e-05
2.586463494776612693e-03,3.814280334429453502e-03,3.505770276241468135e-05,3.496617960565634670e-05,3.496617936566856851e-05
2.610407774193321782e-03,3.849591172678545371e-03,3.629575606511890228e-05,3.620013028408621886e-05,3.620013003355050202e-05
2.634573718643364731e-03,3.885228902290760455e-03,3.757678715259180660e-05,3.747687689420697133e-05,3.747687663218365813e-05
2.658963380198815438e-03,3.921196549474731397e-03,3.890225429748046072e-05,3.879786976078323314e-05,3.879786948619060152e-05
2.683578829928863312e-03,3.957497168454303382e-03,4.027366380142894997e-05,4.016460689623237629e-05,4.016460660848305295e-05
2.708422158075712936e-03,3.994133841727935154e-03,4.169257148203277095e-05,4.157863547332908981e-05,4.157863517269457253e-05
2.733495474232060587e-03,4.031109680330423675e-03,4.316058406539034482e-05,4.304155320332486115e-05,4.304155288946143074e-05
2.758800907520217449e-03,4.068427824097061753e-03,4.467936090076048605e-05,4.455501003479978299e-05,4.455500970654688233e-05
2.784340606772938050e-03,4.106091441930302330e-03,4.625061568474813121e-05,4.612070986150558770e-05,4.612070951753553669e-05
2.810116740715871107e-03,4.144103732068826242e-03,4.787611816980323447e-05,4.774041221404436586e-05,4.774041185364206541e-05
2.836131498151715606e-03,4.182467922359114042e-03,4.955769598187688706e-05,4.941593405984811101e-05,4.941593368334991452e-05
2.862387088146091645e-03,4.221187270529555731e-03,5.129723672424843278e-05,5.114915188791088003e-05,5.114915149488045033e-05
2.888885740215131268e-03,4.260265064467086242e-03,5.309668967360572206e-05,5.294200338637650193e-05,5.294200297535883292e-05
2.915629704514786230e-03,4.299704622496366632e-03,5.495806759809298756e-05,5.479648924115037445e-05,5.479648881046661295e-05
2.942621252031906061e-03,4.339509293661563023e-03,5.688344874080299748e-05,5.671467509884093791e-05,5.671467464754144480e-05
2.969862674777094640e-03,4.379682458010757118e-03,5.887497829349207229e-05,5.869869302085306529e-05,5.869869254926230162e-05
2.997356285979315815e-03,4.420227526882931045e-03,6.093486767953998958e-05,6.075074075299661359e-05,6.075074026055397229e-05
3.025104420282335223e-03,4.461147943197662710e-03,6.306539836137152520e-05,6.287308550507429976e-05,6.287308499005368355e-05
3.053109433942977069e-03,4.502447181747496092e-03,6.526892504881964807e-05,6.506806713231361844e-05,6.506806659277675165e-05
3.081373705031188910e-03,4.544128749492978674e-03,6.754787792903094200e-05,6.733810034056015887e-05,6.733809977549526404e-05
3.109899633631986460e-03,4.586196185860472695e-03,6.990476636439307476e-05,6.968567835395804238e-05,6.968567776388470984e-05
3.138689642049269715e-03,4.628653063042722018e-03,7.234218815901731752e-05,7.211338213189889704e-05,7.211338151608366403e-05
3.167746175011494376e-03,4.671502986302158988e-03,7.486282792193446286e-05,7.462387871660793417e-05,7.462387807271316593e-05
3.197071699879278778e-03,4.714749594277066642e-03,7.746945716602477642e-05,7.721992131052192595e-05,7.721992063581112331e-05
3.226668706854930301e-03,4.758396559290562454e-03,8.016493702063278413e-05,7.990435195808156144e-05,7.990435125086297599e-05
3.256539709193885610e-03,4.802447587662417479e-03,8.295221762781285321e-05,8.268010092144882498e-05,8.268010018193853821e-05
3.286687243418134115e-03,4.846906420023792440e-03,8.583432446827294726e-05,8.555017303036550002e-05,8.555017225768057833e-05
3.317113869531616421e-03,4.891776831634886413e-03,8.881437112508524688e-05,8.851766038042515488e-05,8.851765957221091445e-05
3.347822171237604255e-03,4.937062632705506784e-03,9.189556803393553544e-05,9.158575102900895991e-05,9.158575018277752267e-05
3.378814756158077508e-03,4.982767668718591711e-03,9.508122526168299776e-05,9.475773173838372677e-05,9.475773085310613064e-05
3.410094256055189437e-03,5.028895820756804774e-03,9.837476375728116426e-05,9.803699915993611123e-05,9.803699823673202535e-05
3.441663327054725070e-03,5.075451005832067389e-03,1.017797588265802688e-04,1.014271031237989863e-04,1.014271021613700785e-04
3.473524649871642146e-03,5.122437177218171211e-03,1.052999189206045219e-04,1.049317254670500830e-04,1.049317244611654712e-04
3.505680930037713677e-03,5.169858324786481829e-03,1.089390748069378879e-04,1.085546692104942616e-04,1.085546681559419421e-04
3.538134898131282957e-03,5.217718475344761478e-03,1.127011835914934658e-04,1.122998625324733452e-04,1.122998614254058910e-04
3.570889310009109363e-03,5.266021692979072633e-03,1.165903086686520058e-04,1.161713387591965666e-04,1.161713375988469588e-04
3.603946947040395990e-03,5.314772079398902109e-03,1.206105082815478853e-04,1.201731253122944660e-04,1.201731240976961927e-04
3.637310616342983097e-03,5.363973774285478793e-03,1.247659095495537451e-04,1.243093174423871741e-04,1.243093161716999782e-04
3.670983151021695642e-03,5.413630955643261577e-03,1.290607524835124726e-04,1.285841220495964772e-04,1.285841207212931787e-04
3.704967410408927745e-03,5.463747840154737148e-03,1.334993922160194048e-04,1.330018598707822120e-04,1.330018584850175536e-04
3.739266280307458872e-03,5.514328683538502474e-03,1.380863488320596656e-04,1.375670150802304462e-04,1.375670136387417805e-04
3.773882673235480489e-03,5.565377780910603367e-03,1.428265351179778197e-04,1.422844620964812867e-04,1.422844605956915327e-04
3.808819528673926431e-03,5.616899467149279179e-03,1.477251220648958694e-04,1.471593315324602627e-04,1.471593299636048656e-04
3.844079813316093538e-03,5.668898117263078060e-03,1.527874645807220230e-04,1.521969361402998860e-04,1.521969344933951326e-04
3.879666521319537383e-03,5.721378146762331508e-03,1.580191084843982421e-04,1.574027777244133073e-04,1.574027759930384169e-04
3.915582674560335458e-03,5.774344012034117457e-03,1.634257455759212884e-04,1.627825023398078133e-04,1.627825005244989509e-04
3.951831322889704824e-03,5.827800210720697136e-03,1.690129760453261464e-04,1.683416636329733830e-04,1.683416617338609239e-04
3.988415544392958159e-03,5.881751282101397964e-03,1.747864661656726494e-04,1.740858798750036240e-04,1.740858778897472095e-04
4.025338445650893625e-03,5.936201807478090793e-03,1.807520392505882465e-04,1.800209245033715366e-04,1.800209224288474175e-04
4.062603162003602941e-03,5.991156410564227666e-03,1.869156790229838723e-04,1.861527294244387943e-04,1.861527272586969788e-04
4.100212857816705470e-03,6.046619757877459179e-03,1.932835645824762961e-04,1.924874197776094305e-04,1.924874175203618190e-04
4.138170726750025653e-03,6.102596559135858335e-03,1.998622208127121957e-04,1.990314636313785001e-04,1.990314612772743380e-04
4.176479992028832647e-03,6.159091567657915683e-03,2.066584312356551485e-04,2.057915851244483327e-04,2.057915826632437256e-04
4.215143906717524168e-03,6.216109580766146156e-03,2.136791920277139459e-04,2.127747186066071821e-04,2.127747160271272039e-04
4.254165753995829170e-03,6.273655440194409079e-03,2.209317184895869207e-04,2.199880150099908175e-04,2.199880123048443537e-04
4.293548847437660305e-03,6.331734032499130443e-03,2.284234251220068027e-04,2.274388219414974759e-04,2.274388191100409711e-04
4.333296531292454845e-03,6.390350289474199322e-03,2.361618099432524179e-04,2.351345684535890935e-04,2.351345654933874297e-04
4.373412180769153251e-03,6.449509188569757870e-03,2.441545376044550468e-04,2.430828477330544506e-04,2.430828446382874135e-04
4.413899202322813659e-03,6.509215753314870172e-03,2.524094876223296558e-04,2.512914650460602037e-04,2.512914618103320036e-04
4.454761033943889156e-03,6.569475053744121967e-03,2.609347593399081100e-04,2.597684425988333536e-04,2.597684392184280771e-04
4.496001145450139250e-03,6.630292206828106161e-03,2.697387105653058117e-04,2.685220579154993159e-04,2.685220543902966167e-04
4.537623038781288254e-03,6.691672376907960643e-03,2.788301160748741440e-04,2.775610015008382527e-04,2.775609978236670550e-04
4.579630248296407205e-03,6.753620776133914191e-03,2.882180768354272054e-04,2.868942863703082664e-04,2.868942825267697689e-04
4.622026341074011481e-03,6.816142664907847391e-03,2.979119742055505275e-04,2.965312023634568807e-04,2.965311983374562649e-04
4.664814917214973010e-03,6.879243352329999540e-03,3.079214783497237723e-04,3.064813244161281795e-04,3.064813201964424892e-04
4.707999610148243599e-03,6.942928196649820680e-03,3.182565250880627084e-04,3.167544894191148645e-04,3.167544850035362847e-04
4.751584086939359894e-03,7.007202605720925376e-03,3.289271809560431899e-04,3.273606618455722809e-04,3.273606572294309900e-04
4.795572048601850525e-03,7.072072037460330404e-03,3.399437430519166485e-04,3.383100330258378475e-04,3.383100282001065616e-04
4.839967230411525503e-03,7.137542000311938167e-03,3.513167960945888057e-04,3.496130778199660490e-04,3.496130727752971563e-04
4.884773402223632245e-03,7.203618053714248501e-03,3.630572192356978098e-04,3.612805612828799392e-04,3.612805560142590047e-04
4.929994368792988378e-03,7.270305808572464536e-03,3.751762371763955081e-04,3.733235894020526125e-04,3.733235839097890133e-04
4.975633970097081797e-03,7.337610927734967460e-03,3.876856251148053231e-04,3.857538128498183430e-04,3.857538071231436747e-04
5.021696081662115410e-03,7.405539126474141101e-03,4.005975901868362920e-04,3.985833088634259803e-04,3.985833028799053352e-04
5.068184614892118009e-03,7.474096172971711992e-03,4.139247135373880053e-04,4.118245234652060023e-04,4.118245171985801122e-04
5.115103517401092641e-03,7.543287888808571963e-03,4.276799616462365820e-04,4.254902825813206414e-04,4.254902760108041581e-04
5.162456773348225031e-03,7.613120149459113618e-03,4.418766103327675704e-04,4.395937163037742746e-04,4.395937094212048362e-04
5.210248403776169407e-03,7.683598884790103847e-03,4.565278679636625603e-04,4.541478840115590102e-04,4.541478768111200347e-04
5.258482466952558304e-03,7.754730079564308744e-03,4.716471366543001321e-04,4.691660340939048102e-04,4.691660265684290164e-04
5.307163058714586303e-03,7.826519773948659164e-03,4.872481524125054893e-04,4.846617432070677201e-04,4.846617353491606325e-04
5.356294312816772644e-03,7.898974064027093969e-03,5.033449905251170852e-04,5.006489214827228307e-04,5.006489132857057638e-04
5.405880401282054520e-03,7.972099102318322070e-03,5.199521669535684407e-04,5.171419131990303251e-04,5.171419046547573971e-04
5.455925534756015868e-03,8.045901098298209250e-03,5.370850657388261378e-04,5.341559215691950042e-04,5.341559126558845932e-04
5.506433962864433831e-03,8.120386318927051705e-03,5.547596718125033521e-04,5.517067427911169237e-04,5.517067334759488207e-04
5.557409974574149814e-03,8.195561089181757977e-03,5.729924383226242144e-04,5.698106339098009746e-04,5.698106241582539654e-04
5.608857898557285948e-03,8.271431792592959242e-03,5.918002998482729121e-04,5.884843257521892327e-04,5.884843155389664956e-04
5.660782103558790503e-03,8.348004871787037540e-03,6.112006239395859812e-04,6.077449745437133203e-04,6.077449638597021359e-04
5.713186998767421504e-03,8.425286829033212452e-03,6.312109549725021139e-04,6.276099070904855165e-04,6.276098959247947487e-04
5.766077034190182464e-03,8.503284226795726139e-03,6.518492041628084306e-04,6.480968095156899650e-04,6.480967978508832576e-04
5.819456701030159031e-03,8.582003688291046928e-03,6.731337520540012350e-04,6.692238289363480969e-04,6.692238167516804340e-04
5.873330532067910087e-03,8.661451898050301357e-03,6.950834584553264219e-04,6.910095831200720011e-04,6.910095703948865124e-04
5.927703102046395951e-03,8.741635602486941617e-03,7.177176999874869054e-04,7.134731975712141133e-04,7.134731842859404075e-04
5.982579028059404648e-03,8.822561610469552978e-03,7.410564988431974634e-04,7.366344332450430396e-04,7.366344193725089503e-04
6.037962969943637577e-03,8.904236793900070085e-03,7.651204552663767823e-04,7.605136191689694470e-04,7.605136046750397361e-04
6.093859630674423357e-03,8.986668088297334461e-03,7.899307195239985363e-04,7.851316243232882731e-04,7.851316091718895827e-04
6.150273756765033822e-03,9.069862493385981092e-03,8.155090045897164797e-04,8.105098699771574270e-04,8.105098541356827021e-04
6.207210138669760902e-03,9.153827073690843155e-03,8.418775759798928938e-04,8.366703193157495931e-04,8.366703027584781972e-04
6.264673611190718812e-03,9.238568959136880115e-03,8.690591663872669626e-04,8.636353923556763443e-04,8.636353750564006171e-04
6.322669053888357697e-03,9.324095345654559788e-03,8.970770540985671280e-04,8.914280435892252101e-04,8.914280255188013636e-04
6.381201391495837025e-03,9.410413495790940705e-03,9.259551082704744075e-04,9.200718066748606516e-04,9.200717878012981080e-04
6.440275594337221444e-03,9.497530739326383656e-03,9.557178008701527720e-04,9.495908059948722372e-04,9.495907862826198989e-04
6.499896678749540746e-03,9.585454473896977412e-03,9.863902264634842165e-04,9.800097759977818759e-04,9.800097554073356441e-04
6.560069707508704370e-03,9.674192165622628320e-03,1.017998147096315590e-03,1.011354105449097270e-03,1.011354083941262694e-03
6.620799790259493389e-03,9.763751349741178059e-03,1.050567982774165731e-03,1.043649827633978504e-03,1.043649805169766373e-03
6.682092083949403571e-03,9.854139631248197417e-03,1.084126813346494682e-03,1.076923621882615529e-03,1.076923598419921068e-03
6.743951793266546833e-03,9.945364685542761388e-03,1.118702391581553055e-03,1.111202826200770495e-03,1.111202801689406420e-03
6.806384171081621484e-03,1.003743425907922295e-02,1.154323140078532392e-03,1.146515433841464784e-03,1.146515408222241895e-03
6.869394518893988562e-03,1.013035617002505315e-02,1.191018096393619934e-03,1.182890038457095824e-03,1.182890011683126932e-03
6.932988187281809156e-03,1.022413830892465562e-02,1.228816972260950548e-03,1.220355892536488518e-03,1.220355864573046626e-03
6.997170576356416191e-03,1.031878863936943821e-02,1.267750188910324229e-03,1.258942942084041510e-03,1.258942912896440607e-03
7.061947136220890313e-03,1.041431519867407410e-02,1.307848889481715406e-03,1.298681838544161072e-03,1.298681808081834834e-03
7.127323367432815589e-03,1.051072609855893680e-02,1.349144979546826719e-03,1.339603978612210772e-03,1.339603946800079284e-03
7.193304821471390234e-03,1.060802952583894676e-02,1.391671255988701514e-03,1.381741631716972918e-03,1.381741598491472442e-03
7.259897101208849859e-03,1.070623374311878775e-02,1.435461340684186663e-03,1.425127873724654900e-03,1.425127839034547560e-03
7.327105861386203241e-03,1.080534708949447420e-02,1.480549655971447574e-03,1.469796562128175381e-03,1.469796525914881082e-03
7.394936809093428931e-03,1.090537798126150863e-02,1.526971439199299556e-03,1.515782350019615528e-03,1.515782312192171010e-03
7.463395704254117968e-03,1.100633491262957911e-02,1.574762660748412531e-03,1.563120604273003037e-03,1.563120564703722893e-03
7.532488360114540996e-03,1.110822645644379998e-02,1.623959642059825135e-03,1.611847026120468221e-03,1.611846984738735111e-03
7.602220643737307194e-03,1.121106126491270769e-02,1.674599341177887080e-03,1.661997934107044663e-03,1.661997890897864072e-03
7.672598476499591612e-03,1.131484807034300460e-02,1.726719493276994812e-03,1.713610403062428445e-03,1.713610358015782995e-03
7.743627834595910066e-03,1.141959568588100590e-02,1.780358618678084788e-03,1.766722271565649175e-03,1.766722224613429502e-03
7.815314749545616835e-03,1.152531300626104781e-02,1.835556163912099512e-03,1.821372281361659804e-03,1.821372232343654004e-03
7.887665308705089570e-03,1.163200900856081570e-02,1.892353051316108094e-03,1.877600621878712907e-03,1.877600570675809879e-03
7.960685655784633524e-03,1.173969275296362323e-02,1.950791312862765105e-03,1.935448566326555082e-03,1.935448512873241692e-03
8.034381991370131981e-03,1.184837338352769803e-02,2.010913925659736385e-03,1.994958307928702303e-03,1.994958252158125344e-03
8.108760573449658865e-03,1.195806012896277574e-02,2.072764827415376609e-03,2.056172974665130930e-03,2.056172916441036114e-03
8.183827717944843622e-03,1.206876230341371974e-02,2.136388795184557005e-03,2.119136508446914976e-03,2.119136447543736642e-03
8.259589799247138431e-03,1.218048930725134683e-02,2.201830910270002710e-03,2.183893134060237422e-03,2.183893070371183825e-03
8.336053250759202851e-03,1.229325062787081993e-02,2.269136956006730967e-03,2.250487753131168341e-03,2.250487686661932843e-03
8.413224565441147426e-03,1.240705584049719284e-02,2.338353606539047332e-03,2.318966130725270015e-03,2.318966061478412635e-03
8.491110296361879112e-03,1.252191460899849430e-02,2.409528433264073680e-03,2.389374901132008955e-03,2.389374828965406400e-03
8.569717057255578016e-03,1.263783668670635275e-02,2.482709926491008089e-03,2.461761588719201237e-03,2.461761513289251625e-03
8.649051523083333207e-03,1.275483191724426091e-02,2.557947563516935890e-03,2.536174674768355754e-03,2.536174595895498290e-03
8.729120430599899422e-03,1.287291023536336725e-02,2.635291769732221213e-03,2.612663558272681000e-03,2.612663475955070373e-03
8.809930578925786321e-03,1.299208166778614663e-02,2.714793903384848332e-03,2.691278540189221552e-03,2.691278454434565138e-03
8.891488830124631704e-03,1.311235633405785465e-02,2.796506260407497901e-03,2.772070827569152705e-03,2.772070738189659315e-03
8.973802109785850023e-03,1.323374444740576562e-02,2.880482105467856851e-03,2.855092563657691748e-03,2.855092470188292861e-03
9.056877407612748745e-03,1.335625631560647189e-02,2.966775781328726599e-03,2.940396935543123941e-03,2.940396837764788600e-03
9.140721778016095214e-03,1.347990234186122183e-02,3.055442637295931966e-03,3.028038102554186321e-03,3.028038000511785750e-03
9.225342340713094114e-03,1.360469302567924102e-02,3.146538998619862089e-03,3.118071165248242644e-03,3.118071059010365641e-03
9.310746281331985438e-03,1.373063896376933331e-02,3.240122169896843349e-03,3.210552168080183649e-03,3.210552057447546483e-03
9.396940852022254292e-03,1.385775085093976337e-02,3.336250437985627607e-03,3.305538101584612910e-03,3.305537985969787037e-03
9.483933372070395273e-03,1.398603948100633418e-02,3.434983074679113114e-03,3.403086904309730008e-03,3.403086783446493055e-03
9.571731228521456955e-03,1.411551574770897495e-02,3.536380337717107743e-03,3.503257463103352180e-03,3.503257337048057505e-03
9.660341876806356060e-03,1.424619064563686054e-02,3.640503471299198681e-03,3.606109612899965726e-03,3.606109481675735026e-03
9.749772841374907545e-03,1.437807527116193376e-02,3.747414706023988965e-03,3.711704135936614093e-03,3.711703999104093953e-03
9.840031716334782241e-03,1.451118082338118467e-02,3.857176846789057197e-03,3.820102353147278047e-03,3.820102209689210573e-03
9.931126166096405916e-03,1.464551860506769707e-02,3.969851680545435045e-03,3.931364547838391531e-03,3.931364397444998479e-03
1.002306392602375813e-02,1.478110002363037558e-02,4.085501116917218158e-03,4.045551094629406402e-03,4.045550937700111323e-03
1.011585280309120968e-02,1.491793659208259792e-02,4.204187678835437370e-03,4.162722944622278612e-03,4.162722781645137281e-03
1.020950067654649053e-02,1.505603993001989466e-02,4.325974474771080748e-03,4.282941597404675386e-03,4.282941428207437569e-03
1.030401549857974143e-02,1.519542176460660782e-02,4.450926042687279073e-03,4.406269935451576428e-03,4.406269758835712133e-03
1.039940529499882096e-02,1.533609393157177488e-02,4.579111663273120747e-03,4.532775500616563133e-03,4.532775315934788052e-03
1.049567816591076563e-02,1.547806837621407659e-02,4.710602899967605145e-03,4.662528058460390160e-03,4.662527865750753717e-03
1.059284228640964415e-02,1.562135715441622698e-02,4.845472526576652048e-03,4.795598536311646877e-03,4.795598335696992648e-03
1.069090590727078335e-02,1.576597243366875331e-02,4.983794536530379744e-03,4.932059031579067408e-03,4.932058822547245175e-03
1.078987735565132590e-02,1.591192649410311938e-02,5.125643635600262565e-03,5.071982309312370908e-03,5.071982090478580410e-03
1.088976503579740934e-02,1.605923172953459613e-02,5.271093293949094365e-03,5.215439875709596516e-03,5.215439646701821967e-03
1.099057742975775680e-02,1.620790064851460738e-02,5.420217186801266906e-03,5.362503402764337741e-03,5.362503164118747473e-03
1.109232309810395667e-02,1.635794587539294437e-02,5.573089807187012364e-03,5.513245333668371530e-03,5.513245085775552411e-03
1.119501068065744190e-02,1.650938015138982487e-02,5.729786446862632568e-03,5.667738863371745046e-03,5.667738605219050513e-03
1.129864889722306462e-02,1.666221633567772226e-02,5.890382257585628605e-03,5.826057010311154645e-03,5.826056739180114283e-03
1.140324654832958889e-02,1.681646740647336352e-02,6.054948785283432999e-03,5.988269191557325614e-03,5.988268906784810150e-03
1.150881251597702347e-02,1.697214646213983727e-02,6.223556490587113348e-03,6.154443715081400236e-03,6.154443418029230915e-03
1.161535576439078413e-02,1.712926672229875269e-02,6.396275785437170909e-03,6.324648804422764933e-03,6.324648496676740957e-03
1.172288534078292158e-02,1.728784152895284157e-02,6.573176961239777898e-03,6.498952527755508246e-03,6.498952208970060554e-03
1.183141037612042007e-02,1.744788434761896517e-02,6.754331471876714489e-03,6.677424065264931860e-03,6.677423732211519754e-03
1.194094008590047308e-02,1.760940876847142539e-02,6.939816896690887034e-03,6.860138610122652920e-03,6.860138261415136066e-03
1.205148377093311594e-02,1.777242850749611441e-02,7.129713098458912227e-03,7.047173571143919811e-03,7.047173207466949328e-03
1.216305081813094137e-02,1.793695740765512484e-02,7.324100586682137821e-03,7.238606955512052153e-03,7.238606577672046342e-03
1.227565070130621702e-02,1.810300944006225723e-02,7.523060491634644270e-03,7.434517342895690870e-03,7.434516949506222300e-03
1.238929298197541211e-02,1.827059870516946002e-02,7.726673907355943727e-03,7.634983236659986447e-03,7.634982823447044285e-03
1.250398731017104276e-02,1.843973943396408008e-02,7.935019549709862452e-03,7.840080752451170087e-03,7.840080318448088351e-03
1.261974342526115019e-02,1.861044598917733356e-02,8.148175468420603210e-03,8.049885309476737319e-03,8.049884856930688073e-03
1.273657115677636481e-02,1.878273286650400387e-02,8.366219726036240936e-03,8.264472301210204486e-03,8.264471832589543113e-03
1.285448042524451641e-02,1.895661469583323488e-02,8.589230337415454733e-03,8.483917036034689663e-03,8.483916550478590862e-03
1.297348124303307655e-02,1.913210624249089484e-02,8.817285710281862199e-03,8.708295172328895523e-03,8.708294664316183764e-03
1.309358371519941423e-02,1.930922240849345869e-02,9.050466409922956756e-03,8.937684459511178667e-03,8.937683927236856826e-03
1.321479804034877623e-02,1.948797823381326691e-02,9.288853699637498670e-03,9.172163297649804647e-03,9.172162743011601227e-03
1.333713451150042410e-02,1.966838889765583701e-02,9.532528909338837050e-03,9.411810114917153539e-03,9.411809539615642248e-03
1.346060351696157405e-02,1.985046971974866944e-02,9.781573383426995019e-03,9.656703316781338128e-03,9.656702717718540496e-03
1.358521554120957313e-02,2.003423616164219656e-02,1.003606669917138892e-02,9.906919530081692224e-03,9.906918898300216131e-03
1.371098116578223745e-02,2.021970382802276353e-02,1.029608039768562314e-02,1.016252742462697180e-02,1.016252675857183367e-02
1.383791107017631576e-02,2.040688846803762752e-02,1.056168269832808045e-02,1.042359236621451593e-02,1.042359167146614252e-02
1.396601603275437510e-02,2.059580597663231843e-02,1.083294034126397985e-02,1.069017823579727737e-02,1.069017751876489598e-02
1.409530693166011553e-02,2.078647239590047935e-02,1.110991845996634614e-02,1.096234730594885382e-02,1.096234656640921595e-02
1.422579474574199761e-02,2.097890391644594704e-02,1.139268421821786927e-02,1.124016382683473182e-02,1.124016305468330222e-02
1.435749055548557127e-02,2.117311687875766263e-02,1.168132008204595014e-02,1.152370710184019362e-02,1.152370629275920218e-02
1.449040554395442798e-02,2.136912777459729768e-02,1.197591327857057235e-02,1.181306109518581379e-02,1.181306025136890508e-02
1.462455099773972596e-02,2.156695324839953687e-02,1.227655155413387607e-02,1.210831025219615865e-02,1.210830937616954803e-02
1.475993830791865261e-02,2.176661009868552030e-02,1.258332316206884141e-02,1.240953948837632097e-02,1.240953857577912871e-02
1.489657897102175145e-02,2.196811527948938289e-02,1.289631369803739824e-02,1.271683107449100673e-02,1.271683011245892253e-02
1.503448459000905103e-02,2.217148590179774531e-02,1.321559499237381051e-02,1.303025370415246409e-02,1.303025269140405812e-02
1.517366687525546071e-02,2.237673923500289180e-02,1.354123379380648556e-02,1.334987105332470156e-02,1.334986999872464497e-02
1.531413764554507076e-02,2.258389270836907645e-02,1.387329514405108953e-02,1.367574510742889174e-02,1.367574401921116053e-02
1.545590882907478363e-02,2.279296391251258228e-02,1.421184225999701407e-02,1.400793604889767272e-02,1.400793492203900557e-02
1.559899246446726923e-02,2.300397060089554371e-02,1.455693704832488125e-02,1.434650276730298733e-02,1.434650157995998217e-02
1.574340070179313517e-02,2.321693069133333454e-02,1.490864219346930974e-02,1.469150491715566498e-02,1.469150366365141319e-02
1.588914580360270210e-02,2.343186226751614934e-02,1.526701928113114240e-02,1.504300107426896627e-02,1.504299976548129428e-02
1.603624014596735300e-02,2.364878358054468832e-02,1.563212799591310459e-02,1.540104795034863590e-02,1.540104659988583008e-02
1.618469621953034024e-02,2.386771305047978228e-02,1.600402601025342417e-02,1.576570028829988104e-02,1.576569889632484928e-02
1.633452663056750298e-02,2.408866926790665525e-02,1.638277319741216279e-02,1.613701500954937626e-02,1.613701355603928966e-02
1.648574410205777899e-02,2.431167099551360955e-02,1.676844641009579695e-02,1.651506574520269707e-02,1.651506422306418462e-02
1.663836147476349323e-02,2.453673716968513691e-02,1.716112744398354956e-02,1.689993099570265278e-02,1.689992941061982043e-02
1.679239170832083974e-02,2.476388690211006952e-02,1.756089838116630178e-02,1.729168955431412830e-02,1.729168790990824253e-02
1.694784788234027575e-02,2.499313948140432715e-02,1.796784159065155373e-02,1.769042051130977067e-02,1.769041879202527812e-02
1.710474319751721997e-02,2.522451437474888467e-02,1.838203243536076434e-02,1.809619609231257267e-02,1.809619426193588218e-02
1.726309097675306214e-02,2.545803122954293229e-02,1.880351444866631971e-02,1.850905728206735795e-02,1.850905533852983606e-02
1.742290466628638318e-02,2.569370987507208631e-02,1.923231941389216479e-02,1.892903357598577779e-02,1.892903154818216180e-02
1.758419783683479523e-02,2.593157032419229208e-02,1.966847491801319500e-02,1.935615041272647011e-02,1.935614833339701843e-02
1.774698418474738443e-02,2.617163277502932220e-02,2.011200416576666011e-02,1.979042900061158544e-02,1.979042687473343137e-02
1.791127753316762092e-02,2.641391761269373112e-02,2.056293812019316380e-02,2.023189824607034282e-02,2.023189603656666211e-02
1.807709183320723237e-02,2.665844541101199117e-02,2.102135675762672323e-02,2.068063524951448823e-02,2.068063293730976887e-02
1.824444116513092295e-02,2.690523693427359156e-02,2.148735498091645241e-02,2.113673181887509508e-02,2.113672940645839465e-02
1.841333973955187539e-02,2.715431313899406215e-02,2.196102983758960528e-02,2.160028192138202519e-02,2.160027941168280244e-02
1.858380189863862580e-02,2.740569517569477198e-02,2.244248061391675847e-02,2.207138178050011001e-02,2.207137915288973767e-02
1.875584211733278411e-02,2.765940439069869070e-02,2.293180061680138299e-02,2.255012181922514888e-02,2.255011902716261285e-02
1.892947500457826254e-02,2.791546232794316768e-02,2.342904970760518318e-02,2.303655973353034223e-02,2.303655677693771872e-02
1.910471530456186312e-02,2.817389073080941303e-02,2.393427721100244848e-02,2.353074299231530664e-02,2.353073991087503009e-02
1.928157789796516863e-02,2.843471154396868747e-02,2.444753036257115222e-02,2.403271713683082303e-02,2.403271397173276092e-02
1.946007780322820194e-02,2.869794691524583594e-02,2.496885423109376778e-02,2.454252571494531729e-02,2.454252246490990289e-02
1.964023017782481201e-02,2.896361919750008868e-02,2.549830075254438597e-02,2.506021914644434787e-02,2.506021575172118210e-02
1.982205031954963753e-02,2.923175095052298403e-02,2.603595834175083737e-02,2.558588374458103595e-02,2.558588018039258463e-02
2.000555366781721703e-02,2.950236494295415887e-02,2.658192691949745959e-02,2.611961722682394627e-02,2.611961350622874628e-02
2.019075580497307551e-02,2.977548415421482630e-02,2.713630889121685513e-02,2.666151987746605279e-02,2.666151601701659615e-02
2.037767245761681542e-02,3.005113177645895098e-02,2.769920925274451523e-02,2.721169465919406893e-02,2.721169064020983672e-02
2.056631949793760045e-02,3.032933121654269107e-02,2.827073350458982406e-02,2.777024517894608954e-02,2.777024093921132489e-02
2.075671294506201831e-02,3.061010609801211729e-02,2.885098078190825865e-02,2.833726897221540073e-02,2.833726450295065771e-02
2.094886896641422191e-02,3.089348026310901121e-02,2.944004991837920887e-02,2.891286345616033565e-02,2.891285879611849019e-02
2.114280387908896303e-02,3.117947777479569693e-02,3.003804164611891328e-02,2.949712809509515490e-02,2.949712328495609701e-02
2.133853415123702219e-02,3.146812291879814288e-02,3.064505867337069187e-02,3.009016448746119551e-02,3.009015951844729725e-02
2.153607640346368382e-02,3.175944020566831560e-02,3.126121275422328455e-02,3.069208329393359469e-02,3.069207809209905172e-02
2.173544741024014890e-02,3.205345437286557381e-02,3.188664622494795375e-02,3.130302530917646042e-02,3.130301984630717849e-02
2.193666410132783656e-02,3.235019038685715137e-02,3.252151339660224599e-02,3.192314325002208741e-02,3.192313754543575632e-02
2.213974356321602929e-02,3.264967344523820453e-02,3.316597434529373195e-02,3.255259568687908500e-02,3.255258976807347271e-02
2.234470304057288234e-02,3.295192897887166961e-02,3.382019512950463352e-02,3.319154726571244690e-02,3.319154112509463406e-02
2.255155993770961709e-02,3.325698265404750803e-02,3.448435319149015937e-02,3.384017399738660503e-02,3.384016757836342398e-02
2.276033182005850197e-02,3.356486037466229616e-02,3.515865259354566952e-02,3.449867815245782204e-02,3.449867143216460430e-02
2.297103641566449264e-02,3.387558828441895181e-02,3.584331075295447283e-02,3.516727529181237072e-02,3.516726828029258928e-02
2.318369161669046885e-02,3.418919276904655580e-02,3.653855440579540509e-02,3.584619032807808553e-02,3.584618303852569327e-02
2.339831548093675856e-02,3.450570045854115669e-02,3.724461995083455657e-02,3.653565787008046517e-02,3.653565028763804817e-02
2.361492623337435245e-02,3.482513822942685799e-02,3.796175617862575236e-02,3.723592489657820415e-02,3.723591697136606482e-02
2.383354226769256526e-02,3.514753320703814521e-02,3.869023090261976966e-02,3.794725723684095470e-02,3.794724894523361647e-02
2.405418214786103973e-02,3.547291276782338354e-02,3.943032541958680498e-02,3.866993416445827642e-02,3.866992550966470710e-02
2.427686460970596150e-02,3.580130454166931264e-02,4.018233319937963149e-02,3.940424712556543640e-02,3.940423812071251752e-02
2.450160856250109889e-02,3.613273641424730176e-02,4.094656033802622497e-02,4.015050018972171619e-02,4.015049084219370068e-02
2.472843309057358788e-02,3.646723652938149013e-02,4.172333482889992173e-02,4.090901910278878228e-02,4.090900939982859696e-02
2.495735745492434071e-02,3.680483329143834081e-02,4.251302697612679982e-02,4.168017119607542870e-02,4.168016109980263867e-02
2.518840109486367509e-02,3.714555536773878758e-02,4.331602955255689502e-02,4.246434601919758106e-02,4.246433547931344893e-02
2.542158362966210824e-02,3.748943169099263478e-02,4.413275328744901277e-02,4.326195094200950553e-02,4.326193991698205898e-02
2.565692486021616328e-02,3.783649146175514094e-02,4.496362756064736788e-02,4.407341183736842444e-02,4.407340032340995029e-02
2.589444477072998241e-02,3.818676415090691695e-02,4.580910342174863287e-02,4.489917602946608133e-02,4.489916405000764221e-02
2.613416353041211893e-02,3.854027950215619530e-02,4.666965840015261519e-02,4.573971698403508923e-02,4.573970450604469135e-02
2.637610149518830951e-02,3.889706753456467769e-02,4.754579260781265082e-02,4.659553051212932118e-02,4.659551747576924641e-02
2.662027920943008108e-02,3.925715854509671116e-02,4.843802864557170129e-02,4.746713468371703548e-02,4.746712106497484596e-02
2.686671740769915745e-02,3.962058311119179277e-02,4.934691263401180805e-02,4.835507083723021571e-02,4.835505672341144229e-02
2.711543701650820370e-02,3.998737209336115928e-02,5.027303482143057750e-02,4.925992364547242264e-02,4.925990915530382291e-02
2.736645915609792201e-02,4.035755663780846852e-02,5.121705366949892702e-02,5.018234454090525487e-02,5.018232958073699096e-02
2.761980514223032548e-02,4.073116817907435766e-02,5.217966386899375308e-02,5.112302055581854215e-02,5.112300490716505802e-02
2.787549648799886315e-02,4.110823844270588417e-02,5.316159287718833643e-02,5.208267094940217945e-02,5.208265442484114743e-02
2.813355490565530928e-02,4.148879944795060698e-02,5.416360141397899564e-02,5.306204769069248345e-02,5.306203031130106440e-02
2.839400230845331302e-02,4.187288351047531443e-02,5.518643844844522972e-02,5.406189169139103551e-02,5.406187359617999066e-02
2.865686081250926054e-02,4.226052324511024583e-02,5.623081668667665595e-02,5.508290902834193231e-02,5.508289020231809524e-02
2.892215273868036993e-02,4.265175156861874400e-02,5.729747305238718641e-02,5.612582980542617922e-02,5.612581017065526590e-02
2.918990061445988701e-02,4.304660170249208911e-02,5.838717510721493781e-02,5.719141440898790896e-02,5.719139396809708176e-02
2.946012717589026331e-02,4.344510717577092229e-02,5.950072579743952844e-02,5.828045813098031019e-02,5.828043710558959006e-02
2.973285536949359445e-02,4.384730182789203790e-02,6.063902878302419863e-02,5.939385462933617632e-02,5.939383311560330475e-02
3.000810835422023509e-02,4.425321981156206397e-02,6.180308953465708799e-02,6.053259693318142898e-02,6.053257465265957787e-02
3.028590950341545143e-02,4.466289559565764927e-02,6.299396255837835801e-02,6.169772614798411242e-02,6.169770270840348181e-02
3.056628240680400732e-02,4.507636396815219854e-02,6.421275153994419893e-02,6.289033159666393424e-02,6.289030681125919175e-02
3.084925087249339865e-02,4.549366003907004408e-02,6.546059297516956810e-02,6.411153493842901285e-02,6.411150907748144889e-02
3.113483892899563191e-02,4.591481924346797056e-02,6.673852767416346699e-02,6.536236552983430703e-02,6.536233879107719580e-02
3.142307082726743944e-02,4.633987734444394019e-02,6.804756921023652483e-02,6.664382698497406388e-02,6.664379927829948425e-02
3.171397104276965639e-02,4.676887043617409395e-02,6.938877063349466190e-02,6.795696196707678993e-02,6.795693308190813020e-02
3.200756427754569006e-02,4.720183494697786225e-02,7.076322655806702167e-02,6.930285423985323157e-02,6.930282403659278334e-02
3.230387546231887341e-02,4.763880764241096299e-02,7.217203929387669414e-02,7.068259586776833026e-02,7.068256437188751018e-02
3.260292975860973330e-02,4.807982562838774426e-02,7.361624611211436964e-02,7.209721679828963448e-02,7.209718401203391025e-02
3.290475256087240646e-02,4.852492635433181684e-02,7.509689979225654677e-02,7.354776305407854931e-02,7.354772897188922853e-02
3.320936949865109511e-02,4.897414761635613539e-02,7.661508848491957457e-02,7.503531604239201125e-02,7.503528072695953011e-02
3.351680643875652732e-02,4.942752756047268103e-02,7.817194007024808045e-02,7.656099682806991047e-02,7.656096047611504751e-02
3.382708948746228350e-02,4.988510468583141205e-02,7.976869184154326831e-02,7.812603365808025446e-02,7.812599633451314252e-02
3.414024499272171054e-02,5.034691784798954461e-02,8.140669905618595770e-02,7.973177022505373301e-02,7.973173164795574475e-02
3.445629954640538201e-02,5.081300626221114947e-02,8.308737360240513181e-02,8.137960629020840608e-02,8.137956599383389111e-02
3.477527998655897956e-02,5.128340950679689814e-02,8.481218342018850831e-02,8.307099717825544571e-02,8.307095470765847589e-02
3.509721339968235876e-02,5.175816752644500640e-02,8.658253417016144315e-02,8.480733936097181735e-02,8.480729454239022136e-02
3.542212712302975075e-02,5.223732063564334033e-02,8.839936687419244765e-02,8.658958146089076879e-02,8.658953466076106664e-02
3.575004874693082924e-02,5.272090952209235876e-02,9.026349454289368801e-02,8.841855037394213968e-02,8.841850215775889921e-02
3.608100611713393330e-02,5.320897525016064084e-02,9.217572735279699891e-02,9.029507254617361034e-02,9.029502315217674546e-02
3.641502733717027346e-02,5.370155926437143734e-02,9.413687026286911286e-02,9.221997179700723579e-02,9.221992062520667499e-02
3.675214077074055036e-02,5.419870339292220951e-02,9.614770654711508879e-02,9.419405353709431328e-02,9.419400003096323193e-02
3.709237504412353503e-02,5.470044985123659331e-02,9.820899662570650723e-02,9.621810379122595902e-02,9.621804816866451338e-02
3.743575904860672182e-02,5.520684124554891409e-02,1.003214883132680091e-01,9.829289925603305889e-02,9.829284195196727469e-02
3.778232194293972696e-02,5.571792057652222990e-02,1.024859151670815538e-01,1.004192058548057376e-01,1.004191468464725456e-01
3.813209315581046754e-02,5.623373124289996611e-02,1.047029887695730133e-01,1.025977714391835965e-01,1.025977102773802524e-01
3.848510238834389197e-02,5.675431704519081494e-02,1.069733893561362059e-01,1.048293169040406952e-01,1.048292536572576761e-01
3.884137961662419147e-02,5.727972218938827409e-02,1.092977730183573998e-01,1.071145433170424682e-01,1.071144780523155260e-01
3.920095509424033342e-02,5.780999129072456749e-02,1.116767706431263385e-01,1.094541310659535166e-01,1.094540630261544717e-01
3.956385935485486061e-02,5.834516937745886506e-02,1.141107979917382470e-01,1.118485567324720709e-01,1.118484843246257271e-01
3.993012321479692817e-02,5.888530189470126547e-02,1.165993506601012419e-01,1.142974130537220273e-01,1.142973367661993395e-01
4.029977777567887720e-02,5.943043470827145958e-02,1.191415429560719608e-01,1.167999296769307166e-01,1.167998514699117307e-01
4.067285442703733045e-02,5.998061410859361481e-02,1.217363321083639593e-01,1.193551898351197932e-01,1.193551110508228041e-01
4.104938484899882389e-02,6.053588681462737653e-02,1.243826023899688438e-01,1.219622116927622096e-01,1.219621312783751577e-01
4.142940101496966898e-02,6.109629997783463939e-02,1.270798331068850873e-01,1.246205927159421134e-01,1.246205096104982812e-01
4.181293519435116263e-02,6.166190118618369159e-02,1.298277672762840063e-01,1.273301898837207180e-01,1.273301038758959114e-01
4.220001995527986050e-02,6.223273846819032257e-02,1.326260668470032322e-01,1.300907872110368957e-01,1.300906977062890046e-01
4.259068816739290664e-02,6.280886029699588036e-02,1.354742146452419527e-01,1.329020013967411318e-01,1.329019064520595705e-01
4.298497300461929377e-02,6.339031559448354836e-02,1.383705090553384587e-01,1.357623129789130578e-01,1.357622126621824965e-01
4.338290794799699868e-02,6.397715373543282069e-02,1.413123383821094092e-01,1.386693315542019134e-01,1.386692285082139486e-01
4.378452678851577767e-02,6.456942455171180151e-02,1.442968137077175750e-01,1.416204062443199019e-01,1.416203023219032575e-01
4.418986362998670453e-02,6.516717833650892411e-02,1.473208099644943148e-01,1.446126654665399192e-01,1.446125584030557576e-01
4.459895289193826357e-02,6.577046584860384015e-02,1.503814732492605444e-01,1.476435059124651950e-01,1.476433937681690400e-01
4.501182931253876196e-02,6.637933831667712503e-02,1.534761109852383898e-01,1.507104866496475348e-01,1.507103706909918295e-01
4.542852795154656009e-02,6.699384744366104760e-02,1.566018210525766119e-01,1.538109718517105262e-01,1.538108533076411044e-01
4.584908419328686396e-02,6.761404541112941979e-02,1.597554915499739547e-01,1.569421307630224915e-01,1.569420075316846075e-01
4.627353374965653687e-02,6.823998488372885751e-02,1.629339559222904021e-01,1.601010873133930368e-01,1.601009584153563758e-01
4.670191266315677076e-02,6.887171901365103655e-02,1.661339509581715446e-01,1.632848798149956482e-01,1.632847473335735378e-01
4.713425730995337432e-02,6.950930144514580467e-02,1.693520052707871981e-01,1.664903537601910843e-01,1.664902183774496780e-01
4.757060440296582288e-02,7.015278631907656548e-02,1.725843981209106703e-01,1.697141224332231468e-01,1.697139795381579774e-01
4.801099099498492423e-02,7.080222827751794790e-02,1.758268249003175077e-01,1.729522451507464753e-01,1.729520938954385856e-01
4.845545448181888537e-02,7.145768246839534488e-02,1.790745249689776331e-01,1.762003508237958427e-01,1.762001960451121674e-01
4.890403260546895975e-02,7.211920455016805620e-02,1.823224756595346052e-01,1.794538251885104962e-01,1.794536695802265158e-01
4.935676345733450154e-02,7.278685069655581319e-02,1.855655628071934127e-01,1.827079753887219937e-01,1.827078133709578445e-01
4.981368548144716329e-02,7.346067760130829682e-02,1.887995495146741753e-01,1.859589627218483643e-01,1.859587929038504506e-01
5.027483747773582590e-02,7.414074248301993908e-02,1.920204978202580404e-01,1.892032460860732235e-01,1.892030722157845013e-01
5.074025860532094950e-02,7.482710308998812010e-02,1.952243426312231522e-01,1.924371723124559952e-01,1.924369944548818545e-01
5.120998838583997598e-02,7.551981770511720371e-02,1.984069767522997907e-01,1.956570585139577600e-01,1.956568693801536141e-01
5.168406670680349146e-02,7.621894515086785615e-02,2.015645137573290890e-01,1.988594454922934518e-01,1.988592467250142881e-01
5.216253382498199642e-02,7.692454479425157865e-02,2.046930654340671785e-01,2.020408841099175234e-01,2.020406827051529630e-01
5.264543036982451130e-02,7.763667655187216077e-02,2.077886701730356500e-01,2.051978670232738611e-01,2.051976635159826756e-01
5.313279734690879580e-02,7.835540089501370764e-02,2.108479380818390481e-01,2.083274496370615403e-01,2.083272366847825352e-01
5.362467614142307770e-02,7.908077885477521329e-02,2.138689116977902371e-01,2.114280777368751918e-01,2.114278559517265565e-01
5.412110852168045688e-02,7.981287202725328989e-02,2.168498947347544947e-01,2.144984611820530407e-01,2.144982342661777563e-01
5.462213664266588053e-02,8.055174257877285859e-02,2.197892808105004203e-01,2.175374096295660808e-01,2.175371755776896454e-01
5.512780304961534955e-02,8.129745325116552457e-02,2.226860791458767641e-01,2.205443380554166499e-01,2.205440926551190117e-01
5.563815068162918098e-02,8.205006736709803683e-02,2.255400573254888186e-01,2.235194037945162082e-01,2.235191492016023185e-01
5.615322287531777229e-02,8.280964883544870980e-02,2.283511608264811032e-01,2.264629487579186140e-01,2.264626888285095896e-01
5.667306336848177556e-02,8.357626215673466530e-02,2.311196162092510331e-01,2.293755987138849095e-01,2.293753336451473390e-01
5.719771630382627925e-02,8.434997242858911781e-02,2.338472967688569604e-01,2.322595741884670162e-01,2.322592998057873559e-01
5.772722623270888642e-02,8.513084535128871699e-02,2.365371974864901583e-01,2.351181849169084737e-01,2.351178976990006553e-01
5.826163811892302175e-02,8.591894723333286243e-02,2.391925747849294182e-01,2.379550032783960545e-01,2.379547072152191634e-01
5.880099734251621746e-02,8.671434499707449117e-02,2.418173670975604650e-01,2.407742673670056621e-01,2.407739732613607131e-01
5.934534970364326034e-02,8.751710618440237954e-02,2.444176349105958990e-01,2.435822607873756873e-01,2.435819601997775696e-01
5.989474142645552501e-02,8.832729896247680512e-02,2.470002654804229481e-01,2.463860680249181367e-01,2.463857461615431288e-01
6.044921916302633397e-02,8.914499212951826346e-02,2.495724960979591733e-01,2.491931162361461227e-01,2.491927802301667494e-01
6.100882999731208067e-02,8.997025512064898978e-02,2.521422541529850236e-01,2.520115002882467592e-01,2.520111665665087375e-01
6.157362144915057289e-02,9.080315801378936735e-02,2.547184282289661206e-01,2.548502411518732691e-01,2.548498938734153341e-01
6.214364147829645052e-02,9.164377153560897271e-02,2.573103474171184457e-01,2.577187858555049504e-01,2.577184123244967706e-01
6.271893848849324771e-02,9.249216706753170258e-02,2.599278284700398678e-01,2.606270518765888555e-01,2.606266827425345878e-01
6.329956133158415321e-02,9.334841665179789694e-02,2.625824843649187113e-01,2.635866782560698507e-01,2.635863212807053046e-01
6.388555931165990076e-02,9.421259299758132089e-02,2.652874179611906524e-01,2.666107299769310823e-01,2.666103465455698651e-01
6.447698218924559355e-02,9.508476948716353128e-02,2.680562844672162992e-01,2.697127997102219399e-01,2.697123757228249707e-01
6.507388018552641429e-02,9.596502018216547525e-02,2.709030938913079556e-01,2.729068188142358964e-01,2.729064007763457034e-01
6.567630398661179758e-02,9.685341982983600162e-02,2.738415413763757300e-01,2.762064179593319846e-01,2.762060007947836349e-01
6.628430474783962578e-02,9.775004386939924184e-02,2.768856599678925501e-01,2.796255523220455563e-01,2.796251003722144413e-01
6.689793409812040681e-02,9.865496843846099928e-02,2.800500922719241781e-01,2.831787620398900640e-01,2.831782843912489245e-01
6.751724414432097587e-02,9.956827037947349468e-02,2.833494207237959306e-01,2.868805339994900949e-01,2.868800660287010307e-01
6.814228747568933098e-02,1.004900272462606187e-01,2.867977686901278522e-01,2.907449235580351621e-01,2.907444436483582195e-01
6.877311716832056054e-02,1.014203173106039829e-01,2.904098633081592107e-01,2.947865717444664857e-01,2.947860518235211891e-01
6.940978678966333582e-02,1.023592195688885625e-01,2.942009243575831046e-01,2.990206015296628661e-01,2.990200616728541094e-01
7.005235040306923011e-02,1.033068137488117183e-01,2.981841809404975896e-01,3.034602525042420229e-01,3.034597100081506960e-01
7.070086257238301919e-02,1.042631803161525039e-01,3.023719464303367133e-01,3.081179113464114772e-01,3.081173526762531756e-01
7.135537836657625255e-02,1.052284004816048529e-01,3.067772298694031452e-01,3.130066524121728477e-01,3.130060604708784777e-01
7.201595336442366546e-02,1.062025562076738816e-01,3.114120995260170610e-01,3.181386811764276845e-01,3.181380577218006489e-01
7.268264365922236236e-02,1.071857302156353914e-01,3.162840058660246201e-01,3.235218339582399127e-01,3.235211958493930395e-01
7.335550586355508995e-02,1.081780059925602222e-01,3.213998079229690719e-01,3.291634208066392953e-01,3.291627781330699332e-01
7.403459711409791921e-02,1.091794677984042339e-01,3.267666301991186129e-01,3.350710451465828132e-01,3.350703779528708126e-01
7.471997507647150372e-02,1.101902006731625139e-01,3.323886163117569792e-01,3.412495123101610406e-01,3.412488103053891719e-01
7.541169795013807908e-02,1.112102904440909479e-01,3.382664790395921717e-01,3.477004026753388599e-01,3.476996916451970954e-01
7.610982447334375955e-02,1.122398237329947784e-01,3.444006550566908187e-01,3.544250793936799537e-01,3.544243659365205468e-01
7.681441392810574309e-02,1.132788879635831525e-01,3.507902703903090780e-01,3.614237025462956332e-01,3.614229425815820851e-01
7.752552614524700625e-02,1.143275713688939738e-01,3.574274771916267079e-01,3.686898281995892868e-01,3.686890318791226084e-01
7.824322150947626842e-02,1.153859629987852298e-01,3.643011571448644959e-01,3.762139339452688080e-01,3.762131441072079641e-01
7.896756096451590379e-02,1.164541527274972760e-01,3.713990155485225042e-01,3.839854107874796085e-01,3.839846169344369176e-01
7.969860601827719049e-02,1.175322312612847447e-01,3.787057049061302028e-01,3.919907679673964584e-01,3.919899265855758541e-01
8.043641874808295233e-02,1.186202901461184955e-01,3.862011907632864616e-01,4.002120656632977558e-01,4.002112033651846201e-01
8.118106180593900878e-02,1.197184217754593827e-01,3.938632269072461778e-01,4.086292678307225090e-01,4.086284125370906462e-01
8.193259842385468283e-02,1.208267193981045207e-01,4.016673379299661173e-01,4.172202180616372269e-01,4.172193256153948759e-01
8.269109241921164533e-02,1.219452771261047702e-01,4.095848504352892494e-01,4.259587513143956450e-01,4.259578128623996984e-01
8.345660820018327430e-02,1.230741899427566233e-01,4.175834646996032795e-01,4.348152306703194081e-01,4.348142937775946737e-01
8.422921077120422428e-02,1.242135537106683618e-01,4.256282902271855684e-01,4.437575298982588956e-01,4.437565871925509553e-01
8.500896573848978899e-02,1.253634651798994082e-01,4.336822798043893923e-01,4.527514446673068793e-01,4.527504187583387130e-01
8.579593931560716702e-02,1.265240219961763224e-01,4.417071197066546606e-01,4.617615435392884993e-01,4.617604802972543054e-01
8.659019832909832515e-02,1.276953227091849608e-01,4.496622374729178917e-01,4.707502220234781043e-01,4.707491960519335494e-01
8.739181022415400124e-02,1.288774667809379215e-01,4.575049661146569635e-01,4.796778653805632286e-01,4.796768065534459669e-01
8.820084307034158078e-02,1.300705545942214547e-01,4.651968839086976226e-01,4.885089285800459091e-01,4.885077797704185931e-01
8.901736556738468198e-02,1.312746874611188386e-01,4.727038185525420655e-01,4.972119599299227310e-01,4.972108161346318611e-01
8.984144705099707251e-02,1.324899676316134423e-01,4.799905554103096605e-01,5.057545528161395687e-01,5.057534428691095041e-01
9.067315749877070952e-02,1.337164983022720854e-01,4.870227118491222140e-01,5.141051584074135539e-01,5.141039135138524285e-01
9.151256753611732020e-02,1.349543836250071127e-01,4.937738910963538341e-01,5.222399581877277264e-01,5.222386105382934574e-01
9.235974844226597924e-02,1.362037287159209298e-01,5.002199794152722978e-01,5.301374218272668637e-01,5.301361403379309944e-01
9.321477215631605862e-02,1.374646396642325019e-01,5.063371606697129046e-01,5.377764231218646884e-01,5.377752268370010746e-01
9.407771128334546651e-02,1.387372235412851484e-01,5.121133195995386522e-01,5.451471752047077901e-01,5.451459361657631231e-01
9.494863910057627088e-02,1.400215884096390750e-01,5.175527746274968255e-01,5.522557626780910667e-01,5.522544595830491954e-01
9.582762956359731910e-02,1.413178433322479222e-01,5.226623692397796006e-01,5.591108162340859833e-01,5.591094928884422499e-01
9.671475731264364550e-02,1.426260983817189687e-01,5.274517779484654278e-01,5.657237987061809470e-01,5.657224949135881698e-01
9.761009767893535916e-02,1.439464646496613487e-01,5.319423454577389965e-01,5.721174439789846744e-01,5.721160892138346110e-01
9.851372669107373581e-02,1.452790542561181730e-01,5.361614831706227324e-01,5.783203670976448940e-01,5.783189002179848215e-01
9.942572108149760890e-02,1.466239803590880519e-01,5.401382571139929922e-01,5.843628219141054903e-01,5.843614464164331723e-01
1.003461582929994350e-01,1.479813571641342418e-01,5.439114754934288865e-01,5.902843971334064133e-01,5.902833266229622344e-01
1.012751164853008118e-01,1.493512999340817216e-01,5.475380802526711443e-01,5.961419685062291363e-01,5.961408217357714312e-01
1.022126745416898075e-01,1.507339249988051966e-01,5.510787762936367740e-01,6.019959267588259610e-01,6.019944047352587813e-01
1.031589120757196582e-01,1.521293497651078908e-01,5.545962712752957602e-01,6.079084696586498637e-01,6.079071004057970962e-01
1.041139094379686797e-01,1.535376927266902669e-01,5.581583060890885628e-01,6.139464633626730006e-01,6.139453955930906925e-01
1.050777477228635459e-01,1.549590734742125608e-01,5.618365462916489195e-01,6.201803625825502708e-01,6.201790351006697399e-01
1.060505087755658632e-01,1.563936127054503245e-01,5.657046033739926427e-01,6.266823167096414737e-01,6.266806118349597110e-01
1.070322751989213339e-01,1.578414322355424504e-01,5.698355378654893499e-01,6.335238015614800267e-01,6.335223744395618306e-01
1.080231303604749504e-01,1.593026550073365910e-01,5.742967673309767873e-01,6.407708095230100209e-01,6.407695143680853800e-01
1.090231583995494025e-01,1.607774051018277528e-01,5.791566606895968139e-01,6.484901414130606057e-01,6.484884971670822340e-01
1.100324442343902365e-01,1.622658077486952288e-01,5.844854980973743785e-01,6.567503431254417823e-01,6.567484230417770519e-01
1.110510735693770734e-01,1.637679893369371198e-01,5.903388048871898164e-01,6.656059620973040492e-01,6.656041126867402458e-01
1.120791329023005517e-01,1.652840774256017498e-01,5.967583184565021792e-01,6.750985383561793896e-01,6.750967470087955169e-01
1.131167095317077986e-01,1.668142007546199457e-01,6.037878649605217252e-01,6.852716849648291531e-01,6.852697239858365208e-01
1.141638915643156810e-01,1.683584892557376256e-01,6.114660238536692161e-01,6.961641806370522101e-01,6.961618555079517323e-01
1.152207679224918624e-01,1.699170740635479460e-01,6.197964517373166782e-01,7.077819502122864037e-01,7.077795286096655314e-01
1.162874283518060825e-01,1.714900875266274494e-01,6.287730514468835574e-01,7.201219036075108271e-01,7.201197127135686715e-01
1.173639634286512273e-01,1.730776632187748520e-01,6.383896364215951857e-01,7.331810732051101676e-01,7.331788872746518582e-01
1.184504645679339968e-01,1.746799359503524440e-01,6.486229319436662699e-01,7.469405327061607869e-01,7.469380380309610379e-01
1.195470240308383475e-01,1.762970417797350420e-01,6.594251276600020528e-01,7.613583308834106500e-01,7.613558483420124201e-01
1.206537349326591430e-01,1.779291180248623039e-01,6.707435460319607357e-01,7.763880481776841425e-01,7.763857972177125033e-01
1.217706912507094258e-01,1.795763032748995958e-01,6.825183934324304813e-01,7.919766282583521333e-01,7.919741789356856687e-01
1.228979878323010339e-01,1.812387374020071051e-01,6.946624135405186085e-01,8.080450759790036575e-01,8.080424308199697370e-01
1.240357204027978111e-01,1.829165615732160632e-01,7.070718040102011992e-01,8.244987202754824329e-01,8.244962541484844865e-01
1.251839855737446605e-01,1.846099182624165447e-01,7.196348408497353910e-01,8.412353323824750539e-01,8.412328843899070652e-01
1.263428808510716761e-01,1.863189512624563726e-01,7.322305564196943672e-01,8.581438538614432066e-01,8.581409175104089959e-01
1.275125046433733256e-01,1.880438056973504080e-01,7.447275273452987898e-01,8.751032506084084339e-01,8.751002620174740398e-01
1.286929562702651686e-01,1.897846280346042747e-01,7.569855860230507716e-01,8.919841673172272944e-01,8.919816066704930879e-01
1.298843359708180267e-01,1.915415660976522993e-01,7.688600745669961212e-01,9.086530317855613381e-01,9.086502214036541458e-01
1.310867449120692863e-01,1.933147690784091932e-01,7.802405198375894635e-01,9.250088365028522608e-01,9.250054863237936464e-01
1.323002851976137206e-01,1.951043875499391123e-01,7.910383405941725510e-01,9.409716129409865237e-01,9.409684655755476967e-01
1.335250598762743046e-01,1.969105734792424289e-01,8.011631867144358710e-01,9.564601102237880736e-01,9.564574840354100882e-01
1.347611729508516321e-01,1.987334802401587164e-01,8.105446147153112513e-01,9.714124479520760413e-01,9.714095284232338035e-01
1.360087293869565728e-01,2.005732626263922180e-01,8.191744888389643764e-01,9.858263328387798508e-01,9.858229959084114924e-01
1.372678351219225046e-01,2.024300768646549176e-01,8.270588639971427902e-01,9.997134225987152067e-01,9.997102588132763534e-01
1.385385970738015060e-01,2.043040806279332045e-01,8.342096330789803282e-01,1.013091383564739267e+00,1.013089209657323631e+00
1.398211231504437879e-01,2.061954330488774134e-01,8.406904157242645059e-01,1.026027184092797029e+00,1.026025648248946931e+00
1.411155222586600588e-01,2.081042947333137383e-01,8.466129423716958202e-01,1.038633383593899673e+00,1.038631148419900896e+00
1.424219043134696272e-01,2.100308277738823504e-01,8.520953822656039955e-01,1.051028513999893388e+00,1.051025560635786560e+00
1.437403802474346015e-01,2.119751957638026651e-01,8.572647144280618470e-01,1.063339155717224482e+00,1.063337668118927937e+00
1.450710620200788559e-01,2.139375638107636757e-01,8.622718186727299505e-01,1.075713959177900136e+00,1.075713135166405543e+00
1.464140626273955914e-01,2.159180985509446815e-01,8.672769030138084423e-01,1.088309736204119416e+00,1.088307447852108201e+00
1.477694961114429106e-01,2.179169681631660527e-01,8.724436581948219471e-01,1.101285865971328271e+00,1.101282930994047282e+00
1.491374775700269051e-01,2.199343423831690014e-01,8.779274376357996124e-01,1.114793195464146791e+00,1.114791563634662808e+00
1.505181231664762531e-01,2.219703925180301629e-01,8.838717274609479979e-01,1.128970814390965360e+00,1.128969221148834468e+00
1.519115501395054690e-01,2.240252914607070711e-01,8.904232640698517276e-01,1.143960283382923881e+00,1.143957258490835738e+00
1.533178768131707170e-01,2.260992137047201089e-01,8.977256951380944150e-01,1.159899784832514769e+00,1.159896372718330015e+00
1.547372226069178014e-01,2.281923353589703496e-01,9.058733625268211576e-01,1.176881225324609259e+00,1.176878346353115168e+00
1.561697080457219722e-01,2.303048341626927620e-01,9.149428292352392855e-01,1.194979907106246575e+00,1.194977177879218200e+00
1.576154547703227105e-01,2.324368895005496372e-01,9.250149531711319151e-01,1.214275198997494476e+00,1.214271457388102604e+00
1.590745855475536041e-01,2.345886824178640140e-01,9.361221034250145623e-01,1.234801592617484012e+00,1.234796509390780894e+00
1.605472242807661210e-01,2.367603956359919104e-01,9.481976536178651216e-01,1.256502059925810988e+00,1.256497245803454677e+00
1.620334960203515251e-01,2.389522135678388282e-01,9.611615820243674113e-01,1.279307693217190067e+00,1.279304136939390935e+00
1.635335269743600495e-01,2.411643223335201980e-01,9.749245680139684289e-01,1.303141452578535420e+00,1.303137337964467957e+00
1.650474445192168793e-01,2.433969097761640998e-01,9.893302636039392750e-01,1.327864612013210266e+00,1.327859487080707446e+00
1.665753772105397490e-01,2.456501654778642518e-01,1.004174987798599039e+00,1.353295038973236331e+00,1.353290615186239609e+00
1.681174547940541553e-01,2.479242807757766620e-01,1.019241903006432581e+00,1.379238854318292518e+00,1.379235335267541274e+00
1.696738082166113493e-01,2.502194487783679921e-01,1.034311780028137617e+00,1.405500411589685417e+00,1.405495691703320116e+00
1.712445696373083304e-01,2.525358643818143567e-01,1.049183428383202221e+00,1.431901266974186404e+00,1.431896078899605795e+00
1.728298724387091201e-01,2.548737242865493635e-01,1.063650034933578681e+00,1.458258388295353258e+00,1.458254418692252141e+00
1.744298512381717847e-01,2.572332270139681132e-01,1.077498706614598678e+00,1.484383932240100012e+00,1.484380080395577561e+00
1.760446418992798745e-01,2.596145729232854360e-01,1.090582716546402153e+00,1.510152198781234745e+00,1.510146987335200919e+00
1.776743815433785290e-01,2.620179642285481725e-01,1.102817398857066866e+00,1.535495819022255626e+00,1.535490524120427747e+00
1.793192085612186071e-01,2.644436050158068263e-01,1.114119869183368250e+00,1.560350113937888139e+00,1.560346513940286783e+00
1.809792626247090086e-01,2.668917012604468120e-01,1.124438435031340999e+00,1.584680263837808800e+00,1.584678118550166381e+00
1.826546846987757433e-01,2.693624608446774094e-01,1.133855671867602499e+00,1.608575831373818765e+00,1.608573163865472111e+00
1.843456170533327720e-01,2.718560935751846985e-01,1.142495561070100862e+00,1.632164628856252353e+00,1.632160550790350273e+00
1.860522032753634813e-01,2.743728112009489184e-01,1.150489888599042887e+00,1.655581487752360692e+00,1.655579614747690886e+00
1.877745882811122091e-01,2.769128274312228077e-01,1.158032487026657620e+00,1.679017521048719708e+00,1.679020049043010054e+00
1.895129183283914276e-01,2.794763579536814757e-01,1.165395715831904599e+00,1.702734371493489052e+00,1.702736033878115673e+00
1.912673410290000320e-01,2.820636204527356417e-01,1.172864003035724911e+00,1.727002879822072678e+00,1.726999827752408123e+00
1.930380053612584246e-01,2.846748346280171260e-01,1.180718253686373620e+00,1.752088715178634626e+00,1.752085980064443271e+00
1.948250616826599224e-01,2.873102222130363148e-01,1.189174240061884769e+00,1.778196650181665284e+00,1.778196385938816348e+00
1.966286617426370453e-01,2.899700069940083225e-01,1.198424565940289011e+00,1.805509141287633401e+00,1.805508239501509848e+00
1.984489586954482632e-01,2.926544148288574565e-01,1.208667917665823044e+00,1.834213008075386231e+00,1.834208616872000874e+00
2.002861071131837034e-01,2.953636736663968199e-01,1.220023861742185467e+00,1.864422876913698346e+00,1.864416188610428016e+00
2.021402629988896249e-01,2.980980135656829400e-01,1.232450898349779500e+00,1.896108388902182140e+00,1.896102614593353497e+00
2.040115837998161263e-01,3.008576667155524742e-01,1.245888690274676414e+00,1.929223000861577386e+00,1.929219520369678254e+00
2.059002284207875344e-01,3.036428674543393824e-01,1.260267440438567865e+00,1.963712463846434719e+00,1.963708045248814038e+00
2.078063572376945001e-01,3.064538522897721218e-01,1.275423887127226541e+00,1.999439755560888710e+00,1.999433781522464759e+00
2.097301321111141592e-01,3.092908599190593577e-01,1.291129944955824893e+00,2.036211210417573803e+00,2.036206706238458342e+00
2.116717164000531115e-01,3.121541312491566411e-01,1.307145307695552150e+00,2.073823768834186509e+00,2.073820628040955683e+00
2.136312749758199347e-01,3.150439094172244880e-01,1.323220503603046883e+00,2.112067782667121474e+00,2.112061450138136731e+00
2.156089742360259021e-01,3.179604398112754748e-01,1.339102818946256823e+00,2.150732425136570480e+00,2.150724608852979447e+00
2.176049821187135691e-01,3.209039700910095161e-01,1.354529403428030188e+00,2.189599770468303230e+00,2.189595034192038714e+00
2.196194681166180329e-01,3.238747502088453190e-01,1.369233044166831004e+00,2.228450236238103788e+00,2.228448633549717339e+00
2.216526032915601130e-01,3.268730324311460156e-01,1.383083827853196723e+00,2.267188013164038285e+00,2.267186010132479002e+00
2.237045602889710105e-01,3.298990713596386959e-01,1.396091892435227022e+00,2.305842466960229764e+00,2.305839025343717097e+00
2.257755133525532476e-01,3.329531239530352793e-01,1.408276225816195382e+00,2.344451526506563965e+00,2.344448930846373180e+00
2.278656383390773588e-01,3.360354495488531712e-01,1.419686721571872035e+00,2.383080886889798577e+00,2.383083122297442458e+00
2.299751127333134748e-01,3.391463098854349822e-01,1.430517382506037327e+00,2.421922493862201264e+00,2.421926476482512136e+00
2.321041156631042379e-01,3.422859691241766922e-01,1.441013758846301229e+00,2.461211984434839017e+00,2.461212208793022160e+00
2.342528279145741632e-01,3.454546938719571525e-01,1.451429188282068683e+00,2.501189805292925783e+00,2.501188535991806905e+00
2.364214319474817749e-01,3.486527532037778654e-01,1.462012366189237911e+00,2.542090172872389253e+00,2.542093657312180177e+00
2.386101119107141844e-01,3.518804186856129834e-01,1.473000053425643552e+00,2.584134734926414989e+00,2.584139619669441945e+00
2.408190536579227492e-01,3.551379643974675315e-01,1.484634551170820105e+00,2.627547727954627987e+00,2.627548081108567857e+00
2.430484447633057543e-01,3.584256669566520115e-01,1.497145974505348809e+00,2.672540719227304518e+00,2.672536485319672028e+00
2.452984745375371145e-01,3.617438055412728337e-01,1.510582420769316814e+00,2.719167569894533010e+00,2.719163214977270648e+00
2.475693340438404333e-01,3.650926619139366336e-01,1.524889702430755722e+00,2.767394807210658669e+00,2.767393381478040926e+00
2.498612161142140520e-01,3.684725204456776870e-01,1.540011184578735648e+00,2.817187799686596605e+00,2.817186992148303037e+00
2.521743153658062009e-01,3.718836681401064825e-01,1.555840598475015879e+00,2.868470751502274041e+00,2.868465292290390600e+00
2.545088282174396976e-01,3.753263946577786170e-01,1.572131561112159570e+00,2.921050791543743586e+00,2.921044203519136406e+00
2.568649529062916881e-01,3.788009923407928969e-01,1.588603319703974392e+00,2.974708845313084993e+00,2.974706931957562528e+00
2.592428895047280135e-01,3.823077562376168692e-01,1.604967181052155745e+00,3.029222355885769602e+00,3.029223161021529442e+00
2.616428399372905389e-01,3.858469841281382262e-01,1.621015947898464704e+00,3.084440480779402360e+00,3.084438983980195559e+00
2.640650079978459908e-01,3.894189765489544097e-01,1.636628862758200187e+00,3.140287340525220294e+00,3.140284833475900150e+00
2.665095993668893937e-01,3.930240368188900879e-01,1.651685459414669932e+00,3.196689306994264346e+00,3.196690084651229391e+00
2.689768216290103209e-01,3.966624710647549401e-01,1.666093110810713984e+00,3.253597976652518042e+00,3.253604414834750713e+00
2.714668842905211821e-01,4.003345882473398620e-01,1.679944038493643710e+00,3.311119544999735709e+00,3.311127890278203090e+00
2.739799987972457163e-01,4.040407001876503701e-01,1.693403990923772584e+00,3.369420334086519198e+00,3.369425402001311465e+00
2.765163785524749618e-01,4.077811215933858646e-01,1.706644954333272235e+00,3.428670342118649295e+00,3.428673363293957888e+00
2.790762389350896489e-01,4.115561700856653071e-01,1.719843852910769799e+00,3.489041935573435449e+00,3.489049012229811009e+00
2.816597973178472936e-01,4.153661662259950926e-01,1.733181420297826403e+00,3.550708731653192451e+00,3.550717804787306253e+00
2.842672730858417651e-01,4.192114335434917183e-01,1.746843812558785514e+00,3.613846748910363615e+00,3.613852823847790940e+00
2.868988876551330502e-01,4.230922985623551402e-01,1.761016579692806561e+00,3.678629397127276768e+00,3.678632411127238377e+00
2.895548644915472147e-01,4.270090908295932630e-01,1.775779422758025250e+00,3.745143046252717767e+00,3.745146845925260148e+00
2.922354291296546114e-01,4.309621429430092743e-01,1.791120156518953399e+00,3.813400006124306074e+00,3.813406308928774635e+00
2.949408091919189512e-01,4.349517905794410000e-01,1.807023341917274095e+00,3.883410595734987147e+00,3.883417012025907500e+00
2.976712344080272299e-01,4.389783725232667688e-01,1.823449952803459118e+00,3.955167108787558838e+00,3.955167990016900337e+00
3.004269366343982894e-01,4.430422306951751765e-01,1.840229922874236701e+00,4.028559559172839144e+00,4.028557352360083499e+00
3.032081498738691816e-01,4.471437101811962522e-01,1.857141647282349650e+00,4.103440399734413546e+00,4.103442544080807330e+00
3.060151102955666613e-01,4.512831592620065724e-01,1.873955491663479300e+00,4.179659512277880573e+00,4.179668643539583783e+00
3.088480562549628106e-01,4.554609294425052135e-01,1.890496929021761030e+00,4.257113563621484964e+00,4.257124233012409498e+00
3.117072283141129607e-01,4.596773754816589896e-01,1.906730279834092379e+00,4.335809882136173243e+00,4.335819031317137195e+00
3.145928692620845735e-01,4.639328554226287427e-01,1.922639179021534916e+00,4.415771939526878853e+00,4.415780740874801324e+00
3.175052241355745264e-01,4.682277306231742986e-01,1.938210542053473429e+00,4.497026731222064200e+00,4.497040276287192384e+00
3.204445402397145259e-01,4.725623657863360916e-01,1.953518367941166733e+00,4.579668505809954659e+00,4.579688095354121913e+00
3.234110671690737515e-01,4.769371289914079437e-01,1.968732931305090084e+00,4.663863906984561325e+00,4.663883546290448656e+00
3.264050568288513476e-01,4.813523917251900097e-01,1.984034643692021094e+00,4.749785042268471535e+00,4.749799540217781058e+00
3.294267634562676461e-01,4.858085289135343210e-01,1.999599254331281051e+00,4.837598090281300500e+00,4.837610771257382147e+00
3.324764436421545621e-01,4.903059189531847051e-01,2.015510694565234129e+00,4.927398479260892472e+00,4.927413934888493330e+00
3.355543563527416118e-01,4.948449437439044196e-01,2.031802091883393224e+00,5.019243162243298251e+00,5.019261304040639082e+00
3.386607629516478202e-01,4.994259887209081539e-01,2.048507080797774549e+00,5.113189434586214333e+00,5.113206178483336473e+00
3.417959272220762457e-01,5.040494428875921251e-01,2.065631790356731834e+00,5.209274445596346226e+00,5.209284869125088591e+00
3.449601153892115635e-01,5.087156988485644904e-01,2.083049803540149458e+00,5.307439509115510212e+00,5.307446972341693936e+00
3.481535961428275927e-01,5.134251528429841782e-01,2.100591869728992478e+00,5.407597849261686740e+00,5.407610218844682848e+00
3.513766406601046000e-01,5.181782047782105272e-01,2.118083056554892707e+00,5.509662295245933095e+00,5.509683716044145640e+00
3.546295226286544366e-01,5.229752582637581249e-01,2.135396623070894506e+00,5.613583914167420197e+00,5.613610416254949165e+00
3.579125182697616703e-01,5.278167206455709470e-01,2.152544640749615823e+00,5.719415146458652011e+00,5.719441835114561279e+00
3.612259063618408206e-01,5.327030030406146865e-01,2.169563116141967729e+00,5.827225803442701135e+00,5.827250443200400198e+00
3.645699682641059258e-01,5.376345203717828314e-01,2.186489616131955138e+00,5.937086858085256935e+00,5.937112279326160369e+00
3.679449879404658175e-01,5.426116914031349214e-01,2.203381280387523677e+00,6.049082871989455157e+00,6.049113270797562336e+00
3.713512519836342229e-01,5.476349387754523290e-01,2.220328801449666045e+00,6.163321105697460389e+00,6.163354576547916075e+00
3.747890496394672977e-01,5.527046890421284386e-01,2.237428873847077337e+00,6.279911818909674537e+00,6.279943749132504749e+00
3.782586728315264768e-01,5.578213727053922266e-01,2.254779455454205550e+00,6.398964860570467650e+00,6.398992744898322371e+00
3.817604161858648149e-01,5.629854242528605779e-01,2.272414601302839010e+00,6.520545747273790660e+00,6.520571708827824331e+00
3.852945770560467498e-01,5.681972821944355490e-01,2.290282082035430378e+00,6.644662339884424007e+00,6.644690434620047270e+00
3.888614555483993485e-01,5.734573890995418033e-01,2.308322113691073874e+00,6.771319246686215543e+00,6.771352196402079748e+00
3.924613545474936460e-01,5.787661916347052182e-01,2.326473417080169526e+00,6.900522035450923575e+00,6.900558042714818541e+00
3.960945797418654601e-01,5.841241406014827664e-01,2.344685285256089990e+00,7.032285175031818270e+00,7.032320988025868580e+00
3.997614396499746259e-01,5.895316909747450040e-01,2.362919446097932585e+00,7.166632992068899810e+00,7.166668927950747836e+00
4.034622456464001528e-01,5.949893019413068362e-01,2.381137193213685777e+00,7.303591116549510431e+00,7.303629887300858492e+00
4.071973119882840164e-01,6.004974369389234345e-01,2.399300471151665448e+00,7.443187209968635365e+00,7.443232174362783837e+00
4.109669558420139812e-01,6.060565636956406488e-01,2.417419933838853119e+00,7.585481241252286289e+00,7.585532625955532460e+00
4.147714973101569447e-01,6.116671542695132358e-01,2.435561806545124330e+00,7.730568419728927942e+00,7.730622310324879898e+00
4.186112594586423041e-01,6.173296850886923481e-01,2.453797214885410582e+00,7.878546270012956043e+00,7.878597986152683141e+00
4.224865683441926256e-01,6.230446369918781757e-01,2.472198201895559944e+00,8.029512019146723745e+00,8.029559869446316611e+00
4.263977530420124951e-01,6.288124952691527270e-01,2.490792523741263143e+00,8.183535103430683577e+00,8.183581530692475070e+00
4.303451456737333314e-01,6.346337497031901975e-01,2.509549060954599398e+00,8.340649661127532255e+00,8.340698386601047787e+00
4.343290814356132734e-01,6.405088946108439263e-01,2.528431807368173523e+00,8.500888388420701602e+00,8.500942344760957781e+00
4.383498986270019104e-01,6.464384288851229288e-01,2.547403770048866978e+00,8.664284999384404884e+00,8.664344292810580939e+00
4.424079386790688018e-01,6.524228560375590069e-01,2.566438251886181021e+00,8.830880856162439230e+00,8.830943165184448773e+00
4.465035461837928987e-01,6.584626842409568859e-01,2.585528144173621978e+00,9.000730043309783213e+00,9.000794014786453801e+00
4.506370689232278015e-01,6.645584263725523577e-01,2.604668243030049624e+00,9.173888686013778937e+00,9.173954268135540602e+00
4.548088578990307496e-01,6.707106000575590032e-01,2.623853208137964632e+00,9.350413742572952103e+00,9.350482109412141085e+00
4.590192673622694453e-01,6.769197277131240309e-01,2.643083575812577912e+00,9.530366372724051516e+00,9.530439027801985930e+00
4.632686548435050455e-01,6.831863365926928999e-01,2.662378573125506076e+00,9.713818841400401638e+00,9.713895460457166564e+00
4.675573811831494342e-01,6.895109588307762882e-01,2.681761608599404489e+00,9.900846005090482294e+00,9.900924984595484091e+00
4.718858105621077104e-01,6.958941314881399443e-01,2.701256778517995283e+00,1.009152328474669602e+01,1.009160291350907812e+01
4.762543105327042836e-01,7.023363965974107614e-01,2.720884665519747614e+00,1.028592439111577050e+01,1.028600408167259062e+01
4.806632520498910210e-01,7.088383012091004076e-01,2.740636507425466828e+00,1.048410779819639416e+01,1.048418871791401585e+01
4.851130095027488265e-01,7.154003974380604980e-01,2.760490293863291367e+00,1.068612606160788658e+01,1.068621035865111679e+01
4.896039607462803200e-01,7.220232425103676466e-01,2.780423310538781667e+00,1.089203270323706896e+01,1.089212238200631688e+01
4.941364871334926745e-01,7.287073988106365086e-01,2.800412762057820970e+00,1.110188255612829877e+01,1.110197830820354525e+01
4.987109735477842642e-01,7.354534339297805756e-01,2.820451671863879017e+00,1.131573975161394330e+01,1.131584069881843924e+01
5.033278084356240800e-01,7.422619207132046260e-01,2.840551350195068991e+00,1.153367843021826467e+01,1.153378306769175410e+01
5.079873838395380092e-01,7.491334373094499233e-01,2.860724418977032446e+00,1.175577384367784717e+01,1.175588073430847835e+01
5.126900954314017600e-01,7.560685672192917206e-01,2.880983867740436466e+00,1.198210184874679385e+01,1.198221032454687141e+01
5.174363425460359878e-01,7.630678993452822967e-01,2.901339627594756720e+00,1.221273725732668147e+01,1.221284787176243647e+01
5.222265282151178356e-01,7.701320280417605080e-01,2.921788822021365029e+00,1.244774935702952057e+01,1.244786319729407964e+01
5.270610592014065565e-01,7.772615531653245258e-01,2.942325367923203316e+00,1.268720676798006153e+01,1.268732497653946290e+01
5.319403460332807754e-01,7.844570801257643167e-01,2.962943007810839191e+00,1.293117892600781538e+01,1.293130237687912576e+01
5.368648030396000470e-01,7.917192199374724071e-01,2.983635532543895685e+00,1.317973618305322248e+01,1.317986514954644583e+01
5.418348483848904884e-01,7.990485892713323768e-01,3.004401967722448497e+00,1.343295209326414863e+01,1.343308624627451486e+01
5.468509041048496000e-01,8.064458105070779759e-01,3.025246878035345865e+00,1.369090336269457175e+01,1.369104212079619032e+01
5.519133961421854861e-01,8.139115117861457360e-01,3.046175211905537417e+00,1.395366744348009114e+01,1.395381020994181753e+01
5.570227543827882544e-01,8.214463270650173010e-01,3.067192056758807350e+00,1.422132240776678813e+01,1.422146880757233944e+01
5.621794126922295964e-01,8.290508961690452594e-01,3.088301429484073157e+00,1.449394643034690411e+01,1.449409654224944966e+01
5.673838089526099804e-01,8.367258648467924553e-01,3.109500480512297660e+00,1.477161544605272780e+01,1.477176983244961406e+01
5.726363850997373550e-01,8.444718848248596865e-01,3.130783786095508781e+00,1.505440509565427121e+01,1.505456457321307262e+01
5.779375871606567960e-01,8.522896138632307661e-01,3.152145769563985844e+00,1.534239175813783618e+01,1.534255712362574187e+01
5.832878652915260975e-01,8.601797158111282871e-01,3.173580716252948353e+00,1.563565254959782891e+01,1.563582428940376623e+01
5.886876738158385303e-01,8.681428606633807554e-01,3.195085908744725867e+00,1.593426651098518398e+01,1.593444460412465524e+01
5.941374712630035360e-01,8.761797246173183007e-01,3.216665782481934688e+00,1.623831604989608479e+01,1.623850013533602521e+01
5.996377204072849132e-01,8.842909901301945208e-01,3.238325905320537323e+00,1.654788446864647966e+01,1.654807407881829917e+01
6.051888883070940528e-01,8.924773459771332407e-01,3.260071998765875723e+00,1.686305555743759754e+01,1.686325034763438779e+01
6.107914463446526554e-01,9.007394873096189469e-01,3.281909816887176756e+00,1.718391353080799533e+01,1.718411351131124931e+01
6.164458702660222666e-01,9.090781157145291225e-01,3.303841270797636565e+00,1.751054166314325045e+01,1.751074726004358340e+01
6.221526402214980767e-01,9.174939392737030408e-01,3.325863518215256942e+00,1.784302209111832482e+01,1.784323393199257168e+01
6.279122408063867455e-01,9.259876726240771072e-01,3.347973354850484640e+00,1.818143742359967163e+01,1.818165613756757182e+01
6.337251611021516018e-01,9.345600370183624328e-01,3.370167489550654150e+00,1.852587082494255100e+01,1.852609683558557307e+01
6.395918947179453085e-01,9.432117603862929522e-01,3.392442688086346081e+00,1.887640604415140544e+01,1.887663937994325991e+01
6.455129398325268886e-01,9.519435773964413094e-01,3.414797725003058559e+00,1.923312800559061486e+01,1.923336854908022886e+01
6.514887992365615554e-01,9.607562295185982926e-01,3.437232924191099936e+00,1.959612257948510461e+01,1.959637033091820513e+01
6.575199803753171146e-01,9.696504650867380226e-01,3.459748658862593640e+00,1.996547605727972297e+01,1.996573111349545471e+01
6.636069953917564934e-01,9.786270393625666753e-01,3.482345314188560970e+00,2.034127511669857213e+01,2.034153763614733279e+01
6.697503611700225123e-01,9.876867145996497399e-01,3.505023260833941112e+00,2.072360679071264045e+01,2.072387696146743963e+01
6.759505993793315515e-01,9.968302601081425740e-01,3.527782637512578034e+00,2.111255838308365540e+01,2.111283646210514320e+01
6.822082365182738917e-01,1.006058452320120811e+00,3.550623457585873499e+00,2.150821748073202144e+01,2.150850378028263421e+01
6.885238039595166226e-01,1.015372074855503071e+00,3.573545735303996551e+00,2.191067196643910719e+01,2.191096678373073559e+01
6.948978379949314332e-01,1.024771918588602615e+00,3.596549487066415640e+00,2.232000999317303425e+01,2.232031353035727861e+01
7.013308798811292988e-01,1.034258781715276854e+00,3.619634702447396268e+00,2.273631994993735361e+01,2.273663227161144462e+01
7.078234758854238251e-01,1.043833469820710569e+00,3.642801172654698494e+00,2.315969039245363348e+01,2.316001165584856025e+01
7.143761773322202524e-01,1.053496795947825193e+00,3.666048601166878473e+00,2.359021004824397849e+01,2.359054055026026475e+01
7.209895406498272319e-01,1.063249580666313587e+00,3.689376685518193977e+00,2.402796780996326120e+01,2.402830789178921478e+01
7.276641274177086949e-01,1.073092652142322079e+00,3.712785117569227911e+00,2.447305270618241479e+01,2.447340264606465965e+01
7.344005044141729277e-01,1.083026846208778871e+00,3.736273752846108298e+00,2.492555390956809802e+01,2.492591385375374813e+01
7.411992436644965210e-01,1.093053006436361052e+00,3.759843419530224828e+00,2.538556087838579245e+01,2.538593101994539936e+01
7.480609224895012899e-01,1.103171984205133738e+00,3.783495316617154103e+00,2.585316316820140869e+01,2.585354377862504549e+01
7.549861235545790583e-01,1.113384638776845570e+00,3.807230675599556413e+00,2.632845031981867123e+01,2.632884167608758474e+01
7.619754349191658616e-01,1.123691837367889468e+00,3.831050760382604281e+00,2.681151182701930580e+01,2.681191412534837681e+01
7.690294500866790006e-01,1.134094455222944831e+00,3.854956630531024331e+00,2.730243705766183027e+01,2.730285039290139437e+01
7.761487680549172818e-01,1.144593375689304304e+00,3.878948154487797506e+00,2.780131504017008837e+01,2.780173969389399247e+01
7.833339933669206667e-01,1.155189490291875343e+00,3.903024807574751787e+00,2.830823461146041709e+01,2.830867103733792334e+01
7.905857361623109814e-01,1.165883698808893865e+00,3.927186052478493394e+00,2.882328446211231565e+01,2.882373312314458147e+01
7.979046122290974763e-01,1.176676909348322475e+00,3.951431339335382820e+00,2.934655310242236226e+01,2.934701429027847652e+01
8.052912430559688861e-01,1.187570038424965224e+00,3.975760136973927050e+00,2.987812883338985159e+01,2.987860259874216950e+01
8.127462558850707675e-01,1.198564011038299348e+00,4.000172052403906164e+00,3.041809973079765683e+01,3.041858630538997588e+01
8.202702837652630086e-01,1.209659760751014446e+00,4.024666729237461382e+00,3.096655359063062818e+01,3.096705339797600587e+01
8.278639656058780494e-01,1.220858229768290837e+00,4.049243803831946487e+00,3.152357788646244430e+01,3.152409135530355400e+01
8.355279462309772587e-01,1.232160369017810453e+00,4.073902905256258755e+00,3.208925973460628711e+01,3.208978709078785130e+01
8.432628764341015826e-01,1.243567138230499136e+00,4.098643444768980793e+00,3.266368582936963350e+01,3.266422704388993736e+01
8.510694130335365593e-01,1.255079506022027003e+00,4.123463854461435929e+00,3.324694230902758108e+01,3.324749767585877436e+01
8.589482189280894797e-01,1.266698449975061758e+00,4.148362253202954264e+00,3.383911483243554841e+01,3.383968496645358925e+01
8.668999631533739203e-01,1.278424956722273853e+00,4.173336717058303336e+00,3.444028858519972403e+01,3.444087416696258686e+01
8.749253209386282926e-01,1.290260022030125686e+00,4.198385279016422444e+00,3.505054824486841625e+01,3.505114973935517497e+01
8.830249737640474272e-01,1.302204650883420411e+00,4.223506878569462053e+00,3.566997805885216621e+01,3.567059557281264404e+01
8.911996094186538375e-01,1.314259857570644119e+00,4.248704682040410852e+00,3.629866216754756181e+01,3.629929592209889933e+01
8.994499220587043320e-01,1.326426665770099156e+00,4.273983122722794903e+00,3.693668415409963046e+01,3.693733452719742871e+01
9.077766122666299786e-01,1.338706108636823267e+00,4.299346742775975727e+00,3.758412686613826992e+01,3.758479421934771381e+01
9.161803871105286268e-01,1.351099228890323856e+00,4.324800194107623064e+00,3.824107238623209071e+01,3.824175685812005554e+01
9.246619602042097652e-01,1.363607078903126046e+00,4.350346732819759588e+00,3.890760185691757300e+01,3.890830337076602774e+01
9.332220517677856098e-01,1.376230720790127648e+00,4.375983070116985729e+00,3.958379500305224497e+01,3.958451405073175522e+01
9.418613886888321796e-01,1.388971226498793898e+00,4.401704019972113358e+00,4.026973064751501141e+01,4.027046819040391057e+01
9.505807045841162539e-01,1.401829677900186200e+00,4.427504274242816784e+00,4.096548686740194967e+01,4.096624389527232779e+01
9.593807398618846571e-01,1.414807166880820866e+00,4.453378401769671591e+00,4.167114096390558586e+01,4.167191801618184144e+01
9.682622417847444041e-01,1.427904795435399388e+00,4.479322440169055675e+00,4.238676955780086786e+01,4.238756652702415550e+01
9.772259645331097255e-01,1.441123675760374034e+00,4.505339252787748272e+00,4.311244893439435799e+01,4.311326599920631963e+01
9.862726692692479480e-01,1.454464930348396745e+00,4.531433650246928124e+00,4.384825455210115308e+01,4.384909224210355916e+01
9.954031242019161230e-01,1.467929692083639770e+00,4.557610558929003020e+00,4.459426086608858242e+01,4.459511973475385815e+01
1.004618104651587851e+00,1.481519104337985171e+00,4.583875021874182387e+00,4.535054131019857948e+01,4.535142155893825588e+01
1.013918393116299166e+00,1.495234321068130257e+00,4.610230301655612095e+00,4.611716816299476562e+01,4.611806959502621339e+01
1.023304779338082726e+00,1.509076506913556548e+00,4.636671577147344792e+00,4.689421218997966889e+01,4.689513535351242268e+01
1.032778060370043161e+00,1.523046837295447764e+00,4.663191724548666706e+00,4.768174307093020303e+01,4.768268914714416695e+01
1.042339040644032488e+00,1.537146498516490878e+00,4.689783458215781131e+00,4.847982952650957600e+01,4.848079973224805173e+01
1.051988532038953927e+00,1.551376687861604209e+00,4.716439329569317884e+00,4.928853930046268772e+01,4.928953424032297903e+01
1.061727353949715180e+00,1.565738613699624082e+00,4.743154421552794986e+00,5.010793927254962910e+01,5.010895869597040075e+01
1.071556333356801893e+00,1.580233495585904535e+00,4.769935200308538903e+00,5.093809581188018143e+01,5.093913992828816362e+01
1.081476304896495266e+00,1.594862564365868263e+00,4.796791345527420702e+00,5.177907427585788724e+01,5.178014381893818552e+01
1.091488110931758237e+00,1.609627062279542997e+00,4.823732760724903201e+00,5.263093885138759020e+01,5.263203460024924851e+01
1.101592601623759826e+00,1.624528243067040023e+00,4.850769574931029560e+00,5.349375255718612721e+01,5.349487479026082326e+01
1.111790635004059835e+00,1.639567372075003249e+00,4.877909260396848801e+00,5.436757714356983229e+01,5.436872554629226784e+01
1.122083077047482780e+00,1.654745726364080127e+00,4.905147260506180551e+00,5.525247280833813335e+01,5.525364799806357041e+01
1.132470801745645073e+00,1.670064594817350034e+00,4.932475691418598096e+00,5.614849860375321811e+01,5.614970198422244607e+01
1.142954691181173432e+00,1.685525278249776493e+00,4.959886491515004714e+00,5.705571256282639325e+01,5.705694554129163976e+01
1.153535635602600307e+00,1.701129089518655491e+00,4.987371420025597857e+00,5.797417169954579919e+01,5.797543484039844230e+01
1.164214533499972504e+00,1.716877353635116510e+00,5.014924205917874467e+00,5.890393206846899687e+01,5.890522484605793352e+01
1.174992291681141499e+00,1.732771407876628089e+00,5.042547464344766084e+00,5.984504892426602396e+01,5.984637163857683362e+01
1.185869825348757622e+00,1.748812601900542107e+00,5.070246238724104515e+00,6.079757650614323694e+01,6.079893029343907784e+01
1.196848058178000551e+00,1.765002297858723646e+00,5.098025687931136751e+00,6.176156798372450396e+01,6.176295406278176614e+01
1.207927922395005904e+00,1.781341870513207359e+00,5.125891087139880398e+00,6.273707547463956757e+01,6.273849431798259957e+01
1.219110358856019705e+00,1.797832707352926773e+00,5.153846613204183136e+00,6.372415004044388809e+01,6.372560116795188634e+01
1.230396317127305794e+00,1.814476208711555349e+00,5.181891474015750454e+00,6.472284164606891466e+01,6.472432561081090796e+01
1.241786755565771783e+00,1.831273787886405824e+00,5.210023543200539287e+00,6.573319927290482667e+01,6.573471755764654745e+01
1.253282641400342179e+00,1.848226871258431103e+00,5.238240648276796030e+00,6.675527096669502214e+01,6.675682507879459138e+01
1.264884950814105347e+00,1.865336898413368694e+00,5.266540570326077919e+00,6.778910385859484222e+01,6.779069435209804340e+01
1.276594669027199869e+00,1.882605322263972480e+00,5.294921022894981455e+00,6.883474418732818378e+01,6.883637042069372569e+01
1.288412790380468298e+00,1.900033609173378935e+00,5.323379586166337774e+00,6.989223732220396812e+01,6.989389975999911542e+01
1.300340318419906938e+00,1.917623239079644382e+00,5.351913768491663781e+00,7.096162778913532065e+01,7.096332793528112859e+01
1.312378265981875014e+00,1.935375705621405373e+00,5.380521027779989751e+00,7.204295929694389145e+01,7.204469872840542166e+01
1.324527655279093885e+00,1.953292516264701018e+00,5.409198771200576239e+00,7.313627476433445906e+01,7.313805409349059516e+01
1.336789517987463816e+00,1.971375192431003898e+00,5.437944972124848064e+00,7.424161635332121989e+01,7.424343496369361617e+01
1.349164895333662129e+00,1.989625269626400295e+00,5.466760096757434795e+00,7.535902551162371310e+01,7.536088393123422691e+01
1.361654838183551153e+00,2.008044297571967451e+00,5.495645275063782087e+00,7.648854297987207929e+01,7.649044280273550100e+01
1.374260407131431050e+00,2.026633840335394510e+00,5.524601665889461444e+00,7.763020881625536163e+01,7.763215170385909403e+01
1.386982672590091781e+00,2.045395476463783613e+00,5.553630457171057522e+00,7.878406242823825778e+01,7.878604904295109179e+01
1.399822714881699515e+00,2.064330799117680915e+00,5.582733137267347878e+00,7.995014260610811618e+01,7.995217234823012120e+01
1.412781624329551233e+00,2.083441416206387231e+00,5.611912333103489914e+00,8.112848755885967478e+01,8.113056099815538857e+01
1.425860501350647791e+00,2.102728950524476836e+00,5.641171010708410094e+00,8.231913493991602593e+01,8.232125372970665467e+01
1.439060456549143829e+00,2.122195039889609003e+00,5.670512200822000359e+00,8.352212187775224095e+01,8.352428774128880207e+01
1.452382610810642793e+00,2.141841337281584767e+00,5.699938999368842296e+00,8.473748500820951790e+01,8.473969866465550638e+01
1.465828095397396336e+00,2.161669510982740405e+00,5.729453903576923857e+00,8.596526050406532704e+01,8.596752141047549856e+01
1.479398052044357481e+00,2.181681244719595014e+00,5.759056779669613491e+00,8.720548410103558012e+01,8.720779287815844327e+01
1.493093633056122194e+00,2.201878237805813487e+00,5.788746813980657713e+00,8.845819113879682050e+01,8.846054948025205533e+01
1.506916001404797978e+00,2.222262205286532843e+00,5.818523176427488508e+00,8.972341659354229648e+01,8.972582626594805788e+01
1.520866330828748003e+00,2.242834878083981742e+00,5.848385020410536761e+00,9.100119510705712855e+01,9.100365690127247831e+01
1.534945805932251828e+00,2.263598003144450477e+00,5.878330983551249389e+00,9.229156101409765256e+01,9.229407449581628953e+01
1.549155622286115586e+00,2.284553343586662066e+00,5.908357675577945223e+00,9.359454836779453046e+01,9.359711420792686454e+01
1.563496986529184785e+00,2.305702678851474285e+00,5.938461137030479620e+00,9.491019097127995963e+01,9.491281086119330723e+01
1.577971116470798796e+00,2.327047804852969470e+00,5.968637329969657124e+00,9.623852240487562426e+01,9.624119811435423344e+01
1.592579241194220341e+00,2.348590534130984064e+00,5.998882137516392987e+00,9.757957605123637279e+01,9.758230844945471461e+01
1.607322601160994902e+00,2.370332696005006401e+00,6.029192581877174995e+00,9.893338512126737783e+01,9.893617394404212462e+01
1.622202448316276246e+00,2.392276136729503122e+00,6.059570477599618421e+00,1.002999826809649306e+02,1.003028286648496845e+02
1.637220046195155154e+00,2.414422719650722637e+00,6.090018886498289596e+00,1.016794016678687598e+02,1.016823064741643634e+02
1.652376670029944261e+00,2.436774325364908123e+00,6.120540936740679783e+00,1.030716749120788336e+02,1.030746402783286015e+02
1.667673606858455670e+00,2.459332851877976012e+00,6.151139823269354601e+00,1.044768351582311112e+02,1.044798620232432285e+02
1.683112155633310625e+00,2.482100214766716828e+00,6.181818329158011771e+00,1.058949150862719364e+02,1.058980033860262324e+02
1.698693627332231060e+00,2.505078347341440637e+00,6.212577403968516876e+00,1.073259473310520917e+02,1.073290978837851526e+02
1.714419345069352785e+00,2.528269200810135064e+00,6.243417551424025547e+00,1.087699645031427309e+02,1.087731789386452022e+02
1.730290644207598705e+00,2.551674744444180298e+00,6.274339287134276688e+00,1.102269992076911933e+02,1.102302792260378368e+02
1.746308872472058571e+00,2.575296965745551336e+00,6.305343138695000960e+00,1.116970840621825261e+02,1.117004306767617265e+02
1.762475390064440095e+00,2.599137870615602530e+00,6.336429111464884301e+00,1.131802517133713337e+02,1.131836650766145027e+02
1.778791569778556569e+00,2.623199483525374465e+00,6.367595118594352677e+00,1.146765348534505478e+02,1.146800158632221383e+02
1.795258797116920046e+00,2.647483847687538638e+00,6.398838521008584301e+00,1.161859662368399455e+02,1.161895164769553332e+02
1.811878470408382791e+00,2.671993025229881358e+00,6.430156629969213888e+00,1.177085786957781437e+02,1.177121998155609219e+02
1.828652000926866084e+00,2.696729097370396566e+00,6.461546706797056672e+00,1.192444051552848805e+02,1.192480982419537980e+02
1.845580813011221011e+00,2.721694164594043563e+00,6.493007552303726726e+00,1.207934786480514191e+02,1.207972440831696446e+02
1.862666344186167944e+00,2.746890346831098562e+00,6.524544130444348333e+00,1.223558323292508305e+02,1.223596710976581505e+02
1.879910045284352682e+00,2.772319783637151591e+00,6.556163008168800488e+00,1.239314994894686492e+02,1.239354131310217042e+02
1.897313380569567887e+00,2.797984634374823365e+00,6.587870882279593054e+00,1.255205135685241231e+02,1.255245036805571033e+02
1.914877827861082071e+00,2.823887078397112393e+00,6.619674580322982393e+00,1.271229081694445000e+02,1.271269759079448676e+02
1.932604878659116565e+00,2.850029315232438520e+00,6.651577496230505204e+00,1.287387170720444090e+02,1.287428630392835487e+02
1.950496038271522403e+00,2.876413564771453046e+00,6.683569325795268412e+00,1.303679742462579441e+02,1.303721995165365115e+02
1.968552825941592310e+00,2.903042067455526176e+00,6.715636245064014354e+00,1.320107138670979339e+02,1.320150199481473123e+02
1.986776774977056848e+00,2.929917084466976629e+00,6.747764165579087425e+00,1.336669703285085689e+02,1.336713587774959251e+02
2.005169432880310243e+00,2.957040897921118017e+00,6.779938733019128527e+00,1.353367782570105646e+02,1.353412502997286140e+02
2.023732361479806396e+00,2.984415811060030066e+00,6.812150330783521390e+00,1.370201725256605130e+02,1.370247289710010534e+02
2.042467137062669913e+00,3.012044148448119518e+00,6.844408341744348867e+00,1.387171882682738726e+02,1.387218302757947015e+02
2.061375350508574122e+00,3.039928256169553311e+00,6.876726927486779495e+00,1.404278608928818528e+02,1.404325899453426985e+02
2.080458607424816808e+00,3.068070502027454349e+00,6.909120525219115905e+00,1.421522260960873041e+02,1.421570437187026243e+02
2.099718528282652041e+00,3.096473275744951792e+00,6.941603849222903300e+00,1.438903198777859984e+02,1.438952273630628724e+02
2.119156748554917424e+00,3.125138989168142256e+00,6.974187570982897100e+00,1.456421785560096964e+02,1.456471769018873772e+02
2.138774918854899898e+00,3.154070076470874007e+00,7.006866130307964902e+00,1.474078387819262161e+02,1.474129292332191881e+02
2.158574705076485412e+00,3.183268994361429627e+00,7.039629956446135317e+00,1.491873375553431060e+02,1.491925215851794633e+02
2.178557788535645745e+00,3.212738222291174672e+00,7.072469299001347132e+00,1.509807122401554977e+02,1.509859913575844530e+02
2.198725866113191874e+00,3.242480262665081270e+00,7.105374226882478439e+00,1.527880005799240735e+02,1.527933761451776888e+02
2.219080650398874699e+00,3.272497641054231909e+00,7.138338805835060974e+00,1.546092407136655709e+02,1.546147138954020193e+02
2.239623869836794068e+00,3.302792906410255025e+00,7.171372764206584982e+00,1.564444711918206394e+02,1.564500433145196325e+02
2.260357268872196013e+00,3.333368631281810934e+00,7.204489734313296978e+00,1.582937309922753570e+02,1.582994035273123927e+02
2.281282608099592490e+00,3.364227412033022002e+00,7.237703603504592742e+00,1.601570595366057148e+02,1.601628339868942135e+02
2.302401664412248472e+00,3.395371869063926074e+00,7.271028515831304162e+00,1.620344967064513639e+02,1.620403745004206826e+02
2.323716231153096334e+00,3.426804647033027784e+00,7.304472027974583170e+00,1.639260828599703075e+02,1.639320653242149888e+02
2.345228118267006945e+00,3.458528415081856267e+00,7.338016191085457329e+00,1.658318588483533915e+02,1.658379473847988663e+02
2.366939152454465400e+00,3.490545867061591423e+00,7.371636720756288952e+00,1.677518660324371922e+02,1.677580621187100292e+02
2.388851177326718034e+00,3.522859721761860907e+00,7.405308886543092939e+00,1.696861462992931422e+02,1.696924514413582301e+02
2.410966053562308975e+00,3.555472723141585245e+00,7.439007510004289614e+00,1.716347420788043507e+02,1.716411577748343120e+02
2.433285659065066220e+00,3.588387640561961689e+00,7.472715545045683250e+00,1.735976963602268199e+02,1.736042240856511967e+02
2.455811889123595826e+00,3.621607269021672071e+00,7.506447549195193858e+00,1.755750527087127182e+02,1.755816939399736611e+02
2.478546656572205631e+00,3.655134429394197859e+00,7.540225768019434227e+00,1.775668552817449495e+02,1.775736115066394802e+02
2.501491891953322444e+00,3.688971968667338786e+00,7.574072859044610695e+00,1.795731488455053011e+02,1.795800215783977478e+02
2.524649543681454222e+00,3.723122760185008318e+00,7.608011893424827754e+00,1.815939787911423196e+02,1.816009696015098882e+02
2.548021578208626181e+00,3.757589703891204724e+00,7.642060702976284148e+00,1.836293911509091004e+02,1.836365016585783394e+02
2.571609980191350342e+00,3.792375726576242556e+00,7.676216573350409078e+00,1.856794326141581735e+02,1.856866643688703959e+02
2.595416752659182258e+00,3.827483782125324030e+00,7.710471928222292881e+00,1.877441505431865210e+02,1.877515050455082246e+02
2.619443917184796522e+00,3.862916851769350401e+00,7.744819053329362823e+00,1.898235929889008844e+02,1.898310717650805657e+02
2.643693514055634797e+00,3.898677944338054147e+00,7.779250095536563769e+00,1.919178087062995530e+02,1.919254133987558077e+02
2.668167602447188980e+00,3.934770096515541660e+00,7.813757895388524055e+00,1.940268471697620498e+02,1.940345795409281777e+02
2.692868260597842234e+00,3.971196373098130117e+00,7.848338219323943932e+00,1.961507585881304863e+02,1.961586202604224241e+02
2.717797585985329167e+00,4.007959867254577091e+00,7.882987459454354529e+00,1.982895939195752533e+02,1.982975864076818766e+02
2.742957695504876448e+00,4.045063700788786853e+00,7.917701947256218453e+00,2.004434048862439965e+02,2.004515297303556167e+02
2.768350725648939470e+00,4.082511024404865907e+00,7.952477953345523431e+00,2.026122439886766244e+02,2.026205029056819740e+02
2.793978832688636338e+00,4.120305017974688511e+00,7.987313076058086381e+00,2.047961645199893326e+02,2.048045594147345128e+02
2.819844192856824527e+00,4.158448890807881604e+00,8.022209923874777715e+00,2.069952205798167597e+02,2.070037531475501282e+02
2.845949002532933925e+00,4.196945881924396993e+00,8.057172302132540764e+00,2.092094670880180729e+02,2.092181388587997901e+02
2.872295478429457205e+00,4.235799260329534022e+00,8.092204087059407414e+00,2.114389597981321174e+02,2.114477723278041879e+02
2.898885857780164166e+00,4.275012325291497106e+00,8.127309226128303976e+00,2.136837553105875998e+02,2.136927103919766182e+02
2.925722398530115953e+00,4.314588406621613359e+00,8.162491507653378164e+00,2.159439110856686739e+02,2.159530107662612579e+02
2.952807379527381482e+00,4.354530864957058434e+00,8.197753955557578465e+00,2.182194854562287105e+02,2.182287315046389438e+02
2.980143100716530213e+00,4.394843092046202493e+00,8.233099460246213752e+00,2.205105376401544106e+02,2.205199316033147170e+02
3.007731883333969680e+00,4.435528511036674892e+00,8.268530963314283611e+00,2.228171277525888456e+02,2.228266712038556818e+02
3.035576070105038049e+00,4.476590576766019680e+00,8.304051457732439800e+00,2.251393168179004363e+02,2.251490116274974014e+02
3.063678025442918784e+00,4.518032776055034283e+00,8.339661356846972851e+00,2.274771667814092098e+02,2.274870151395885784e+02
3.092040135649455124e+00,4.559858628003915726e+00,8.375351660854171598e+00,2.298307405208724106e+02,2.298407442704222774e+02
3.120664809117766225e+00,4.602071684291057174e+00,8.411111109089292270e+00,2.322001018577253433e+02,2.322102625644786542e+02
3.149554476536737813e+00,4.644675529474616482e+00,8.446928250403813010e+00,2.345853155680826490e+02,2.345956348252441046e+02
3.178711591097465927e+00,4.687673781296956221e+00,8.482791442643248914e+00,2.369864473935084845e+02,2.369969271502112633e+02
3.208138628701552086e+00,4.731070090991818411e+00,8.518693832574856017e+00,2.394035640515485284e+02,2.394142066405678122e+02
3.237838088171326234e+00,4.774868143594345860e+00,8.554646155785263772e+00,2.418367332460321677e+02,2.418475405853211555e+02
3.267812491462076974e+00,4.819071658254058477e+00,8.590663265510535496e+00,2.442860236771528548e+02,2.442969973540718343e+02
3.298064383876184280e+00,4.863684388550632676e+00,8.626760270865254654e+00,2.467515050513203221e+02,2.467626466818282154e+02
3.328596334279237734e+00,4.908710122812619758e+00,8.662952537771211325e+00,2.492332480907930972e+02,2.492445597045392844e+02
3.359410935318213554e+00,4.954152684439187659e+00,8.699250472760770236e+00,2.517313245431010955e+02,2.517428086147428417e+02
3.390510803641603843e+00,5.000015932224751047e+00,8.735646253767006542e+00,2.542458071902499626e+02,2.542574657140654040e+02
3.421898580121625510e+00,5.046303760686662088e+00,8.772127871421208312e+00,2.567767698577221154e+02,2.567886044458245465e+02
3.453576930078445351e+00,5.093020100395878380e+00,8.808683114792769331e+00,2.593242874232702206e+02,2.593362997178651881e+02
3.485548543506548747e+00,5.140168918310792812e+00,8.845299570572962011e+00,2.618884358255168650e+02,2.619006279385029643e+02
3.517816135303142744e+00,5.187754218114057458e+00,8.881967870864729164e+00,2.644692920723558132e+02,2.644816666192811567e+02
3.550382445498671657e+00,5.235780040552531212e+00,8.918689869062491837e+00,2.670669342491604539e+02,2.670794933019630548e+02
3.583250239489532696e+00,5.284250463780463924e+00,8.955469941470971307e+00,2.696814415268134439e+02,2.696941867261529637e+02
3.616422308272880137e+00,5.333169603705766093e+00,8.992312541897948819e+00,2.723128941695481444e+02,2.723258271879277004e+02
3.649901468683603323e+00,5.382541614339482194e+00,9.029222201922427971e+00,2.749613735426142398e+02,2.749744965760563105e+02
3.683690563633565507e+00,5.432370688148599136e+00,9.066202814427207102e+00,2.776269621197760671e+02,2.776402779234662148e+02
3.717792462352988547e+00,5.482661056412016620e+00,9.103255848652111126e+00,2.803097434906369472e+02,2.803232542157022635e+02
3.752210060634074917e+00,5.533416989579817979e+00,9.140382259970499135e+00,2.830098023678024788e+02,2.830235096877687511e+02
3.786946281076950083e+00,5.584642797635967604e+00,9.177583021680469244e+00,2.857272245938900141e+02,2.857411302161171420e+02
3.822004073337817331e+00,5.636342830464263542e+00,9.214859124991923167e+00,2.884620971483780068e+02,2.884762033550499609e+02
3.857386414379404549e+00,5.688521478217673177e+00,9.252210556324989454e+00,2.912145081543094420e+02,2.912288178388259325e+02
3.893096308723803745e+00,5.741183171691201181e+00,9.289633776654659059e+00,2.939845468848539554e+02,2.939990622792738009e+02
3.929136788707579431e+00,5.794332382698096140e+00,9.327124432098003126e+00,2.967723037697269888e+02,2.967870265852394027e+02
3.965510914739237336e+00,5.847973624449545937e+00,9.364678101052451353e+00,2.995778704014739446e+02,2.995928023853168725e+02
4.002221775559148931e+00,5.902111451937986253e+00,9.402290294195328357e+00,3.024013395416299090e+02,3.024164830643605342e+02
4.039272488501812752e+00,5.956750462323864959e+00,9.439958584318096868e+00,3.052428051267493174e+02,3.052581632184791260e+02
4.076666199760540010e+00,6.011895295325969002e+00,9.477687800686753761e+00,3.081023622743153965e+02,3.081179372500108684e+02
4.114406084654662621e+00,6.067550633615487854e+00,9.515484412628090638e+00,3.109801072885387612e+02,3.109959009022790610e+02
4.152495347899149536e+00,6.123721203213610131e+00,9.553354996359660234e+00,3.138761376660407336e+02,3.138921517103757992e+02
4.190937223876707307e+00,6.180411773892799054e+00,9.591306235242859302e+00,3.167905521014303645e+02,3.168067890376884179e+02
4.229734976912483013e+00,6.237627159581895064e+00,9.629343155371362428e+00,3.197234504927842522e+02,3.197399134862956771e+02
4.268891901551223000e+00,6.295372218774845763e+00,9.667464867129520911e+00,3.226749339470246696e+02,3.226916253978847635e+02
4.308411322837051749e+00,6.353651854943299426e+00,9.705669195215309131e+00,3.256451047852089005e+02,3.256620264959988731e+02
4.348296596595780272e+00,6.412471016952927094e+00,9.743953930466476621e+00,3.286340665477255243e+02,3.286512203621023787e+02
4.388551109719928789e+00,6.471834699483746789e+00,9.782316829364541277e+00,3.316419239994150985e+02,3.316593124720773176e+02
4.429178280456294914e+00,6.531747943454202066e+00,9.820753680378873085e+00,3.346687831346062580e+02,3.346864095646961914e+02
4.470181558696193491e+00,6.592215836449186739e+00,9.859253687180677517e+00,3.377147511820757586e+02,3.377326180572974863e+02
4.511564426268459549e+00,6.653243513152130362e+00,9.897804513829269624e+00,3.407799366099456506e+02,3.407980457873351270e+02
4.553330397235087368e+00,6.714836155780986360e+00,9.936393635377520184e+00,3.438644491305086035e+02,3.438828025109442592e+02
4.595483018189596258e+00,6.776998994528234732e+00,9.975008338756300219e+00,3.469683997049900768e+02,3.469869999393453099e+02
4.638025868558252718e+00,6.839737308005091165e+00,1.001364315696676677e+01,3.500919005482614352e+02,3.501107510682478505e+02
4.680962560903992653e+00,6.903056423689710286e+00,1.005231743212513074e+01,3.532350651334905365e+02,3.532541685171684094e+02
4.724296741233152908e+00,6.966961718379519830e+00,1.009105601319717671e+01,3.563980081967465594e+02,3.564173663618574892e+02
4.768032089305136445e+00,7.031458618647892678e+00,1.012988413797530463e+01,3.595808457415626549e+02,3.596004606525985423e+02
4.812172318944853977e+00,7.096552601304901842e+00,1.016882743315620807e+01,3.627836950434540881e+02,3.628035694504853268e+02
4.856721178358050395e+00,7.162249193862336050e+00,1.020790310593057093e+01,3.660066746543951126e+02,3.660268121206830756e+02
4.901682450449655448e+00,7.228553975003178422e+00,1.024709935087677337e+01,3.692499044072730499e+02,3.692703076042598695e+02
4.947059953144975708e+00,7.295472575055265807e+00,1.028639810642131813e+01,3.725135054203026925e+02,3.725341763329481637e+02
4.992857539713869919e+00,7.363010676469355253e+00,1.032578103043030993e+01,3.757976001014166059e+02,3.758185407644558609e+02
5.039079099098011660e+00,7.431174014301742403e+00,1.036522949953576678e+01,3.791023121526382056e+02,3.791235254185879739e+02
5.085728556241094545e+00,7.499968376701215966e+00,1.040472879924979033e+01,3.824277665744311321e+02,3.824492561373647845e+02
5.132809872422087416e+00,7.569399605400511710e+00,1.044427781689482693e+01,3.857740896700311737e+02,3.857958582980789402e+02
5.180327045591675450e+00,7.639473596212469353e+00,1.048387827235204206e+01,3.891414090497746088e+02,3.891634588018555974e+02
5.228284110711705956e+00,7.710196299530608144e+00,1.052353191662130705e+01,3.925298536354098928e+02,3.925521866233415267e+02
5.276685140097841398e+00,7.781573720834450647e+00,1.056324053182211919e+01,3.959395536644090612e+02,3.959621728466340755e+02
5.325534243765323694e+00,7.853611921199415313e+00,1.060300547208963096e+01,3.993706406942719696e+02,3.993935498952685634e+02
5.374835569778039890e+00,7.926317017811590482e+00,1.064282661289787946e+01,4.028232476068400842e+02,4.028464496950213061e+02
5.424593304600729304e+00,7.999695184487139343e+00,1.068270352488433872e+01,4.062975086126077144e+02,4.063210057277915439e+02
5.474811673454448524e+00,8.073752652196501955e+00,1.072263577628256570e+01,4.097935592550402930e+02,4.098173535931435936e+02
5.525494940675421240e+00,8.148495709593600367e+00,1.076262293317800633e+01,4.133115364149099378e+02,4.133356310440211701e+02
5.576647410077121059e+00,8.223930703549802601e+00,1.080266541233031496e+01,4.168515783146383455e+02,4.168759771896052371e+02
5.628273425315696521e+00,8.300064039692813367e+00,1.084276641179152811e+01,4.204138245226550339e+02,4.204385306160552318e+02
5.680377370258881342e+00,8.376902182950717091e+00,1.088292974262350299e+01,4.239984159577817309e+02,4.240234314974500762e+02
5.732963669358226433e+00,8.454451658100909484e+00,1.092315927579314483e+01,4.276054948936318283e+02,4.276308221667583211e+02
5.786036788024768285e+00,8.532719050324093502e+00,1.096345894241744112e+01,4.312352049630331976e+02,4.312608471513173640e+02
5.839601233008280268e+00,8.611711005763574178e+00,1.100383270923336809e+01,4.348876911624877835e+02,4.349136523515145996e+02
5.893661552779937196e+00,8.691434232089569889e+00,1.104428452334139976e+01,4.385630998566497283e+02,4.385893831273367027e+02
5.948222337918513958e+00,8.771895499068740776e+00,1.108481837521671842e+01,4.422615787828391944e+02,4.422881864583104630e+02
6.003288221500270971e+00,8.853101639139168810e+00,1.112543831486337353e+01,4.459832770555958064e+02,4.460102115216267293e+02
6.058863879492339066e+00,8.935059547990471529e+00,1.116614845076819229e+01,4.497283451712619353e+02,4.497556097273783848e+02
6.114954031149747671e+00,9.017776185149310564e+00,1.120694907306933352e+01,4.534969350126064569e+02,4.535245338759316382e+02
6.171563439416238417e+00,9.101258574570474380e+00,1.124782806279408121e+01,4.572891998534947788e+02,4.573171362177536707e+02
6.228696911328674979e+00,9.185513805233261664e+00,1.128877064619967285e+01,4.611052943635980910e+02,4.611335706546179836e+02
6.286359298425202802e+00,9.270549031743405166e+00,1.132976183586408503e+01,4.649453746131459297e+02,4.649739933227244819e+02
6.344555497157295498e+00,9.356371474940710087e+00,1.137078643236949560e+01,4.688095980777354725e+02,4.688385626276968310e+02
6.403290449305501397e+00,9.442988422512167190e+00,1.141183526745683530e+01,4.726981236431823845e+02,4.727274383834422906e+02
6.462569142399044786e+00,9.530407229610743158e+00,1.145291888981345352e+01,4.766111116104234497e+02,4.766407798522766939e+02
6.522396610139420403e+00,9.618635319480047130e+00,1.149405193830181915e+01,4.805487237004817871e+02,4.805787479800019923e+02
6.582777932827783118e+00,9.707680184084622965e+00,1.153524926793249961e+01,4.845111230594770291e+02,4.845415059820359716e+02
6.643718237796372605e+00,9.797549384746162104e+00,1.157652594852195271e+01,4.884984742637001318e+02,4.885292193781547212e+02
6.705222699843853995e+00,9.888250552785509129e+00,1.161789225225493283e+01,4.925109433247410493e+02,4.925420551155234534e+02
6.767296541674816979e+00,9.979791390170795751e+00,1.165934278321362960e+01,4.965486976946860409e+02,4.965801795957179934e+02
6.829945034343229082e+00,1.007217967017140303e+01,1.170086895893596513e+01,5.006119062713706853e+02,5.006437609366381594e+02
6.893173497699988772e+00,1.016542323801797387e+01,1.174246207513661666e+01,5.047007394036951951e+02,5.047329695598056674e+02
6.956987300844748923e+00,1.025953001156871913e+01,1.178411330662168766e+01,5.088153688970148210e+02,5.088479782248592755e+02
7.021391862581797483e+00,1.035450798198171007e+01,1.182581683570871434e+01,5.129559680185913066e+02,5.129889611393234645e+02
7.086392651880155213e+00,1.045036521439338628e+01,1.186757656378785875e+01,5.171227115031075527e+02,5.171560919786297745e+02
7.151995188338063691e+00,1.054710984860354372e+01,1.190939836279441977e+01,5.213157755582678874e+02,5.213495461682629184e+02
7.218205042651648640e+00,1.064475009976647790e+01,1.195128819066851911e+01,5.255353378704551233e+02,5.255695014705370340e+02
7.285027837087909575e+00,1.074329425908849522e+01,1.199325209043378671e+01,5.297815776104666838e+02,5.298161380188319072e+02
7.352469245962232058e+00,1.084275069453212126e+01,1.203529363476862990e+01,5.340546754393269566e+02,5.340896374165477027e+02
7.420534996120181859e+00,1.094312785152659195e+01,1.207740850281865974e+01,5.383548135141745661e+02,5.383901807557834900e+02
7.489230867423757765e+00,1.104443425368493870e+01,1.211959077595058787e+01,5.426821754942172902e+02,5.427179509134982709e+02
7.558562693242287800e+00,1.114667850352792655e+01,1.216183445437371091e+01,5.470369465467839518e+02,5.470731331362359242e+02
7.628536360947727246e+00,1.124986928321446200e+01,1.220413345775224023e+01,5.514193133534365643e+02,5.514559150741155236e+02
7.699157812414543223e+00,1.135401535527878281e+01,1.224648332501858938e+01,5.558294641161714935e+02,5.558664858712543264e+02
7.770433044524368782e+00,1.145912556337467691e+01,1.228888478279975871e+01,5.602675885637064539e+02,5.603050341883081273e+02
7.842368109675185828e+00,1.156520883302637515e+01,1.233133957969241479e+01,5.647338779578408321e+02,5.647717505068696937e+02
7.914969116295218932e+00,1.167227417238640186e+01,1.237384949217592833e+01,5.692285250999024129e+02,5.692668277107368340e+02
7.988242229361740776e+00,1.178033067300065007e+01,1.241641632521118765e+01,5.737517243372866460e+02,5.737904611196756832e+02
8.062193670924521882e+00,1.188938751058032928e+01,1.245904276969661950e+01,5.783036715700698096e+02,5.783428475734837093e+02
8.136829720634132457e+00,1.199945394578105251e+01,1.250173418274966686e+01,5.828845642577141462e+02,5.829241834630994390e+02
8.212156716275288204e+00,1.211053932498936447e+01,1.254449649832893243e+01,5.874946014258645164e+02,5.875346670379049101e+02
8.288181054304960327e+00,1.222265308111629523e+01,1.258733573358708391e+01,5.921339836732263393e+02,5.921744989822932439e+02
8.364909190395563243e+00,1.233580473439841185e+01,1.263025798648482478e+01,5.968029131785380059e+02,5.968438824492002368e+02
8.442347639983088570e+00,1.245000389320614609e+01,1.267326502669660648e+01,6.015015937076267392e+02,6.015430221398322601e+02
8.520502978820456264e+00,1.256526025485983666e+01,1.271634523949223805e+01,6.062302306205667719e+02,6.062721223476494288e+02
8.599381843535864434e+00,1.268158360645312399e+01,1.275948431510693837e+01,6.109890308789202891e+02,6.110313892636224864e+02
8.678990932196279928e+00,1.279898382568393878e+01,1.280266775121965850e+01,6.157782030530682960e+02,6.158210315470003025e+02
8.759337004876321942e+00,1.291747088169343982e+01,1.284588085693003379e+01,6.205979573296481249e+02,6.206412603586197747e+02
8.840426884232241989e+00,1.303705483591246406e+01,1.288911551397601229e+01,6.254485055190722278e+02,6.254922884381899166e+02
8.922267456081227621e+00,1.315774584291583338e+01,1.293238391233079554e+01,6.303300610631436030e+02,6.303743281649894925e+02
9.004865669986223509e+00,1.327955415128480077e+01,1.297570224534733541e+01,6.352428390427753584e+02,6.352875938565812248e+02
9.088228539846001652e+00,1.340249010447721822e+01,1.301908692833203318e+01,6.401870561857971325e+02,6.402323023327948022e+02
9.172363144490702780e+00,1.352656414170579957e+01,1.306255459475716307e+01,6.451629308748592848e+02,6.452086729488256651e+02
9.257276628283051423e+00,1.365178679882473212e+01,1.310611579181268027e+01,6.501706831554421342e+02,6.502169266718203744e+02
9.342976201724962237e+00,1.377816870922424641e+01,1.314976231184174615e+01,6.552105347439547813e+02,6.552572841617482027e+02
9.429469142069782706e+00,1.390572060473349403e+01,1.319348231576616826e+01,6.602827090359334079e+02,6.603299680594471965e+02
9.516762793940348075e+00,1.403445331653199801e+01,1.323726380726806973e+01,6.653874311143475779e+02,6.654352035429743637e+02
9.604864569952610509e+00,1.416437777606932613e+01,1.328109463562348935e+01,6.705249277579968066e+02,6.705732183605166483e+02
9.693781951345020076e+00,1.429550501599324441e+01,1.332496694303308260e+01,6.756954274500067186e+02,6.757442419078705598e+02
9.783522488613922263e+00,1.442784617108674539e+01,1.336888600358131640e+01,6.808991603864380977e+02,6.809485033325586301e+02
9.874093802154659372e+00,1.456141247921347670e+01,1.341285961227056767e+01,6.861363584849871131e+02,6.861862338074931813e+02
9.965503582908596059e+00,1.469621528227192897e+01,1.345689567026061439e+01,6.914072553937857037e+02,6.914576670789408581e+02
1.005775959301632305e+01,1.483226602715871145e+01,1.350100218205638569e+01,6.967120865003159906e+02,6.967630394992582978e+02
1.015086966647671574e+01,1.496957626674047326e+01,1.354518340803164023e+01,7.020510889404176851e+02,7.021025891067690736e+02
1.024484170981219044e+01,1.510815766083496570e+01,1.358943230152970472e+01,7.074245016074039540e+02,7.074765537557975676e+02
1.033968370274002169e+01,1.524802197720103436e+01,1.363373963925909749e+01,7.128325651612750562e+02,7.128851733725977056e+02
1.043540369885007202e+01,1.538918109253807920e+01,1.367809607945383021e+01,7.182755220380503260e+02,7.183286904943262243e+02
1.053200982628859705e+01,1.553164699349446387e+01,1.372249216599759336e+01,7.237536164591898569e+02,7.238073503015992856e+02
1.062951028844840096e+01,1.567543177768529716e+01,1.376692340716810925e+01,7.292670944411283926e+02,7.293213997021134674e+02
1.072791336466555734e+01,1.582054765471988844e+01,1.381140014875889044e+01,7.348162038049183593e+02,7.348710854889729944e+02
1.082722741092239183e+01,1.596700694723844727e+01,1.385593558687622995e+01,7.404011941859766921e+02,7.404566565758805154e+02
1.092746086055697496e+01,1.611482209195837711e+01,1.390054309121965304e+01,7.460223170439317073e+02,7.460783645265590849e+02
1.102862222497937594e+01,1.626400564073053445e+01,1.394523619926022562e+01,7.516798256725917327e+02,7.517364635871850851e+02
1.113072009439434851e+01,1.641457026160499666e+01,1.399002172603083238e+01,7.573739752100107125e+02,7.574312097749757413e+02
1.123376313853071018e+01,1.656652873990666563e+01,1.403488651646075347e+01,7.631050226486595420e+02,7.631628590668211700e+02
1.133776010737768125e+01,1.671989397932116361e+01,1.407981362120614577e+01,7.688732268457209784e+02,7.689316696111014835e+02
1.144271983192781583e+01,1.687467900299043677e+01,1.412478587468227076e+01,7.746788485334792540e+02,7.747379022471127428e+02
1.154865122492683582e+01,1.703089695461854447e+01,1.416978590107718183e+01,7.805221503298203061e+02,7.805818205373756200e+02
1.165556328163059874e+01,1.718856109958796452e+01,1.421480277467838960e+01,7.864033967488534245e+02,7.864636898623264187e+02
1.176346508056886897e+01,1.734768482608592777e+01,1.425984468368385905e+01,7.923228542116326025e+02,7.923837756410021029e+02
1.187236578431615719e+01,1.750828164624119765e+01,1.430492337833507399e+01,7.982807910569871410e+02,7.983423455170930083e+02
1.198227464026991029e+01,1.767036519727165711e+01,1.435005076278320146e+01,8.042774775524763982e+02,8.043396698680610371e+02
1.209320098143569489e+01,1.783394924264222681e+01,1.439523889274442503e+01,8.103131859054431061e+02,8.103760218373244015e+02
1.220515422721963716e+01,1.799904767323350185e+01,1.444049741002223719e+01,8.163881902741801468e+02,8.164516764360570278e+02
1.231814388422843187e+01,1.816567450852150145e+01,1.448582871843491482e+01,8.225027667792212469e+02,8.225669087973979003e+02
1.243217954707652950e+01,1.833384389776806955e+01,1.453123394298152782e+01,8.286571935147308068e+02,8.287219963346992699e+02
1.254727089920079663e+01,1.850357012122223210e+01,1.457671422364192360e+01,8.348517505600109416e+02,8.349172192400175163e+02
1.266342771368294251e+01,1.867486759133305085e+01,1.462227071322001848e+01,8.410867199911303942e+02,8.411528605162349095e+02
1.278065985407930860e+01,1.884775085397332006e+01,1.466790260124924572e+01,8.473623858926555386e+02,8.474292050868607475e+02
1.289897727525848836e+01,1.902223458967480951e+01,1.471360343953544003e+01,8.536790343695046204e+02,8.537465380849773737e+02
1.301839002424656222e+01,1.919833361487474122e+01,1.475936570631507827e+01,8.600369535589077259e+02,8.601051469818921760e+02
1.313890824108038657e+01,1.937606288317414283e+01,1.480518178762918780e+01,8.664364336424968087e+02,8.665053220748168314e+02
1.326054215966858507e+01,1.955543748660755554e+01,1.485104397889193528e+01,8.728777668584972389e+02,8.729473565189240389e+02
1.338330210866047310e+01,1.973647265692445529e+01,1.489694603769939540e+01,8.793612475140389506e+02,8.794315454459709827e+02
1.350719851232329560e+01,1.991918376688289882e+01,1.494288603923659942e+01,8.858871719975923043e+02,8.859581842889696190e+02
1.363224189142733245e+01,2.010358633155483332e+01,1.498886280845632690e+01,8.924558387915121784e+02,8.925275708797196330e+02
1.375844286413918383e+01,2.028969600964338937e+01,1.503487515991173318e+01,8.990675484846974541e+02,8.991400059255066708e+02
1.388581214692360355e+01,2.047752860481286419e+01,1.508092190052163772e+01,9.057226037853810112e+02,9.057957930411362213e+02
1.401436055545339876e+01,2.066710006703052471e+01,1.512700402872307315e+01,9.124213095340272730e+02,9.124952378771045005e+02
1.414409900552778154e+01,2.085842649392092696e+01,1.517312873286693176e+01,9.191639727163463931e+02,9.192386464807598259e+02
1.427503851399944779e+01,2.105152413213308904e+01,1.521930436653806495e+01,9.259509024764399783e+02,9.260263273614121999e+02
1.440719019971001025e+01,2.124640937871996726e+01,1.526553938824604018e+01,9.327824101300575421e+02,9.328585919559909598e+02
1.454056528443407537e+01,2.144309878253071133e+01,1.531184235769353563e+01,9.396588091779671004e+02,9.397357546610467125e+02
1.467517509383231911e+01,2.164160904561616050e+01,1.535821889404214602e+01,9.465804153194659420e+02,9.466581319711237938e+02
1.481103105841313017e+01,2.184195702464699806e+01,1.540466620712431478e+01,9.535475464659924683e+02,9.536260408770159529e+02
1.494814471450315452e+01,2.204415973234501536e+01,1.545118001064402158e+01,9.605605227548643370e+02,9.606398008973408196e+02
1.508652770522708941e+01,2.224823433892801816e+01,1.549775596752598972e+01,9.676196665631516680e+02,9.676997345331323004e+02
1.522619178149628283e+01,2.245419817356773606e+01,1.554438968905431828e+01,9.747253025216555216e+02,9.748061672998513814e+02
1.536714880300647224e+01,2.266206872586118948e+01,1.559107624281225313e+01,9.818777575290130244e+02,9.819594268764981280e+02
1.550941073924505709e+01,2.287186364731611476e+01,1.563780927809665755e+01,9.890773607659389199e+02,9.891598415413826615e+02
1.565298967050736323e+01,2.308360075284967294e+01,1.568458213752985131e+01,9.963244437095711419e+02,9.964077421693043561e+02
1.579789778892252272e+01,2.329729802230131597e+01,1.573138808719355097e+01,1.003619340147958610e+03,1.003703462675058177e+03
1.594414739948864579e+01,2.351297360195936292e+01,1.577822032213857817e+01,1.010962386194656006e+03,1.011047340045477654e+03
1.609175092111790661e+01,2.373064580610220631e+01,1.582507577666454601e+01,1.018353920303464292e+03,1.018439713499812228e+03
1.624072088769101185e+01,2.395033311855332769e+01,1.587196182145193468e+01,1.025794283283282994e+03,1.025880922963251123e+03
1.639106994912141246e+01,2.417205419425071611e+01,1.591888769801541059e+01,1.033283818313083430e+03,1.033371311028995251e+03
1.654281087242970116e+01,2.439582786083129307e+01,1.596586276117830394e+01,1.040822870957032819e+03,1.040911223390744226e+03
1.669595654282762709e+01,2.462167312022950227e+01,1.601289647268318816e+01,1.048411789179720699e+03,1.048501008874803347e+03
1.685051996481213976e+01,2.484960915029072126e+01,1.605999412956862216e+01,1.056050923361521200e+03,1.056141018612114067e+03
1.700651426326990645e+01,2.507965530640009533e+01,1.610714944073595589e+01,1.063740626314094243e+03,1.063831604549703115e+03
1.716395268459169898e+01,2.531183112312593764e+01,1.615435407800091383e+01,1.071481253296004752e+03,1.071573121377086864e+03
1.732284859779713315e+01,2.554615631587838465e+01,1.620159961753519440e+01,1.079273162028464867e+03,1.079365926947809839e+03
1.748321549567010180e+01,2.578265078258383980e+01,1.624887754846540133e+01,1.087116712711227592e+03,1.087210382311657668e+03
1.764506699590444683e+01,2.602133460537449494e+01,1.629618464496239838e+01,1.095012268038595721e+03,1.095106850898717084e+03
1.780841684226018629e+01,2.626222805229344459e+01,1.634353219622622788e+01,1.102960193215556046e+03,1.103055697068729160e+03
1.797327890573080822e+01,2.650535157901608585e+01,1.639093406060116465e+01,1.110960855974068409e+03,1.111057288001445841e+03
1.813966718572102366e+01,2.675072583058696907e+01,1.643840426006289235e+01,1.119014626589466161e+03,1.119111994107349119e+03
1.830759581123542645e+01,2.699837164317272453e+01,1.648595696532290233e+01,1.127121877896992146e+03,1.127220189059969243e+03
1.847707904207849694e+01,2.724831004583172955e+01,1.653359755021346089e+01,1.135282985308483603e+03,1.135382248992298400e+03
1.864813127006536675e+01,2.750056226229960998e+01,1.658130739569046241e+01,1.143498326829174857e+03,1.143598551083963685e+03
1.882076702024381021e+01,2.775514971279134357e+01,1.662906367417738451e+01,1.151768283074636201e+03,1.151869475415244779e+03
1.899500095212786732e+01,2.801209401582047676e+01,1.667684329637163643e+01,1.160093237287863303e+03,1.160195405367129297e+03
1.917084786094255833e+01,2.827141699003474073e+01,1.672462293188131000e+01,1.168473575356485981e+03,1.168576727653780154e+03
1.934832267888011970e+01,2.853314065606859984e+01,1.677239066516849419e+01,1.176909685830114768e+03,1.177013831531534606e+03
1.952744047636821989e+01,2.879728723841353499e+01,1.682016556915422001e+01,1.185401959937841639e+03,1.185507107423718253e+03
1.970821646334951183e+01,2.906387916730498588e+01,1.686797206711509745e+01,1.193950791605860104e+03,1.194056948738193341e+03
1.989066599057328233e+01,2.933293908062716682e+01,1.691583486523747482e+01,1.202556577475233098e+03,1.202663752256891485e+03
2.007480455089881843e+01,2.960448982583515232e+01,1.696377893001031367e+01,1.211219716919791836e+03,1.211327918168460883e+03
2.026064778061123661e+01,2.987855446189534803e+01,1.701181723632965870e+01,1.219940612064192464e+03,1.220049849290105385e+03
2.044821146074911766e+01,3.015515626124335213e+01,1.705993042730902687e+01,1.228719667802096637e+03,1.220049849290105385e+03
2.063751151844446952e+01,3.043431871176001735e+01,1.710809361776577830e+01,1.237557291814493283e+03,1.220049849290105385e+03
2.082856402827541586e+01,3.071606551876628188e+01,1.715628164225026708e+01,1.246453894588178173e+03,1.220049849290105385e+03
2.102138521363107060e+01,3.100042060703593805e+01,1.720446907880938170e+01,1.255409889434362640e+03,1.220049849290105385e+03
2.121599144808903503e+01,3.128740812282706685e+01,1.725264246256071843e+01,1.264425692507424856e+03,1.220049849290105385e+03
2.141239925680602596e+01,3.157705243593278865e+01,1.730082032916764945e+01,1.273501722823817317e+03,1.220049849290105385e+03
2.161062531792099151e+01,3.186937814175046668e+01,1.734902664160203756e+01,1.282638402281111667e+03,1.220049849290105385e+03
2.181068646397122990e+01,3.216441006337004893e+01,1.739728563512560910e+01,1.291836155677179249e+03,1.220049849290105385e+03
2.201259968332199080e+01,3.246217325368233020e+01,1.744562179270889146e+01,1.301095410729546984e+03,1.220049849290105385e+03
2.221638212160893389e+01,3.276269299750617137e+01,1.749404776389465610e+01,1.310416598094869641e+03,1.220049849290105385e+03
2.242205108319392082e+01,3.306599481373531546e+01,1.754254476587609091e+01,1.319800151388560607e+03,1.220049849290105385e+03
2.262962403263471600e+01,3.337210445750584853e+01,1.759108872637971643e+01,1.329246507204586578e+03,1.220049849290105385e+03
2.283911859616784668e+01,3.368104792238290202e+01,1.763965530760049916e+01,1.338756105135389816e+03,1.220049849290105385e+03
2.305055256320523327e+01,3.399285144256781166e+01,1.768821992807842136e+01,1.348329387791968429e+03,1.220049849290105385e+03
2.326394388784505907e+01,3.430754149512617346e+01,1.773676801990811214e+01,1.357966800824117399e+03,1.220049849290105385e+03
2.347931069039621832e+01,3.462514480223597957e+01,1.778531147636377341e+01,1.367668792940812182e+03,1.220049849290105385e+03
2.369667125891687576e+01,3.494568833345653047e+01,1.783386657754000737e+01,1.377435815930735998e+03,1.220049849290105385e+03
2.391604405076770945e+01,3.526919930801903291e+01,1.788244978721764866e+01,1.387268324682988805e+03,1.220049849290105385e+03
2.413744769417907676e+01,3.559570519713770409e+01,1.793107773949429173e+01,1.397166777207924724e+03,1.220049849290105385e+03
2.436090098983270380e+01,3.592523372634228451e+01,1.797976127889562648e+01,1.407131634658146822e+03,1.220049849290105385e+03
2.458642291245845612e+01,3.625781287783284768e+01,1.802849601417949543e+01,1.417163361349680372e+03,1.220049849290105385e+03
2.481403261244539848e+01,3.659347089285562049e+01,1.807727507531282640e+01,1.427262424783276401e+03,1.220049849290105385e+03
2.504374941746807437e+01,3.693223627410127108e+01,1.812609151977841293e+01,1.437429295665894642e+03,1.220049849290105385e+03
2.527559283412750446e+01,3.727413778812491074e+01,1.817493833858474872e+01,1.447664447932318126e+03,1.220049849290105385e+03
2.550958254960794491e+01,3.761920446778933069e+01,1.822381104542377983e+01,1.457968358766967867e+03,1.220049849290105385e+03
2.574573843334846401e+01,3.796746561473007375e+01,1.827271173281559413e+01,1.468341508625839197e+03,1.220049849290105385e+03
2.598408053873002288e+01,3.831895080184342106e+01,1.832164356042800080e+01,1.478784381258616577e+03,1.220049849290105385e+03
2.622462910477864995e+01,3.867368987579803985e+01,1.837060972507383383e+01,1.489297463730960544e+03,1.220049849290105385e+03
2.646740455788387791e+01,3.903171295956920517e+01,1.841961345523078819e+01,1.499881246446937894e+03,1.220049849290105385e+03
2.671242751353312883e+01,3.939305045499649793e+01,1.846865577358488153e+01,1.510536223171625352e+03,1.220049849290105385e+03
2.695971877806260153e+01,3.975773304536587460e+01,1.851773203268771439e+01,1.521262891053888097e+03,1.220049849290105385e+03
2.720929935042391179e+01,4.012579169801490764e+01,1.856683665186932686e+01,1.532061750649309488e+03,1.220049849290105385e+03
2.746119042396705723e+01,4.049725766696218443e+01,1.861596399421215864e+01,1.542933305943288133e+03,1.220049849290105385e+03
2.771541338824041034e+01,4.087216249556173153e+01,1.866510836741064949e+01,1.553878064374324367e+03,1.220049849290105385e+03
2.797198983080686574e+01,4.125053801918133445e+01,1.871426438106554357e+01,1.564896536857448382e+03,1.220049849290105385e+03
2.823094153907678461e+01,4.163241636790559141e+01,1.876342749346191141e+01,1.575989237807830250e+03,1.220049849290105385e+03
2.849229050215844694e+01,4.201782996926477409e+01,1.881259325917269720e+01,1.587156685164571627e+03,1.220049849290105385e+03
2.875605891272509496e+01,4.240681155098819488e+01,1.886175719105039050e+01,1.598399400414655020e+03,1.220049849290105385e+03
2.902226916889927466e+01,4.279939414378303297e+01,1.891091477230157736e+01,1.609717908617062221e+03,1.220049849290105385e+03
2.929094387615513284e+01,4.319561108413969919e+01,1.896006593272449692e+01,1.621112738427091472e+03,1.220049849290105385e+03
2.956210584923782037e+01,4.359549601716239664e+01,1.900922181776541819e+01,1.632584422120824229e+03,1.220049849290105385e+03
2.983577811410062708e+01,4.399908289942578676e+01,1.905839541500395384e+01,1.644133495619777023e+03,1.220049849290105385e+03
3.011198390986062634e+01,4.440640600185905384e+01,1.910759985084030177e+01,1.655760498515739300e+03,1.220049849290105385e+03
3.039074669077179891e+01,4.481749991265564859e+01,1.915684837053370160e+01,1.667465974095777938e+03,1.220049849290105385e+03
3.067209012821678726e+01,4.523239954021056519e+01,1.920614715971928632e+01,1.679250469367430924e+03,1.220049849290105385e+03
3.095603811271673678e+01,4.565114011608425670e+01,1.925548461640152453e+01,1.691114535084059980e+03,1.220049849290105385e+03
3.124261475596033577e+01,4.607375719799488678e+01,1.930484630152084691e+01,1.703058725770426463e+03,1.220049849290105385e+03
3.153184439285111296e+01,4.650028667283750394e+01,1.935421763042647569e+01,1.715083599748410734e+03,1.220049849290105385e+03
3.182375158357364597e+01,4.693076475973107620e+01,1.940358388916280674e+01,1.727189719162925712e+03,1.220049849290105385e+03
3.211836111567950525e+01,4.736522801309467923e+01,1.945293585328083807e+01,1.739377650008032560e+03,1.220049849290105385e+03
3.241569800619193131e+01,4.780371332575126075e+01,1.950227808564537213e+01,1.751647962153225990e+03,1.220049849290105385e+03
3.271578750372994193e+01,4.824625793206008240e+01,1.955161729829691808e+01,1.764001229369899647e+03,1.220049849290105385e+03
3.301865509065277848e+01,4.869289941107916064e+01,1.960096027660282303e+01,1.776438029358030462e+03,1.220049849290105385e+03
3.332432648522353702e+01,4.914367568975598743e+01,1.965031386939681113e+01,1.788958943773022611e+03,1.220049849290105385e+03
3.363282764379285084e+01,4.959862504614783774e+01,1.969968173613765572e+01,1.801564558252747474e+03,1.220049849290105385e+03
3.394418476300344167e+01,5.005778611267282230e+01,1.974905960017641959e+01,1.814255462444797786e+03,1.220049849290105385e+03
3.425842428201437428e+01,5.052119787939002293e+01,1.979844194968285365e+01,1.827032250033911851e+03,1.220049849290105385e+03
3.457557288474599488e+01,5.098889969731012428e+01,1.984782322174413949e+01,1.839895518769588989e+03,1.220049849290105385e+03
3.489565750214619300e+01,5.146093128173748710e+01,1.989719781099342555e+01,1.852845870493928487e+03,1.220049849290105385e+03
3.521870531447710562e+01,5.193733271564239118e+01,1.994656280302830353e+01,1.865883911169642488e+03,1.220049849290105385e+03
3.554474375362291738e+01,5.241814445306432191e+01,1.999592191564125088e+01,1.879010250908262378e+03,1.220049849290105385e+03
3.587380050541967336e+01,5.290340732254781386e+01,2.004527989870460303e+01,1.892225503998572776e+03,1.220049849290105385e+03
3.620590351200605994e+01,5.339316253060913908e+01,2.009464155378292460e+01,1.905530288935220597e+03,1.220049849290105385e+03
3.654108097419589996e+01,5.388745166523506214e+01,2.014401172355923109e+01,1.918925228447525569e+03,1.220049849290105385e+03
3.687936135387329273e+01,5.438631669941496938e+01,2.019339205950666383e+01,1.932410949528519041e+03,1.220049849290105385e+03
3.722077337640926231e+01,5.488979999470470261e+01,2.024277641696858154e+01,1.945988083464166266e+03,1.220049849290105385e+03
3.756534603310075937e+01,5.539794430482341170e+01,2.029215744140836364e+01,1.959657265862786289e+03,1.220049849290105385e+03
3.791310858363295466e+01,5.591079277928469793e+01,2.034152771073751609e+01,1.973419136684711475e+03,1.220049849290105385e+03
3.826409055856353802e+01,5.642838896706022211e+01,2.039087974318900010e+01,1.987274340272126892e+03,1.220049849290105385e+03
3.861832176183047238e+01,5.695077682027793742e+01,2.044020830257834476e+01,2.001223525379134117e+03,1.220049849290105385e+03
3.897583227328252775e+01,5.747800069795388112e+01,2.048951364302150679e+01,2.015267345202007618e+03,1.220049849290105385e+03
3.933665245123399501e+01,5.801010536975961429e+01,2.053879683746183815e+01,2.029406457409696259e+03,1.220049849290105385e+03
3.970081293504236442e+01,5.854713601982356863e+01,2.058805897497403592e+01,2.043641524174514643e+03,1.220049849290105385e+03
4.006834464770984283e+01,5.908913825056752955e+01,2.063730115628309392e+01,2.057973212203040475e+03,1.220049849290105385e+03
4.043927879850969020e+01,5.963615808657969097e+01,2.068652322371780983e+01,2.072402192767265205e+03,1.220049849290105385e+03
4.081364688563615317e+01,6.018824197852256219e+01,2.073572199514543257e+01,2.086929141735934081e+03,1.220049849290105385e+03
4.119148069887888397e+01,6.074543680707695614e+01,2.078489382375847327e+01,2.101554739606096973e+03,1.220049849290105385e+03
4.157281232232293888e+01,6.130778988692366482e+01,2.083403503387469868e+01,2.116279671534922272e+03,1.220049849290105385e+03
4.195767413707293514e+01,6.187534897076085372e+01,2.088314192824266513e+01,2.131104627371692914e+03,1.220049849290105385e+03
4.234609882400248182e+01,6.244816225335861759e+01,2.093221277033669736e+01,2.146030301690032047e+03,1.220049849290105385e+03
4.273811936652982268e+01,6.302627837565229640e+01,2.098125050741768405e+01,2.161057393820381549e+03,1.220049849290105385e+03
4.313376905341839773e+01,6.360974642887243391e+01,2.103025879707883661e+01,2.176186607882683347e+03,1.220049849290105385e+03
4.353308148160330404e+01,6.419861595871302029e+01,2.107924133709099479e+01,2.191418652819275849e+03,1.220049849290105385e+03
4.393609055904474303e+01,6.479293696953951098e+01,2.112820185052496313e+01,2.206754242428063662e+03,1.220049849290105385e+03
4.434283050760709699e+01,6.539275992863456111e+01,2.117714016893073747e+01,2.222194095395886052e+03,1.220049849290105385e+03
4.475333586596461544e+01,6.599813577048313107e+01,2.122604691720452053e+01,2.237738935332107303e+03,1.220049849290105385e+03
4.516764149253486238e+01,6.660911590109844838e+01,2.127491132226381509e+01,2.253389490802489945e+03,1.220049849290105385e+03
4.558578256843845367e+01,6.722575220238674376e+01,2.132372251788840600e+01,2.269146495363254417e+03,1.220049849290105385e+03
4.600779460048622127e+01,6.784809703655245983e+01,2.137246956603006964e+01,2.285010687595392938e+03,1.220049849290105385e+03
4.643371342419486325e+01,6.847620325054543855e+01,2.142114682603876119e+01,2.300982811139241221e+03,1.220049849290105385e+03
4.686357520682959432e+01,6.911012418054798445e+01,2.146976115149619346e+01,2.317063614729264373e+03,1.220049849290105385e+03
4.729741645047547394e+01,6.974991365650416242e+01,2.151832124459036066e+01,2.333253852229098356e+03,1.220049849290105385e+03
4.773527399513664449e+01,7.039562600669022174e+01,2.156683589380056176e+01,2.349554282666821109e+03,1.220049849290105385e+03
4.817718502186522755e+01,7.104731606232890329e+01,2.161531395302994341e+01,2.365965670270500596e+03,1.220049849290105385e+03
4.862318705591826529e+01,7.170503916224488705e+01,2.166375925128919988e+01,2.382488784503960687e+03,1.220049849290105385e+03
4.907331796994393613e+01,7.236885115756368236e+01,2.171216385339586452e+01,2.399124400102793061e+03,1.220049849290105385e+03
4.952761598719813207e+01,7.303880841645499800e+01,2.176051809800939907e+01,2.415873297110650128e+03,1.220049849290105385e+03
4.998611968478989809e+01,7.371496782891888699e+01,2.180881224388900463e+01,2.432736260915763523e+03,1.220049849290105385e+03
5.044886799695699864e+01,7.439738681161627198e+01,2.185703647817997108e+01,2.449714082287715883e+03,1.220049849290105385e+03
5.091590021837257041e+01,7.508612331274527207e+01,2.190518282998086619e+01,2.466807557414487746e+03,1.220049849290105385e+03
5.138725600748166045e+01,7.578123581696159761e+01,2.195324767251377196e+01,2.484017487939752755e+03,1.220049849290105385e+03
5.186297538986845268e+01,7.648278335034427755e+01,2.200122797072768321e+01,2.501344681000403853e+03,1.220049849290105385e+03
5.234309876165576014e+01,7.719082548540887956e+01,2.204912067178480228e+01,2.518789949264397364e+03,1.220049849290105385e+03
5.282766689293495688e+01,7.790542234616569317e+01,2.209692271149835818e+01,2.536354110968812620e+03,1.220049849290105385e+03
5.331672093122770661e+01,7.862663461322475200e+01,2.214463247012267644e+01,2.554037989958177604e+03,1.220049849290105385e+03
5.381030240498065353e+01,7.935452352894948547e+01,2.219225165231471664e+01,2.571842415723093382e+03,1.220049849290105385e+03
5.430845322709154033e+01,8.008915090265674053e+01,2.223978244747181421e+01,2.589768223439104531e+03,1.220049849290105385e+03
5.481121569846795438e+01,8.083057911586485034e+01,2.228722707262714664e+01,2.607816254005812880e+03,1.220049849290105385e+03
5.531863251161999528e+01,8.157887112759179615e+01,2.233458776439426785e+01,2.625987354086327286e+03,1.220049849290105385e+03
5.583074675428522227e+01,8.233409047970096140e+01,2.238186500495760356e+01,2.644282376146928073e+03,1.220049849290105385e+03
5.634760191308713928e+01,8.309630130229632528e+01,2.242905525969657532e+01,2.662702178497021578e+03,1.220049849290105385e+03
5.686924187722860324e+01,8.386556831916914234e+01,2.247615441899060329e+01,2.681247625329392577e+03,1.220049849290105385e+03
5.739571094221832226e+01,8.464195685329349317e+01,2.252315834712366893e+01,2.699919586760715902e+03,1.220049849290105385e+03
5.792705381363195727e+01,8.542553283237273831e+01,2.257006287588624716e+01,2.718718938872336821e+03,1.220049849290105385e+03
5.846331561090899953e+01,8.621636279443886508e+01,2.261686238958165518e+01,2.737646563751370650e+03,1.220049849290105385e+03
5.900454187118365468e+01,8.701451389350191334e+01,2.266354804304192427e+01,2.756703349532051561e+03,1.220049849290105385e+03
5.955077855315193602e+01,8.782005390525281996e+01,2.271011049282950012e+01,2.775890190437394722e+03,1.220049849290105385e+03
6.010207204097376632e+01,8.863305123281782016e+01,2.275654032905185886e+01,2.795207986821103532e+03,1.220049849290105385e+03
6.065846914821248959e+01,8.945357491256818605e+01,2.280282809847220449e+01,2.814657645209832026e+03,1.220049849290105385e+03
6.122001712180970401e+01,9.028169461998186307e+01,2.284896902372229022e+01,2.834240078345687834e+03,1.220049849290105385e+03
6.178676364609689386e+01,9.111748067555949149e+01,2.289496887126976432e+01,2.853956205229031639e+03,1.220049849290105385e+03
6.235875684684535258e+01,9.196100405079685913e+01,2.294083489469646153e+01,2.873806951161610414e+03,1.220049849290105385e+03
6.293604529535244296e+01,9.281233637421094329e+01,2.298657441711204896e+01,2.893793247789952147e+03,1.220049849290105385e+03
6.351867801256570090e+01,9.367154993742175861e+01,2.303219480239679484e+01,2.913916033149057512e+03,1.220049849290105385e+03
6.410670447324622501e+01,9.453871770129217111e+01,2.307769772459304747e+01,2.934176251706438961e+03,1.220049849290105385e+03
6.470017461016951188e+01,9.541391330212285027e+01,2.312307213247639126e+01,2.954574854406418581e+03,1.220049849290105385e+03
6.529913881836513667e+01,9.629721105790463298e+01,2.316830518863440957e+01,2.975112798714723795e+03,1.220049849290105385e+03
6.590364795939690623e+01,9.718868597463044523e+01,2.321338396584991415e+01,2.995791048663460060e+03,1.220049849290105385e+03
6.651375336568135310e+01,9.808841375266383977e+01,2.325829546276433035e+01,3.016610574896312301e+03,1.220049849290105385e+03
6.712950684484636099e+01,9.899647079316672205e+01,2.330302951891749785e+01,3.037572354714104222e+03,1.220049849290105385e+03
6.775096068413115802e+01,9.991293420458804064e+01,2.334758234781822850e+01,3.058677372120665495e+03,1.220049849290105385e+03
6.837816765482601511e+01,1.008378818092110407e+02,2.339195100421757090e+01,3.079926617869018173e+03,1.220049849290105385e+03
6.901118101675291427e+01,1.017713921497609704e+02,2.343613253461584378e+01,3.101321089507847319e+03,1.220049849290105385e+03
6.965005452278897735e+01,1.027135444960757553e+02,2.348012397959003295e+01,3.122861791428364540e+03,1.220049849290105385e+03
7.029484242343055200e+01,1.036644188518368139e+02,2.352392277930209019e+01,3.144549734911423911e+03,1.220049849290105385e+03
7.094559947139946132e+01,1.046240959613618315e+02,2.356752725865239384e+01,3.166385938174980311e+03,1.220049849290105385e+03
7.160238092629327866e+01,1.055926573164625779e+02,2.361093586195696403e+01,3.188371426421917022e+03,1.220049849290105385e+03
7.226524255927731133e+01,1.065701851633642576e+02,2.365414703659207518e+01,3.210507231888156184e+03,1.220049849290105385e+03
7.293424065781998422e+01,1.075567625096888094e+02,2.369715922859916191e+01,3.232794393891099844e+03,1.220049849290105385e+03
7.360943203047347083e+01,1.085524731315048967e+02,2.373997005604593369e+01,3.255233958878454359e+03,1.220049849290105385e+03
7.429087401169701366e+01,1.095574015804409527e+02,2.378257533269649571e+01,3.277826980477340385e+03,1.220049849290105385e+03
7.497862446672581882e+01,1.105716331908653842e+02,2.382497062123201204e+01,3.300574519543764382e+03,1.220049849290105385e+03
7.567274179648417487e+01,1.115952540871319485e+02,2.386715146762027118e+01,3.323477644212415271e+03,1.220049849290105385e+03
7.637328494254546740e+01,1.126283511908943638e+02,2.390911339407556824e+01,3.346537429946838529e+03,1.220049849290105385e+03
7.708031339213687261e+01,1.136710122284867595e+02,2.395085057675072449e+01,3.369754959589930877e+03,1.220049849290105385e+03
7.779388718319022189e+01,1.147233257383722389e+02,2.399235430422568527e+01,3.393131323414756025e+03,1.220049849290105385e+03
7.851406690944116917e+01,1.157853810786626809e+02,2.403361544947745898e+01,3.416667619175782420e+03,1.220049849290105385e+03
7.924091372557403190e+01,1.168572684347058299e+02,2.407462483964963340e+01,3.440364952160417033e+03,1.220049849290105385e+03
7.997448935241440893e+01,1.179390788267429713e+02,2.411537326447844620e+01,3.464224435240892035e+03,1.220049849290105385e+03
8.071485608217111007e+01,1.190309041176391531e+02,2.415585278828755378e+01,3.488247188926558465e+03,1.220049849290105385e+03
8.146207678372535099e+01,1.201328370206832972e+02,2.419605825931094145e+01,3.512434341416492316e+03,1.220049849290105385e+03
8.221621490796879073e+01,1.212449711074602305e+02,2.423598487368890275e+01,3.536787028652471690e+03,1.220049849290105385e+03
8.297733449319248678e+01,1.223674008157977937e+02,2.427562781561186611e+01,3.561306394372349132e+03,1.220049849290105385e+03
8.374550017052433759e+01,1.235002214577854858e+02,2.431498227351505648e+01,3.585993590163761382e+03,1.220049849290105385e+03
8.452077716941671781e+01,1.246435292278671483e+02,2.435404609236938711e+01,3.610849775518201113e+03,1.220049849290105385e+03
8.530323132318653734e+01,1.257974212110109562e+02,2.439282278484383326e+01,3.635876117885506119e+03,1.220049849290105385e+03
8.609292907460499578e+01,1.269619953909526515e+02,2.443131662883007493e+01,3.661073792728681838e+03,1.220049849290105385e+03
8.688993748153914964e+01,1.281373506585151745e+02,2.446953194874699378e+01,3.686443983579098585e+03,1.220049849290105385e+03
8.769432422264723925e+01,1.293235868200077334e+02,2.450747306410809756e+01,3.711987882092127620e+03,1.220049849290105385e+03
8.850615760312507518e+01,1.305208046056998512e+02,2.454513595066272202e+01,3.737706688103082797e+03,1.220049849290105385e+03
8.932550656050581495e+01,1.317291056783745944e+02,2.458249889833253476e+01,3.763601609683590141e+03,1.220049849290105385e+03
9.015244067051480670e+01,1.329485926419625343e+02,2.461953784563929304e+01,3.789673863198350318e+03,1.220049849290105385e+03
9.098703015297705576e+01,1.341793690502537117e+02,2.465622860758956847e+01,3.815924673362278099e+03,1.220049849290105385e+03
9.182934587778031243e+01,1.354215394156913419e+02,2.469254691044274352e+01,3.842355273298037901e+03,1.220049849290105385e+03
9.267945937089230313e+01,1.366752092182455272e+02,2.472847342473050958e+01,3.868966904593955405e+03,1.220049849290105385e+03
9.353744282043558655e+01,1.379404849143718934e+02,2.476399932815827043e+01,3.895760817362383477e+03,1.220049849290105385e+03
9.440336908281683748e+01,1.392174739460504895e+02,2.479911710758554477e+01,3.922738270298417319e+03,1.220049849290105385e+03
9.527731168891301650e+01,1.405062847499085876e+02,2.483381923772992295e+01,3.949900530739017086e+03,1.220049849290105385e+03
9.615934485031638701e+01,1.418070267664302833e+02,2.486809822611582987e+01,3.977248874722580240e+03,1.220049849290105385e+03
9.704954346563575029e+01,1.431198104492490017e+02,2.490195340542958036e+01,4.004784587048889534e+03,1.220049849290105385e+03
9.794798312685584563e+01,1.444447472745256391e+02,2.493539833964524988e+01,4.032508961339447069e+03,1.220049849290105385e+03
9.885474012575758707e+01,1.457819497504167146e+02,2.496844846507167404e+01,4.060423300098310392e+03,1.220049849290105385e+03
9.976989146039581158e+01,1.471315314266270491e+02,2.500111932830068184e+01,4.088528914773262386e+03,1.220049849290105385e+03
1.006935148416369969e+02,1.484936069040510063e+02,2.503342649894175764e+01,4.116827125817419073e+03,1.220049849290105385e+03
1.016256886997594222e+02,1.498682918445058476e+02,2.506537280238797649e+01,4.145319262751319002e+03,1.220049849290105385e+03
1.025664921911124878e+02,1.512557029805522575e+02,2.509693458726750848e+01,4.174006664225373243e+03,1.220049849290105385e+03
1.035160052048377537e+02,1.526559581254059026e+02,2.512808483251097869e+01,4.202890678082749218e+03,1.220049849290105385e+03
1.044743083696540253e+02,1.540691761829435507e+02,2.515879641008763201e+01,4.231972661422752935e+03,1.220049849290105385e+03
1.054414830607033764e+02,1.554954771577988026e+02,2.518904213024983818e+01,4.261253980664575465e+03,1.220049849290105385e+03
1.064176114064605798e+02,1.569349821655516450e+02,2.521880072346661095e+01,4.290736011611490540e+03,1.220049849290105385e+03
1.074027762957083922e+02,1.583878134430148634e+02,2.524806318657873661e+01,4.320420139515548726e+03,1.220049849290105385e+03
1.083970613845754372e+02,1.598540943586129401e+02,2.527682202254074184e+01,4.350307759142650866e+03,1.220049849290105385e+03
1.094005511036393443e+02,1.613339494228570175e+02,2.530506973824055095e+01,4.380400274838082623e+03,1.220049849290105385e+03
1.104133306650975612e+02,1.628275042989198482e+02,2.533279887713752032e+01,4.410699100592550167e+03,1.220049849290105385e+03
1.114354860700024830e+02,1.643348858133055330e+02,2.536000648539488012e+01,4.441205660108609663e+03,1.220049849290105385e+03
1.124671041155637283e+02,1.658562219666180795e+02,2.538669878436903815e+01,4.471921386867559704e+03,1.220049849290105385e+03
1.135082724025198786e+02,1.673916419444327914e+02,2.541288317195116164e+01,4.502847724196858508e+03,1.220049849290105385e+03
1.145590793425763252e+02,1.689412761282647466e+02,2.543856711427045525e+01,4.533986125337924932e+03,1.220049849290105385e+03
1.156196141659132053e+02,1.705052561066408998e+02,2.546375802924716680e+01,4.565338053514446983e+03,1.220049849290105385e+03
1.166899669287616348e+02,1.720837146862728559e+02,2.548844734609307139e+01,4.596904982001135977e+03,1.220049849290105385e+03
1.177702285210522177e+02,1.736767859033361106e+02,2.551259405983567063e+01,4.628688394193015483e+03,1.220049849290105385e+03
1.188604906741323788e+02,1.752846050348508697e+02,2.553615314122627211e+01,4.660689783675104081e+03,1.220049849290105385e+03
1.199608459685551196e+02,1.769073086101682861e+02,2.555907943934628079e+01,4.692910654292619256e+03,1.220049849290105385e+03
1.210713878419419700e+02,1.785450344225659478e+02,2.558132784756808320e+01,4.725352520221679697e+03,1.220049849290105385e+03
1.221922105969166239e+02,1.801979215409476751e+02,2.560287431785455325e+01,4.758016906040468712e+03,1.220049849290105385e+03
1.233234094091119744e+02,1.818661103216516324e+02,2.562373723423197447e+01,4.790905346800874213e+03,1.220049849290105385e+03
1.244650803352535604e+02,1.835497424203709613e+02,2.564394017378643298e+01,4.824019388100679862e+03,1.220049849290105385e+03
1.256173203213155176e+02,1.852489608041815643e+02,2.566350684555694528e+01,4.857360586156186400e+03,1.220049849290105385e+03
1.267802272107520594e+02,1.869639097636809595e+02,2.568246099045977360e+01,4.890930507875356852e+03,1.220049849290105385e+03
1.279538997528075299e+02,1.886947349252433526e+02,2.570081401295901813e+01,4.924730730931498329e+03,1.220049849290105385e+03
1.291384376109009509e+02,1.904415832633843877e+02,2.571855258025613367e+01,4.958762843837409491e+03,1.220049849290105385e+03
1.303339413710882866e+02,1.922046031132403527e+02,2.573566042984706570e+01,4.993028446020019146e+03,1.220049849290105385e+03
1.315405125506053139e+02,1.939839441831666420e+02,2.575212130508401387e+01,5.027529147895624192e+03,1.220049849290105385e+03
1.327582536064873011e+02,1.957797575674491952e+02,2.576791895064160443e+01,5.062266570945566855e+03,1.220049849290105385e+03
1.339872679442684955e+02,1.975921957591336025e+02,2.578303603727751536e+01,5.097242347792423061e+03,1.220049849290105385e+03
1.352276599267643178e+02,1.994214126629764223e+02,2.579745309934800801e+01,5.132458122276815629e+03,1.220049849290105385e+03
1.364795348829328248e+02,2.012675636085132282e+02,2.581115043365541695e+01,5.167915549534644924e+03,1.220049849290105385e+03
1.377429991168178276e+02,2.031308053632470489e+02,2.582410835690771123e+01,5.203616296074883394e+03,1.220049849290105385e+03
1.390181599165775310e+02,2.050112961459630299e+02,2.583630726182475712e+01,5.239562039857964010e+03,1.220049849290105385e+03
1.403051255635938617e+02,2.069091956401620109e+02,2.584773396230499998e+01,5.275754470374627999e+03,1.220049849290105385e+03
1.416040053416678575e+02,2.088246650076210642e+02,2.585838787334441591e+01,5.312195288725361934e+03,1.220049849290105385e+03
1.429149095462984178e+02,2.107578669020769837e+02,2.586826994239870459e+01,5.348886207700333216e+03,1.220049849290105385e+03
1.442379494940498716e+02,2.127089654830406573e+02,2.587738118906522899e+01,5.385828951859972221e+03,1.220049849290105385e+03
1.455732375320037022e+02,2.146781264297355847e+02,2.588572262537087454e+01,5.423025257616008275e+03,1.220049849290105385e+03
1.469208870472976969e+02,2.166655169551654581e+02,2.589328559271567443e+01,5.460476873313082251e+03,1.220049849290105385e+03
1.482810124767560183e+02,2.186713058203156095e+02,2.590004248868865133e+01,5.498185559310990357e+03,1.220049849290105385e+03
1.496537293166058760e+02,2.206956633484823271e+02,2.590596356132602196e+01,5.536153088067414501e+03,1.220049849290105385e+03
1.510391541322841249e+02,2.227387614397347306e+02,2.591101911111432088e+01,5.574381244221231100e+03,1.220049849290105385e+03
1.524374045683372287e+02,2.248007735855142641e+02,2.591517959749656796e+01,5.612871824676465621e+03,1.220049849290105385e+03
1.538485993584103255e+02,2.268818748833657537e+02,2.591842715945456632e+01,5.651626638686729166e+03,1.220049849290105385e+03
1.552728583353286638e+02,2.289822420518045476e+02,2.592076650744811062e+01,5.690647507940283504e+03,1.220049849290105385e+03
1.567103024412750756e+02,2.311020534453252822e+02,2.592220502470520671e+01,5.729936266645702744e+03,1.220049849290105385e+03
1.581610537380591097e+02,2.332414890695459349e+02,2.592275019059871966e+01,5.769494761618116172e+03,1.220049849290105385e+03
1.596252354174809511e+02,2.354007305964915702e+02,2.592240950947038414e+01,5.809324852365983133e+03,1.220049849290105385e+03
1.611029718117942480e+02,2.375799613800239456e+02,2.592118255995753628e+01,5.849428411178581882e+03,1.220049849290105385e+03
1.625943884042630430e+02,2.397793664714098725e+02,2.591905359126855402e+01,5.889807323214017742e+03,1.220049849290105385e+03
1.640996118398162764e+02,2.419991326350335896e+02,2.591600519986108608e+01,5.930463486587816988e+03,1.220049849290105385e+03
1.656187699358037833e+02,2.442394483642586351e+02,2.591202008708964044e+01,5.971398812462229216e+03,1.220049849290105385e+03
1.671519916928492933e+02,2.465005038974329636e+02,2.590708105665241234e+01,6.012615225136051777e+03,1.220049849290105385e+03
1.686994073058033621e+02,2.487824912340412311e+02,2.590117002508198141e+01,6.054114662135084473e+03,1.220049849290105385e+03
1.702611481748011215e+02,2.510856041510118075e+02,2.589426711495312716e+01,6.095899074303273665e+03,1.220049849290105385e+03
1.718373469164192500e+02,2.534100382191701044e+02,2.588635236708796938e+01,6.137970425894412983e+03,1.220049849290105385e+03
1.734281373749360853e+02,2.557559908198437881e+02,2.587740596469559051e+01,6.180330694664469775e+03,1.220049849290105385e+03
1.750336546336993138e+02,2.581236611616270693e+02,2.586740839942978809e+01,6.222981871964625498e+03,1.220049849290105385e+03
1.766540350265952384e+02,2.605132502972942348e+02,2.585635792350140960e+01,6.265925962834881830e+03,1.220049849290105385e+03
1.782894161496263905e+02,2.629249611408735632e+02,2.584428630779072122e+01,6.309164986098338886e+03,1.220049849290105385e+03
1.799399368725942168e+02,2.653589984848757126e+02,2.583122911630033869e+01,6.352700974456080985e+03,1.220049849290105385e+03
1.816057373508934916e+02,2.678155690176868688e+02,2.581722195943037690e+01,6.396535974582829112e+03,1.220049849290105385e+03
1.832869590374125153e+02,2.702948813411185824e+02,2.580230013661190469e+01,6.440672047223109075e+03,1.220049849290105385e+03
1.849837446945438728e+02,2.727971459881195528e+02,2.578646153094514659e+01,6.485111267288159979e+03,1.220049849290105385e+03
1.866962384063091349e+02,2.753225754406564079e+02,2.576963362290558024e+01,6.529855723953518464e+03,1.220049849290105385e+03
1.884245855905930398e+02,2.778713841477555206e+02,2.575173639222493804e+01,6.574907520757241400e+03,1.220049849290105385e+03
1.901689330114903953e+02,2.804437885437109230e+02,2.573269017305159778e+01,6.620268775698781610e+03,1.220049849290105385e+03
1.919294287917712154e+02,2.830400070664668988e+02,2.571241608716375637e+01,6.665941621338643927e+03,1.220049849290105385e+03
1.937062224254573266e+02,2.856602601761647406e+02,2.569087798738763340e+01,6.711928204898603326e+03,1.220049849290105385e+03
1.954994647905157024e+02,2.883047703738617997e+02,2.566811915638700370e+01,6.758230688362671572e+03,1.220049849290105385e+03
1.973093081616727886e+02,2.909737622204287959e+02,2.564419159247493951e+01,6.804851248578803279e+03,1.220049849290105385e+03
1.991359062233437953e+02,2.936674623556168626e+02,2.561914727627932464e+01,6.851792077361210431e+03,1.220049849290105385e+03
2.009794140826817284e+02,2.963860995173008632e+02,2.559303789071590529e+01,6.899055381593419042e+03,1.220049849290105385e+03
2.028399882827509657e+02,2.991299045609068799e+02,2.556588834099013496e+01,6.946643383332083431e+03,1.220049849290105385e+03
2.047177868158188971e+02,3.018991104790132454e+02,2.553767395602351442e+01,6.994558319911448962e+03,1.220049849290105385e+03
2.066129691367708574e+02,3.046939524211338153e+02,2.550836492318175530e+01,7.042802444048521465e+03,1.220049849290105385e+03
2.085256961766528150e+02,3.075146677136894482e+02,2.547793172119556360e+01,7.091378023949064300e+03,1.220049849290105385e+03
2.104561303563356489e+02,3.103614958801587136e+02,2.544634523327975373e+01,7.140287343414212955e+03,1.220049849290105385e+03
2.124044356003061296e+02,3.132346786614158987e+02,2.541358674002467666e+01,7.189532701947842725e+03,1.220049849290105385e+03
2.143707773505891510e+02,3.161344600362618280e+02,2.537965638545105662e+01,7.239116414864760372e+03,1.220049849290105385e+03
2.163553225807951321e+02,3.190610862421399929e+02,2.534455650293412177e+01,7.289040813399537001e+03,1.220049849290105385e+03
2.183582398102974480e+02,3.220148057960440156e+02,2.530828960083459123e+01,7.339308244816111255e+03,1.220049849290105385e+03
2.203796991185449485e+02,3.249958695156244630e+02,2.527085831731112364e+01,7.389921072518222900e+03,1.220049849290105385e+03
2.224198721595027735e+02,3.280045305404848364e+02,2.523226099445333759e+01,7.440881676160508505e+03,1.220049849290105385e+03
2.244789321762292218e+02,3.310410443536782168e+02,2.519248799101218239e+01,7.492192451760409313e+03,1.220049849290105385e+03
2.265570540155851518e+02,3.341056688033993964e+02,2.515152904906575770e+01,7.543855811810823070e+03,1.220049849290105385e+03
2.286544141430839545e+02,3.371986641248841465e+02,2.510937418059892678e+01,7.595874185393600783e+03,1.220049849290105385e+03
2.307711906578748824e+02,3.403202929625053343e+02,2.506601374728237630e+01,7.648250018293727408e+03,1.220049849290105385e+03
2.329075633078650753e+02,3.434708203920735059e+02,2.502144552477917117e+01,7.700985773114329277e+03,1.220049849290105385e+03
2.350637135049859126e+02,3.466505139433504041e+02,2.497568049133279189e+01,7.754083929392516438e+03,1.220049849290105385e+03
2.372398243405962432e+02,3.498596436227639401e+02,2.492873113943526775e+01,7.807546983715963506e+03,1.220049849290105385e+03
2.394360806010283511e+02,3.530984819363343945e+02,2.488061008757510706e+01,7.861377449840279951e+03,1.220049849290105385e+03
2.416526687832821665e+02,3.563673039128183859e+02,2.483133006150972832e+01,7.915577858807270786e+03,1.220049849290105385e+03
2.438897771108603649e+02,3.596663871270613981e+02,2.478090254746504684e+01,7.970150759063943042e+03,1.220049849290105385e+03
2.461475955497499228e+02,3.629960117235656867e+02,2.472933670640054515e+01,8.025098716582304405e+03,1.220049849290105385e+03
2.484263158245564398e+02,3.663564604402837972e+02,2.467664158340149783e+01,8.080424314980097733e+03,1.220049849290105385e+03
2.507261314347829000e+02,3.697480186326247917e+02,2.462282636454383322e+01,8.136130155642271347e+03,1.220049849290105385e+03
2.530472376712594951e+02,3.731709742976839266e+02,2.456790033815762442e+01,8.192218857843252408e+03,1.220049849290105385e+03
2.553898316327297948e+02,3.766256180987019206e+02,2.451186957966332614e+01,8.248693058870230743e+03,1.220049849290105385e+03
2.577541122425861886e+02,3.801122433897451174e+02,2.445473432570435790e+01,8.305555414147100237e+03,1.220049849290105385e+03
2.601402802657599977e+02,3.836311462406134751e+02,2.439649440881547804e+01,8.362808597359342457e+03,1.220049849290105385e+03
2.625485383257727108e+02,3.871826254619859924e+02,2.433714989004056051e+01,8.420455300579784307e+03,1.220049849290105385e+03
2.649790909219404398e+02,3.907669826307925405e+02,2.427670111308452761e+01,8.478498234395199688e+03,1.220049849290105385e+03
2.674321444467374249e+02,3.943845221158198342e+02,2.421515339703487513e+01,8.536940128033724250e+03,1.220049849290105385e+03
2.699079072033254647e+02,3.980355511035621134e+02,2.415252068922236717e+01,8.595783729493276041e+03,1.220049849290105385e+03
2.724065894232397227e+02,4.017203796243027796e+02,2.408881790254475064e+01,8.655031805670738322e+03,1.220049849290105385e+03
2.749284032842421084e+02,4.054393205784428460e+02,2.402406003030872839e+01,8.714687142492104613e+03,1.220049849290105385e+03
2.774735629283360936e+02,4.091926897630675057e+02,2.395826206546375303e+01,8.774752545043447753e+03,1.220049849290105385e+03
2.800422844799541053e+02,4.129808058987673007e+02,2.389143234196821197e+01,8.835230837702883946e+03,1.220049849290105385e+03
2.826347860643084573e+02,4.168039906567002504e+02,2.382356744054905917e+01,8.896124864273397179e+03,1.220049849290105385e+03
2.852512878259117883e+02,4.206625686859043753e+02,2.375466300440773182e+01,8.957437488116511304e+03,1.220049849290105385e+03
2.878920119472741135e+02,4.245568676408702231e+02,2.368471497363911382e+01,9.019171592287017120e+03,1.220049849290105385e+03
2.905571826677683021e+02,4.284872182093618562e+02,2.361371978815775563e+01,9.081330079668554390e+03,1.220049849290105385e+03
2.932470263026693829e+02,4.324539541404945453e+02,2.354169145312151201e+01,9.143915873110041503e+03,1.220049849290105385e+03
2.959617712623760895e+02,4.364574122730807630e+02,2.346867436407836038e+01,9.206931915563245639e+03,1.220049849290105385e+03
2.987016480718046978e+02,4.404979325642304957e+02,2.339471569300227927e+01,9.270381170221116918e+03,1.220049849290105385e+03
3.014668893899624322e+02,4.445758581182162175e+02,2.331986226092888614e+01,9.334266620657126623e+03,1.220049849290105385e+03
3.042577300297074316e+02,4.486915352156133281e+02,2.324416036786578132e+01,9.398591270965642252e+03,1.220049849290105385e+03
3.070744069776864649e+02,4.528453133427023545e+02,2.316764292025321836e+01,9.463358145903168406e+03,1.220049849290105385e+03
3.099171594144569326e+02,4.570375452211427501e+02,2.309031992343744477e+01,9.528570291030568114e+03,1.220049849290105385e+03
3.127862287348006589e+02,4.612685868379304566e+02,2.301219917804928983e+01,9.594230772856333715e+03,1.220049849290105385e+03
3.156818585682204912e+02,4.655387974756237668e+02,2.293328858792446212e+01,9.660342678980814526e+03,1.220049849290105385e+03
3.186042947996262455e+02,4.698485397428494821e+02,2.285359619089844685e+01,9.726909118241330361e+03,1.220049849290105385e+03
3.215537855902181832e+02,4.741981796050997673e+02,2.277313279779275135e+01,9.793933220858503773e+03,1.220049849290105385e+03
3.245305813985578425e+02,4.785880864158056625e+02,2.269191390604365210e+01,9.861418138583389009e+03,1.220049849290105385e+03
3.275349350018339578e+02,4.830186329476978813e+02,2.260995546498362074e+01,9.929367044845672353e+03,1.220049849290105385e+03
3.305671015173311957e+02,4.874901954244671742e+02,2.252727340448894822e+01,9.997783134903007522e+03,1.220049849290105385e+03
3.336273384240918176e+02,4.920031535527087385e+02,2.244388376176429034e+01,1.006666962599122598e+04,1.220049849290105385e+03
3.367159055847775448e+02,4.965578905541623840e+02,2.235981317461007833e+01,1.013602975747559867e+04,1.220049849290105385e+03
3.398330652677401531e+02,5.011547931982600517e+02,2.227510635568742714e+01,1.020586679100329275e+04,1.220049849290105385e+03
3.429790821692894838e+02,5.057942518349645411e+02,2.218980934003244698e+01,1.027618401065667422e+04,1.220049849290105385e+03
3.461542234361717192e+02,5.104766604279187163e+02,2.210396764241688672e+01,1.034698472310780016e+04,1.220049849290105385e+03
3.493587586882517257e+02,5.152024165878951862e+02,2.201762614360916714e+01,1.041827225777387503e+04,1.220049849290105385e+03
3.525929600414120273e+02,5.199719216065653882e+02,2.193082099494355930e+01,1.049004996697390743e+04,1.220049849290105385e+03
3.558571021306578359e+02,5.247855804905733521e+02,2.184357395116665401e+01,1.056232122608634563e+04,1.220049849290105385e+03
3.591514621334355866e+02,5.296438019959232406e+02,2.175590519851642668e+01,1.063508943370774432e+04,1.220049849290105385e+03
3.624763197931743548e+02,5.345469986626962964e+02,2.166783474063839421e+01,1.070835801181272109e+04,1.220049849290105385e+03
3.658319574430379362e+02,5.394955868500779843e+02,2.157938244488416757e+01,1.078213040591482240e+04,1.220049849290105385e+03
3.692186600298975350e+02,5.444899867717114148e+02,2.149057186905093886e+01,1.085641008522854099e+04,1.220049849290105385e+03
3.726367151385323950e+02,5.495306225313853474e+02,2.140143289082979550e+01,1.093120054283254467e+04,1.220049849290105385e+03
3.760864130160484819e+02,5.546179221590450652e+02,2.131199565457036016e+01,1.100650529583392381e+04,1.220049849290105385e+03
3.795680465965224357e+02,5.597523176471352144e+02,2.122228991848840707e+01,1.108232788553355749e+04,1.220049849290105385e+03
3.830819115258809688e+02,5.649342449872893894e+02,2.113234512329686865e+01,1.115867187759272929e+04,1.220049849290105385e+03
3.866283061870037727e+02,5.701641442073496364e+02,2.104219585725400421e+01,1.123554086220081081e+04,1.220049849290105385e+03
3.902075317250584590e+02,5.754424594087279274e+02,2.095188554523202029e+01,1.131293845424404572e+04,1.220049849290105385e+03
3.938198920730773125e+02,5.807696388041251794e+02,2.086145785164864108e+01,1.139086829347563616e+04,1.220049849290105385e+03
3.974656939777635785e+02,5.861461347555870134e+02,2.077095576518796705e+01,1.146933404468691515e+04,1.220049849290105385e+03
4.011452470255369462e+02,5.915724038129138762e+02,2.068042154636911789e+01,1.154833939787961572e+04,1.220049849290105385e+03
4.048588636688269276e+02,5.970489067524360962e+02,2.058989300980313431e+01,1.162788806843952261e+04,1.220049849290105385e+03
4.086068592526027032e+02,6.025761086161372759e+02,2.049940105860743600e+01,1.170798379731119348e+04,1.220049849290105385e+03
4.123895520411484199e+02,6.081544787511405730e+02,2.040897549469903893e+01,1.178863035117378422e+04,1.220049849290105385e+03
4.162072632450939977e+02,6.137844908495708296e+02,2.031864563009975910e+01,1.186983152261836767e+04,1.220049849290105385e+03
4.200603170486882050e+02,6.194666229887748159e+02,2.022844032170713646e+01,1.195159113032619643e+04,1.220049849290105385e+03
4.239490406373247993e+02,6.252013576719137973e+02,2.013839041995374046e+01,1.203391301924828258e+04,1.220049849290105385e+03
4.278737642253307172e+02,6.309891818689436604e+02,2.004853036554293411e+01,1.211680106078632707e+04,1.220049849290105385e+03
4.318348210840030674e+02,6.368305870579605426e+02,1.995889438641921743e+01,1.220025915297471511e+04,1.220049849290105385e+03
4.358325475699109006e+02,6.427260692669383388e+02,1.986951610506340771e+01,1.228429122066387754e+04,1.220049849290105385e+03
4.398672831534539114e+02,6.486761291158441054e+02,1.978042859381947238e+01,1.236890121570482734e+04,1.220049849290105385e+03
4.439393704476938183e+02,6.546812718591561406e+02,1.969166802067498168e+01,1.245409311713512216e+04,1.220049849290105385e+03
4.480491552374451203e+02,6.607420074287642819e+02,1.960327598642163593e+01,1.253987093136594194e+04,1.220049849290105385e+03
4.521969865086351774e+02,6.668588504772675378e+02,1.951529390008934683e+01,1.262623869237046165e+04,1.220049849290105385e+03
4.563832164779438472e+02,6.730323204216838349e+02,1.942776240690404066e+01,1.271320046187368644e+04,1.220049849290105385e+03
4.606082006227096599e+02,6.792629414875528937e+02,1.934072129035540044e+01,1.280076032954344191e+04,1.220049849290105385e+03
4.648722977111127648e+02,6.855512427534474682e+02,1.925420201630591066e+01,1.288892241318262859e+04,1.220049849290105385e+03
4.691758698326454464e+02,6.918977581959082954e+02,1.916822304357175710e+01,1.297769085892303883e+04,1.220049849290105385e+03
4.735192824288565703e+02,6.983030267347833160e+02,1.908280131394288759e+01,1.306706984142025976e+04,1.220049849290105385e+03
4.779029043243805290e+02,7.047675922789861716e+02,1.899795343017793670e+01,1.315706356404998041e+04,1.220049849290105385e+03
4.823271077582620592e+02,7.112920037726913733e+02,1.891369588703343396e+01,1.324767625910580318e+04,1.220049849290105385e+03
4.867922684155622051e+02,7.178768152419439730e+02,1.883006044429621539e+01,1.333891218799822673e+04,1.220049849290105385e+03
4.912987654592572540e+02,7.245225858417006748e+02,1.874710364415118491e+01,1.343077564145502402e+04,1.220049849290105385e+03
4.958469815624413286e+02,7.312298799033200112e+02,1.866488332937701600e+01,1.352327093972311195e+04,1.220049849290105385e+03
5.004373029408186540e+02,7.379992669824783889e+02,1.858345629064456617e+01,1.361640243277176705e+04,1.220049849290105385e+03
5.050701193854962980e+02,7.448313219075303095e+02,1.850287810063233707e+01,1.371017450049708532e+04,1.220049849290105385e+03
5.097458242960894381e+02,7.517266248283283403e+02,1.842319035872741040e+01,1.380459155292809737e+04,1.220049849290105385e+03
5.144648147141248273e+02,7.586857612654841887e+02,1.834441293745053159e+01,1.389965803043417509e+04,1.220049849290105385e+03
5.192274913567520116e+02,7.657093221600825927e+02,1.826656342867758198e+01,1.399537840393375700e+04,1.220049849290105385e+03
5.240342586507775877e+02,7.727979039238718997e+02,1.818965910113098161e+01,1.409175717510476898e+04,1.220049849290105385e+03
5.288855247670023800e+02,7.799521084899016614e+02,1.811371689036480959e+01,1.418879887659626365e+04,1.220049849290105385e+03
5.337817016548848414e+02,7.871725433636407843e+02,1.803875198233341592e+01,1.428650807224165328e+04,1.220049849290105385e+03
5.387232050775166954e+02,7.944598216745563377e+02,1.796477696984932493e+01,1.438488935727324315e+04,1.220049849290105385e+03
5.437104546469352044e+02,8.018145622281892884e+02,1.789180402098170219e+01,1.448394735853852035e+04,1.220049849290105385e+03
5.487438738597509200e+02,8.092373895586947583e+02,1.781984510312035752e+01,1.458368673471766851e+04,1.220049849290105385e+03
5.538238901331064881e+02,8.167289339818705685e+02,1.774891212800481100e+01,1.468411217654263783e+04,1.220049849290105385e+03
5.589509348409775384e+02,8.242898316486912336e+02,1.767902565747341370e+01,1.478522840701787209e+04,1.220049849290105385e+03
5.641254433507998556e+02,8.319207245993213746e+02,1.761022003930344937e+01,1.488704018164240188e+04,1.220049849290105385e+03
5.693478550604354496e+02,8.396222608176307176e+02,1.754253037317972996e+01,1.498955228863339107e+04,1.220049849290105385e+03
5.746186134354917385e+02,8.473950942862287548e+02,1.747599125360349248e+01,1.509276954915154602e+04,1.220049849290105385e+03
5.799381660469748567e+02,8.552398850419921246e+02,1.741063679249830898e+01,1.519669681752773613e+04,1.220049849290105385e+03
5.853069646092920948e+02,8.631572992321074480e+02,1.734650040419490225e+01,1.530133898149127526e+04,1.220049849290105385e+03
5.907254650186168874e+02,8.711480091706486064e+02,1.728361469268663697e+01,1.540670096239990744e+04,1.220049849290105385e+03
5.961941273915981583e+02,8.792126933956616313e+02,1.722201184083868242e+01,1.551278771547126235e+04,1.220049849290105385e+03
6.017134161044274379e+02,8.873520367267768734e+02,1.716172367407129329e+01,1.561960423001576055e+04,1.220049849290105385e+03
6.072837998322795556e+02,8.955667303233734629e+02,1.710278139041033185e+01,1.572715552967148506e+04,1.220049849290105385e+03
6.129057515891065577e+02,9.038574717432628631e+02,1.704519702359121425e+01,1.583544667264034615e+04,1.220049849290105385e+03
6.185797487678006519e+02,9.122249650019180081e+02,1.698895286100419355e+01,1.594448275192594519e+04,1.220049849290105385e+03
6.243062731807397086e+02,9.206699206322660984e+02,1.693402895569846578e+01,1.605426889557321738e+04,1.220049849290105385e+03
6.300858111006973559e+02,9.291930557450189099e+02,1.688040576899016187e+01,1.616481026690956969e+04,1.220049849290105385e+03
6.359188533021307421e+02,9.377950940895600525e+02,1.682806450402961573e+01,1.627611206478766326e+04,1.220049849290105385e+03
6.418058951028637011e+02,9.464767661154161260e+02,1.677700805009707707e+01,1.638817952383003649e+04,1.220049849290105385e+03
6.477474364061422420e+02,9.552388090342755049e+02,1.672727276866534041e+01,1.650101791467528165e+04,1.220049849290105385e+03
6.537439817430813491e+02,9.640819668825856752e+02,1.667889767458529704e+01,1.661463254422586397e+04,1.220049849290105385e+03
6.597960403155145741e+02,9.730069905847434484e+02,1.663192152558957204e+01,1.672902875589779433e+04,1.220049849290105385e+03
6.659041260392287995e+02,9.820146380168540645e+02,1.658638246949556105e+01,1.684421192987194809e+04,1.220049849290105385e+03
6.720687575876062283e+02,9.911056740710901067e+02,1.654229475324552823e+01,1.696018748334709744e+04,1.220049849290105385e+03
6.782904584356625719e+02,1.000280870720634880e+03,1.649963582134170892e+01,1.707696087079460631e+04,1.220049849290105385e+03
6.845697569045064483e+02,1.009541007085247657e+03,1.645838041529037810e+01,1.719453758421515886e+04,1.220049849290105385e+03
6.909071862061983893e+02,1.018886869497416797e+03,1.641850378434694591e+01,1.731292315339695415e+04,1.220049849290105385e+03
6.973032844890246906e+02,1.028319251569126436e+03,1.637998175812331070e+01,1.743212314617570883e+04,1.220049849290105385e+03
7.037585948832030454e+02,1.037838954259258344e+03,1.634279596913293631e+01,1.755214316869672984e+04,1.220049849290105385e+03
7.102736655469988136e+02,1.047446785941599728e+03,1.630693669986663252e+01,1.767298886567846421e+04,1.220049849290105385e+03
7.168490497132680730e+02,1.057143562473481779e+03,1.627239527093478344e+01,1.779466592067790043e+04,1.220049849290105385e+03
7.234853057364445021e+02,1.066930107265070774e+03,1.623916332444668598e+01,1.791718005635814188e+04,1.220049849290105385e+03
7.301829971399478154e+02,1.076807251349281387e+03,1.620723284368179407e+01,1.804053703475734801e+04,1.220049849290105385e+03
7.369426926640322790e+02,1.086775833452340748e+03,1.617659748085915794e+01,1.816474265755976012e+04,1.220049849290105385e+03
7.437649663140895200e+02,1.096836700065019159e+03,1.614725327049735881e+01,1.828980276636868803e+04,1.220049849290105385e+03
7.506503974093875513e+02,1.106990705514507454e+03,1.611919670948052286e+01,1.841572324298121748e+04,1.220049849290105385e+03
7.575995706322582919e+02,1.117238712036953530e+03,1.609242457879608423e+01,1.854251000966472202e+04,1.220049849290105385e+03
7.646130760777563182e+02,1.127581589850695082e+03,1.606693371893939570e+01,1.867016902943561217e+04,1.220049849290105385e+03
7.716915093037627003e+02,1.138020217230146955e+03,1.604270827974904989e+01,1.879870630633968904e+04,1.220049849290105385e+03
7.788354713815524519e+02,1.148555480580375161e+03,1.601971296043591408e+01,1.892812788573448779e+04,1.220049849290105385e+03
7.860455689468440141e+02,1.159188274512378712e+03,1.599791124790554342e+01,1.905843985457373856e+04,1.220049849290105385e+03
7.933224142513083734e+02,1.169919501919050845e+03,1.597726707126370016e+01,1.918964834169358073e+04,1.220049849290105385e+03
8.006666252145535054e+02,1.180750074051841011e+03,1.595774482622669943e+01,1.932175951810077822e+04,1.220049849290105385e+03
8.080788254766054024e+02,1.191680910598149694e+03,1.593931209093805990e+01,1.945477959726308109e+04,1.220049849290105385e+03
8.155596444508585137e+02,1.202712939759413757e+03,1.592194103292978724e+01,1.958871483540139525e+04,1.220049849290105385e+03
8.231097173775265219e+02,1.213847098329931441e+03,1.590560449391859521e+01,1.972357153178408043e+04,1.220049849290105385e+03
8.307296853775768568e+02,1.225084331776399949e+03,1.589027561787019494e+01,1.985935602902310347e+04,1.220049849290105385e+03
8.384201955071828252e+02,1.236425594318216781e+03,1.587592780130453818e+01,1.999607471337253446e+04,1.220049849290105385e+03
8.461819008126637982e+02,1.247871849008499794e+03,1.586253284367930050e+01,2.013373401502882916e+04,1.220049849290105385e+03
8.540154603859336930e+02,1.259424067815858507e+03,1.585005999037678492e+01,2.027234040843318871e+04,1.220049849290105385e+03
8.619215394204791210e+02,1.271083231706944616e+03,1.583847850703058491e+01,2.041190041257622579e+04,1.220049849290105385e+03
8.699008092678392359e+02,1.282850330729743746e+03,1.582775789651035048e+01,2.055242059130453708e+04,1.220049849290105385e+03
8.779539474946093378e+02,1.294726364097639362e+03,1.581786760693439575e+01,2.069390755362929485e+04,1.220049849290105385e+03
8.860816379399868765e+02,1.306712340274276357e+03,1.580876217285909746e+01,2.083636795403726137e+04,1.220049849290105385e+03
8.942845707738359806e+02,1.318809277059188844e+03,1.580037370518546425e+01,2.097980849280373877e+04,1.220049849290105385e+03
9.025634425552875655e+02,1.331018201674218517e+03,1.579263270085952975e+01,2.112423591630760711e+04,1.220049849290105385e+03
9.109189562918993488e+02,1.343340150850758391e+03,1.578546987637613164e+01,2.126965701734875984e+04,1.220049849290105385e+03
9.193518214993470110e+02,1.355776170917780519e+03,1.577881630395399348e+01,2.141607863546756562e+04,1.220049849290105385e+03
9.278627542616678738e+02,1.368327317890676568e+03,1.577261200773573080e+01,2.156350765726643658e+04,1.220049849290105385e+03
9.364524772920783562e+02,1.380994657560947189e+03,1.576681021747616818e+01,2.171195101673394674e+04,1.220049849290105385e+03
9.451217199943391734e+02,1.393779265586696738e+03,1.576136532761440634e+01,2.186141569557082039e+04,1.220049849290105385e+03
9.538712185246866966e+02,1.406682227583964959e+03,1.575623182141049661e+01,2.201190872351825601e+04,1.220049849290105385e+03
9.627017158543559390e+02,1.419704639218929287e+03,1.575136411462043284e+01,2.216343717868878957e+04,1.220049849290105385e+03
9.716139618326654954e+02,1.432847606300937059e+03,1.574670891604953660e+01,2.231600818789900222e+04,1.220049849290105385e+03
9.806087132506849002e+02,1.446112244876396971e+03,1.574220150845256150e+01,2.246962892700472730e+04,1.220049849290105385e+03
9.896867339055103230e+02,1.459499681323566165e+03,1.573777632720844899e+01,2.262430662123872025e+04,1.220049849290105385e+03
9.988487946651175662e+02,1.473011052448189730e+03,1.573336788354119520e+01,2.278004854555039856e+04,1.220049849290105385e+03
1.008095673533814079e+03,1.486647505580023562e+03,1.572891075540545636e+01,2.293686202494787722e+04,1.220049849290105385e+03
1.017428155718316816e+03,1.500410198670279897e+03,1.572433922742058598e+01,2.309475443484274729e+04,1.220049849290105385e+03
1.026847033694420134e+03,1.514300300389942549e+03,1.571958712235573685e+01,2.325373320139683346e+04,1.220049849290105385e+03
1.036353107274293734e+03,1.528318990229013025e+03,1.571458830496496617e+01,2.341380580187148371e+04,1.220049849290105385e+03
1.045947183674391454e+03,1.542467458596654524e+03,1.570927673417389414e+01,2.357497976497920536e+04,1.220049849290105385e+03
1.055630077584008632e+03,1.556746906922295466e+03,1.570358652952047862e+01,2.373726267123791695e+04,1.220049849290105385e+03
1.065402611234456799e+03,1.571158547757641600e+03,1.569745473247039591e+01,2.390066215332741558e+04,1.220049849290105385e+03
1.075265614468876038e+03,1.585703604879628301e+03,1.569082260397451556e+01,2.406518589644825624e+04,1.220049849290105385e+03
1.085219924812717181e+03,1.600383313394362403e+03,1.568363187273647874e+01,2.423084163868345422e+04,1.220049849290105385e+03
1.095266387544852705e+03,1.615198919841988754e+03,1.567582443117057700e+01,2.439763717136230480e+04,1.220049849290105385e+03
1.105405855769347681e+03,1.630151682302532890e+03,1.566734246403470721e+01,2.456558033942676047e+04,1.220049849290105385e+03
1.115639190487916267e+03,1.645242870502752112e+03,1.565813374314665651e+01,2.473467904180059486e+04,1.220049849290105385e+03
1.125967260673027113e+03,1.660473765923944939e+03,1.564815405283260041e+01,2.490494123176086941e+04,1.220049849290105385e+03
1.136390943341685897e+03,1.675845661910759191e+03,1.563736001346346605e+01,2.507637491731184855e+04,1.220049849290105385e+03
1.146911123629922031e+03,1.691359863781038257e+03,1.562570849185290633e+01,2.524898816156188695e+04,1.220049849290105385e+03
1.157528694867943614e+03,1.707017688936651666e+03,1.561315699588023165e+01,2.542278908310259430e+04,1.220049849290105385e+03
1.168244558655988612e+03,1.722820466975355430e+03,1.559968171573314422e+01,2.559778585639053199e+04,1.220049849290105385e+03
1.179059624940898630e+03,1.738769539803714224e+03,1.558528554921714360e+01,2.577398671213193302e+04,1.220049849290105385e+03
1.189974812093381615e+03,1.754866261751041975e+03,1.556997360858239610e+01,2.595139993766974658e+04,1.220049849290105385e+03
1.200991046985987623e+03,1.771111999684394050e+03,1.555375115778619843e+01,2.613003387737325465e+04,1.220049849290105385e+03
1.212109265071830805e+03,1.787508133124658116e+03,1.553662384640690775e+01,2.630989693303082458e+04,1.220049849290105385e+03
1.223330410464016268e+03,1.804056054363687053e+03,1.551860898027412716e+01,2.649099756424494990e+04,1.220049849290105385e+03
1.234655436015802934e+03,1.820757168582514169e+03,1.549974039862800623e+01,2.667334428883003784e+04,1.220049849290105385e+03
1.246085303401530155e+03,1.837612893970697769e+03,1.548005319941843894e+01,2.685694568321323823e+04,1.220049849290105385e+03
1.257620983198273052e+03,1.854624661846738036e+03,1.545958245123890507e+01,2.704181038283777525e+04,1.220049849290105385e+03
1.269263454968251381e+03,1.871793916779606661e+03,1.543836330503613929e+01,2.722794708256894592e+04,1.220049849290105385e+03
1.281013707342025100e+03,1.889122116711436320e+03,1.541643703313034663e+01,2.741536453710330898e+04,1.220049849290105385e+03
1.292872738102434596e+03,1.906610733081307444e+03,1.539385356888543477e+01,2.760407156138035498e+04,1.220049849290105385e+03
1.304841554269333983e+03,1.924261250950204840e+03,1.537066332697107995e+01,2.779407703099713035e+04,1.220049849290105385e+03
1.316921172185092246e+03,1.942075169127108438e+03,1.534691651130528633e+01,2.798538988262558269e+04,1.220049849290105385e+03
1.329112617600912245e+03,1.960054000296286858e+03,1.532266367140786478e+01,2.817801911443310746e+04,1.220049849290105385e+03
1.341416925763925974e+03,1.978199271145739431e+03,1.529798221017304627e+01,2.837197378650569226e+04,1.220049849290105385e+03
1.353835141505095407e+03,1.996512522496822385e+03,1.527298728737153688e+01,2.856726302127385861e+04,1.220049849290105385e+03
1.366368319327950303e+03,2.014995309435113086e+03,1.524779622762905795e+01,2.876389600394204535e+04,1.220049849290105385e+03
1.379017523498125911e+03,2.033649201442450703e+03,1.522252560245792807e+01,2.896188198292047673e+04,1.220049849290105385e+03
1.391783828133726047e+03,2.052475782530196284e+03,1.519729123778651392e+01,2.916123027026003547e+04,1.220049849290105385e+03
1.404668317296550867e+03,2.071476651373765890e+03,1.517220903106751173e+01,2.936195024209055555e+04,1.220049849290105385e+03
1.417672085084141372e+03,2.090653421448372228e+03,1.514739528777367106e+01,2.956405133906159244e+04,1.220049849290105385e+03
1.430796235722677920e+03,2.110007721166019564e+03,1.512296564551395228e+01,2.976754306678644207e+04,1.220049849290105385e+03
1.444041883660762778e+03,2.129541194013807399e+03,1.509903501100138001e+01,2.997243499628939389e+04,1.220049849290105385e+03
1.457410153664047129e+03,2.149255498693477421e+03,1.507571764055709096e+01,3.017873676445587989e+04,1.220049849290105385e+03
1.470902180910731659e+03,2.169152309262249673e+03,1.505312926738706025e+01,3.038645807448548294e+04,1.220049849290105385e+03
1.484519111087979581e+03,2.189233315275002951e+03,1.503138797424515261e+01,3.059560869634876144e+04,1.220049849290105385e+03
1.498262100489194154e+03,2.209500221927730308e+03,1.501061149189431809e+01,3.080619846724644594e+04,1.220049849290105385e+03
1.512132316112197714e+03,2.229954750202326522e+03,1.499091705048148881e+01,3.101823729207211363e+04,1.220049849290105385e+03
1.526130935758346368e+03,2.250598637012750714e+03,1.497242144414128795e+01,3.123173514387835530e+04,1.220049849290105385e+03
1.540259148132535074e+03,2.271433635352506826e+03,1.495524038694842339e+01,3.144670206434564534e+04,1.220049849290105385e+03
1.554518152944127451e+03,2.292461514443485157e+03,1.493948832833901363e+01,3.166314816425453319e+04,1.220049849290105385e+03
1.568909161008850106e+03,2.313684059886226350e+03,1.492527952774077704e+01,3.188108362396151642e+04,1.220049849290105385e+03
1.583433394351596462e+03,2.335103073811526883e+03,1.491272824700098987e+01,3.210051869387762417e+04,1.220049849290105385e+03
1.598092086310203285e+03,2.356720375033480650e+03,1.490194832194263164e+01,3.232146369495070030e+04,1.220049849290105385e+03
1.612886481640166494e+03,2.378537799203902523e+03,1.489302934383040089e+01,3.254392901915061884e+04,1.220049849290105385e+03
1.627817836620361277e+03,2.400557198968236662e+03,1.488602767593945053e+01,3.276792512995837387e+04,1.220049849290105385e+03
1.642887419159710589e+03,2.422780444122858626e+03,1.488099784751811505e+01,3.299346256285804702e+04,1.220049849290105385e+03
1.658096508904839311e+03,2.445209421773837676e+03,1.487799507909328334e+01,3.322055192583227472e+04,1.220049849290105385e+03
1.673446397348757273e+03,2.467846036497208843e+03,1.487707455174898286e+01,3.344920389986137889e+04,1.220049849290105385e+03
1.688938387940518624e+03,2.490692210500691090e+03,1.487825711234217962e+01,3.367942923942572088e+04,1.220049849290105385e+03
1.704573796195892783e+03,2.513749883786893861e+03,1.488151644133244211e+01,3.391123877301126777e+04,1.220049849290105385e+03
1.720353949809095184e+03,2.537021014318087509e+03,1.488682361198160997e+01,3.414464340361928043e+04,1.220049849290105385e+03
1.736280188765518460e+03,2.560507578182448469e+03,1.489415050819132524e+01,3.437965410927899939e+04,1.220049849290105385e+03
1.752353865455507275e+03,2.584211569761845112e+03,1.490346915761054802e+01,3.461628194356376480e+04,1.220049849290105385e+03
1.768576344789220684e+03,2.608135001901224769e+03,1.491472536419376382e+01,3.485453803611132025e+04,1.220049849290105385e+03
1.784949004312521765e+03,2.632279906079518696e+03,1.492782892378942883e+01,3.509443359314704867e+04,1.220049849290105385e+03
1.801473234323944098e+03,2.656648332582132298e+03,1.494268739820551062e+01,3.533597989801099175e+04,1.220049849290105385e+03
1.818150437992771003e+03,2.681242350675078796e+03,1.495920860462530655e+01,3.557918831168882025e+04,1.220049849290105385e+03
1.834982031478176395e+03,2.706064048780675876e+03,1.497729937213233953e+01,3.582407027334600571e+04,1.220049849290105385e+03
1.851969444049467711e+03,2.731115534654870316e+03,1.499681849129017408e+01,3.607063730086581927e+04,1.220049849290105385e+03
1.869114118207475940e+03,2.756398935566252476e+03,1.501755953187958958e+01,3.631890099139126687e+04,1.220049849290105385e+03
1.886417509807035913e+03,2.781916398476678751e+03,1.503931063993157835e+01,3.656887302187046589e+04,1.220049849290105385e+03
1.903881088180599363e+03,2.807670090223564785e+03,1.506185894279369286e+01,3.682056514960568893e+04,1.220049849290105385e+03
1.921506336263028743e+03,2.833662197703920810e+03,1.508499026481770855e+01,3.707398921280676586e+04,1.220049849290105385e+03
1.939294750717508805e+03,2.859894928060033635e+03,1.510848270886059019e+01,3.732915713114757818e+04,1.220049849290105385e+03
1.957247842062626887e+03,2.886370508866873479e+03,1.513210433888641404e+01,3.758608090632667154e+04,1.220049849290105385e+03
1.975367134800661916e+03,2.913091188321282516e+03,1.515562116342612065e+01,3.784477262263204466e+04,1.220049849290105385e+03
1.993654167547024599e+03,2.940059235432863261e+03,1.517879773804062715e+01,3.810524444750930707e+04,1.220049849290105385e+03
2.012110493160917258e+03,2.967276940216660023e+03,1.520139731101086156e+01,3.836750863213404227e+04,1.220049849290105385e+03
2.030737678877179860e+03,2.994746613887597505e+03,1.522318635058181435e+01,3.863157751198796177e+04,1.220049849290105385e+03
2.049537306439398435e+03,3.022470589056773861e+03,1.524393619469985417e+01,3.889746350743921357e+04,1.220049849290105385e+03
2.068510972234207657e+03,3.050451219929519993e+03,1.526341756302140773e+01,3.916517912432667072e+04,1.220049849290105385e+03
2.087660287426836021e+03,3.078690882505288300e+03,1.528140030939480809e+01,3.943473695454775589e+04,1.220049849290105385e+03
2.106986878097945919e+03,3.107191974779450902e+03,1.529765495843890299e+01,3.970614967665113363e+04,1.220049849290105385e+03
2.126492385381699933e+03,3.135956916946910042e+03,1.531200543401147129e+01,3.997943005643290962e+04,1.220049849290105385e+03
2.146178465605105885e+03,3.164988151607588406e+03,1.532434686429927595e+01,4.025459094753683894e+04,1.220049849290105385e+03
2.166046790428693384e+03,3.194288143973887600e+03,1.533457970617279820e+01,4.053164529205924919e+04,1.220049849290105385e+03
2.186099046988449118e+03,3.223859382080001524e+03,1.534260500878706601e+01,4.081060612115762342e+04,1.220049849290105385e+03
2.206336938039068627e+03,3.253704376993169717e+03,1.534832650687416233e+01,4.109148655566338857e+04,1.220049849290105385e+03
2.226762182098574158e+03,3.283825663026948860e+03,1.535172674448285157e+01,4.137429980669922952e+04,1.220049849290105385e+03
2.247376513594231255e+03,3.314225797956394672e+03,1.535289162989313816e+01,4.165905917630058684e+04,1.220049849290105385e+03
2.268181683009815060e+03,3.344907363235237881e+03,1.535191504819990271e+01,4.194577805804086529e+04,1.220049849290105385e+03
2.289179457034280858e+03,3.375872964215131560e+03,1.534889178344588601e+01,4.223446993766191008e+04,1.220049849290105385e+03
2.310371618711770680e+03,3.407125230366863889e+03,1.534391923489195086e+01,4.252514839370812115e+04,1.220049849290105385e+03
2.331759967593009151e+03,3.438666815503626367e+03,1.533716779774603012e+01,4.281782709816487477e+04,1.220049849290105385e+03
2.353346319888140442e+03,3.470500398006400701e+03,1.532890254585197454e+01,4.311251981710203108e+04,1.220049849290105385e+03
2.375132508620939916e+03,3.502628681051378408e+03,1.531939482858158286e+01,4.340924041132119601e+04,1.220049849290105385e+03
2.397120383784451860e+03,3.535054392839480442e+03,1.530891567827632116e+01,4.370800283700742875e+04,1.220049849290105385e+03
2.419311812498113795e+03,3.567780286828069165e+03,1.529773715657111133e+01,4.400882114638620260e+04,1.220049849290105385e+03
2.441708679166283673e+03,3.600809141964730316e+03,1.528619019258367651e+01,4.431170948838392360e+04,1.220049849290105385e+03
2.464312885638265470e+03,3.634143762923264148e+03,1.527468184675601215e+01,4.461668210929368070e+04,1.220049849290105385e+03
2.487126351369788154e+03,3.667786980341819799e+03,1.526362309192387912e+01,4.492375335344499763e+04,1.220049849290105385e+03
2.510151013586024874e+03,3.701741651063301560e+03,1.525342373616600433e+01,4.523293766387894721e+04,1.220049849290105385e+03
2.533388827446082360e+03,3.736010658377941581e+03,1.524449160250584789e+01,4.554424958302726736e+04,1.220049849290105385e+03
2.556841766209008256e+03,3.770596912268114011e+03,1.523719588673014513e+01,4.585770375339619932e+04,1.220049849290105385e+03
2.580511821401381440e+03,3.805503349655480633e+03,1.523185672775473876e+01,4.617331491825553530e+04,1.220049849290105385e+03
2.604401002986411186e+03,3.840732934650362949e+03,1.522879127381717446e+01,4.649109792233190819e+04,1.220049849290105385e+03
2.628511339534598392e+03,3.876288658803418912e+03,1.522831734569573214e+01,4.681106771250686143e+04,1.220049849290105385e+03
2.652844878396023887e+03,3.912173541359716637e+03,1.523075099143817823e+01,4.713323933852020855e+04,1.220049849290105385e+03
2.677403685874186976e+03,3.948390629515096407e+03,1.523629908461621163e+01,4.745762795367775107e+04,1.220049849290105385e+03
2.702189847401448333e+03,3.984942998674897808e+03,1.524502869402215133e+01,4.778424881556371838e+04,1.220049849290105385e+03
2.727205467716152725e+03,4.021833752715163882e+03,1.525699973110675245e+01,4.811311728675902123e+04,1.220049849290105385e+03
2.752452671041335634e+03,4.059066024246181314e+03,1.527227432304123944e+01,4.844424883556339773e+04,1.220049849290105385e+03
2.777933601265086509e+03,4.096642974878463974e+03,1.529091211085349578e+01,4.877765903672287095e+04,1.220049849290105385e+03
2.803650422122634154e+03,4.134567795491275319e+03,1.531279634239016296e+01,4.911336357216278702e+04,1.220049849290105385e+03
2.829605317380064207e+03,4.172843706503559588e+03,1.533758408943707785e+01,4.945137823172509525e+04,1.220049849290105385e+03
2.855800491019739638e+03,4.211473958147381381e+03,1.536491718232492332e+01,4.979171891391087411e+04,1.220049849290105385e+03
2.882238167427485678e+03,4.250461830743969585e+03,1.539443620194704287e+01,5.013440162662851071e+04,1.220049849290105385e+03
2.908920591581460940e+03,4.289810634982245574e+03,1.542577742013694753e+01,5.047944248794652958e+04,1.220049849290105385e+03
2.935850029242772962e+03,4.329523712199930742e+03,1.545848357671810547e+01,5.082685772685131087e+04,1.220049849290105385e+03
2.963028767147911822e+03,4.369604434667322494e+03,1.549197853148254289e+01,5.117666368401102955e+04,1.220049849290105385e+03
2.990459113202914068e+03,4.410056205873637737e+03,1.552567389405725606e+01,5.152887681254394556e+04,1.220049849290105385e+03
3.018143396679321540e+03,4.450882460815987542e+03,1.555897616930609573e+01,5.188351367879207100e+04,1.220049849290105385e+03
3.046083968412010108e+03,4.492086666291122128e+03,1.559128794199532031e+01,5.224059096310078894e+04,1.220049849290105385e+03
3.074283200998787834e+03,4.533672321189776994e+03,1.562204833816859484e+01,5.260012546060319437e+04,1.220049849290105385e+03
3.102743489001879880e+03,4.575642956793805752e+03,1.565074441083872081e+01,5.296213408201015409e+04,1.220049849290105385e+03
3.131467249151239230e+03,4.618002137076005056e+03,1.567686351565993519e+01,5.332663385440538696e+04,1.220049849290105385e+03
3.160456920549801453e+03,4.660753459002803538e+03,1.569989079383096708e+01,5.369364192204685241e+04,1.220049849290105385e+03
3.189714964880587559e+03,4.703900552839680131e+03,1.571931687467801630e+01,5.406317554717285384e+04,1.220049849290105385e+03
3.219243866615717707e+03,4.747447082459397279e+03,1.573487286982172684e+01,5.443525211081377347e+04,1.220049849290105385e+03
3.249046133227422615e+03,4.791396745653181824e+03,1.574659161905769444e+01,5.480988911361005012e+04,1.220049849290105385e+03
3.279124295400947631e+03,4.835753274444694398e+03,1.575452773880701329e+01,5.518710417663511907e+04,1.220049849290105385e+03
3.309480907249429038e+03,4.880520435406914658e+03,1.575873872915796170e+01,5.556691504222386720e+04,1.220049849290105385e+03
3.340118546530817184e+03,4.925702029982033309e+03,1.575929326793398388e+01,5.594933957480786921e+04,1.220049849290105385e+03
3.371039814866750930e+03,4.971301894804233598e+03,1.575655742954021754e+01,5.633439576175512047e+04,1.220049849290105385e+03
3.402247337963454356e+03,5.017323902025445022e+03,1.575126395211376007e+01,5.672210171421607083e+04,1.220049849290105385e+03
3.433743765834743044e+03,5.063771959644215713e+03,1.574416872855537086e+01,5.711247566797582112e+04,1.220049849290105385e+03
3.465531773027030795e+03,5.110650011837532475e+03,1.573602712073146037e+01,5.750553598431171122e+04,1.220049849290105385e+03
3.497614058846421358e+03,5.157962039295710383e+03,1.572759459822325034e+01,5.790130115085658326e+04,1.220049849290105385e+03
3.529993347587963399e+03,5.205712059560482885e+03,1.571967059067743833e+01,5.829978978246902989e+04,1.220049849290105385e+03
3.562672388766965014e+03,5.253904127366118701e+03,1.571310886471820645e+01,5.870102062210848817e+04,1.220049849290105385e+03
3.595653957352451471e+03,5.302542334983706496e+03,1.570876544506642780e+01,5.910501254171672190e+04,1.220049849290105385e+03
3.628940854002844389e+03,5.351630812568712827e+03,1.570749615169359004e+01,5.951178454310592497e+04,1.220049849290105385e+03
3.662535905303763684e+03,5.401173728511669651e+03,1.571014869825278559e+01,5.992135575885222352e+04,1.220049849290105385e+03
3.696441964008024570e+03,5.451175289792102376e+03,1.571725623734903543e+01,6.033374545319537719e+04,1.220049849290105385e+03
3.730661909277927862e+03,5.501639742335832125e+03,1.572896808131633506e+01,6.074897302294519613e+04,1.220049849290105385e+03
3.765198646929722599e+03,5.552571371375493982e+03,1.574541430090965832e+01,6.116705799839402607e+04,1.220049849290105385e+03
3.800055109680335590e+03,5.603974501814386713e+03,1.576672967192484798e+01,6.158802004423460312e+04,1.220049849290105385e+03
3.835234257396448356e+03,5.655853498593788572e+03,1.579303970636544108e+01,6.201187896048586117e+04,1.220049849290105385e+03
3.870739077345808255e+03,5.708212767063571846e+03,1.582399320278162058e+01,6.243865468342381791e+04,1.220049849290105385e+03
3.906572584450910199e+03,5.761056753356304398e+03,1.585865408805026000e+01,6.286836728651931480e+04,1.220049849290105385e+03
3.942737821544978488e+03,5.814389944764751817e+03,1.589604561907121116e+01,6.330103698138210166e+04,1.220049849290105385e+03
3.979237859630400635e+03,5.868216870122991168e+03,1.593518345045673712e+01,6.373668411871162243e+04,1.220049849290105385e+03
4.016075798139480412e+03,5.922542100190945348e+03,1.597507181634416895e+01,6.417532918925446575e+04,1.220049849290105385e+03
4.053254765197602410e+03,5.977370248042474486e+03,1.601462495172825484e+01,6.461699282476739609e+04,1.220049849290105385e+03
4.090777917888911816e+03,6.032705969457177162e+03,1.605264946561500494e+01,6.506169579898859956e+04,1.220049849290105385e+03
4.128648442524372513e+03,6.088553963315694091e+03,1.608793520429931334e+01,6.550945902861448849e+04,1.220049849290105385e+03
4.166869554912314015e+03,6.144918971998693451e+03,1.611926258169753368e+01,6.596030357428317075e+04,1.220049849290105385e+03
4.205444500631552728e+03,6.201805781789636058e+03,1.614542336888435869e+01,6.641425064156565350e+04,1.220049849290105385e+03
4.244376555306967930e+03,6.259219223281179438e+03,1.616580239701323407e+01,6.687132158196301316e+04,1.220049849290105385e+03
4.283669024887628439e+03,6.317164171785323560e+03,1.618050226984443540e+01,6.733153789391012106e+04,1.220049849290105385e+03
4.323325245927574542e+03,6.375645547747491946e+03,1.618967428282163823e+01,6.779492122378798376e+04,1.220049849290105385e+03
4.363348585869113776e+03,6.434668317164302607e+03,1.619347588974283525e+01,6.826149336694086378e+04,1.220049849290105385e+03
4.403742443328747868e+03,6.494237492005231616e+03,1.619209126106942875e+01,6.873127626870175300e+04,1.220049849290105385e+03
4.444510248385819978e+03,6.554358130638283001e+03,1.618638813873964466e+01,6.920429202542487474e+04,1.220049849290105385e+03
4.485655462873755823e+03,6.615035338259483069e+03,1.617804388463399334e+01,6.968056288552466140e+04,1.220049849290105385e+03
4.527181580674005090e+03,6.676274267326360132e+03,1.616878146489371915e+01,7.016011125052213902e+04,1.220049849290105385e+03
4.569092128012775902e+03,6.738080117995539695e+03,1.616032044146009028e+01,7.064295967609900981e+04,1.220049849290105385e+03
4.611390663760445022e+03,6.800458138564289584e+03,1.615436681443530276e+01,7.112913087315832672e+04,1.220049849290105385e+03
4.654080779733731106e+03,6.863413625916134151e+03,1.615230459172324018e+01,7.161864770889237116e+04,1.220049849290105385e+03
4.697166101000755589e+03,6.926951925970734919e+03,1.615514068035956186e+01,7.211153320785889809e+04,1.220049849290105385e+03
4.740650286188828431e+03,6.991078434137779368e+03,1.616386473309335869e+01,7.260781055306360940e+04,1.220049849290105385e+03
4.784537027795146059e+03,7.055798595775174363e+03,1.617947431428958538e+01,7.310750308705100906e+04,1.220049849290105385e+03
4.828830052500299644e+03,7.121117906651377780e+03,1.620294100462715647e+01,7.361063431300147204e+04,1.220049849290105385e+03
4.873533121484791991e+03,7.187041913412168469e+03,1.623406615549734511e+01,7.411722789583783015e+04,1.220049849290105385e+03
4.918650030748390236e+03,7.253576214051599891e+03,1.627126411202900869e+01,7.462730766333789506e+04,1.220049849290105385e+03
4.964184611432436213e+03,7.320726458387311141e+03,1.631286253877047088e+01,7.514089760725482483e+04,1.220049849290105385e+03
5.010140730145231828e+03,7.388498348540379993e+03,1.635717628736720641e+01,7.565802188444648345e+04,1.220049849290105385e+03
5.056522289290345725e+03,7.456897639419474217e+03,1.640249895363634280e+01,7.617870481801111600e+04,1.220049849290105385e+03
5.103333227397958581e+03,7.525930139209494882e+03,1.644695892765239620e+01,7.670297089843120193e+04,1.220049849290105385e+03
5.150577519459365249e+03,7.595601709864865370e+03,1.648849287061641888e+01,7.723084478472595220e+04,1.220049849290105385e+03
5.198259177264489153e+03,7.665918267607268717e+03,1.652500810501361528e+01,7.776235130561080587e+04,1.220049849290105385e+03
5.246382249742511704e+03,7.736885783427977003e+03,1.655439725044579902e+01,7.829751546066514857e+04,1.220049849290105385e+03
5.294950823305754056e+03,7.808510283594976499e+03,1.657460106331599903e+01,7.883636242150855833e+04,1.220049849290105385e+03
5.343969022196647529e+03,7.880797850164647571e+03,1.658524621983077196e+01,7.937891753298451658e+04,1.220049849290105385e+03
5.393441008837915433e+03,7.953754621498179404e+03,1.658792501801432806e+01,7.992520631435226824e+04,1.220049849290105385e+03
5.443370984186091846e+03,8.027386792782910561e+03,1.658435304711589353e+01,8.047525446048782032e+04,1.220049849290105385e+03
5.493763188088217248e+03,8.101700616558349793e+03,1.657625295494428386e+01,8.102908784309198381e+04,1.220049849290105385e+03
5.544621899641839263e+03,8.176702403247070833e+03,1.656536665624272331e+01,8.158673251190714655e+04,1.220049849290105385e+03
5.595951437558435828e+03,8.252398521690658526e+03,1.655396877463262584e+01,8.214821469594305381e+04,1.220049849290105385e+03
5.647756160530116176e+03,8.328795399690481645e+03,1.654494400247971342e+01,8.271356080471018504e+04,1.220049849290105385e+03
5.700040467599701515e+03,8.405899524553460651e+03,1.654120550869145845e+01,8.328279742946175975e+04,1.220049849290105385e+03
5.752808798534349080e+03,8.483717443643045044e+03,1.654566754057049494e+01,8.385595134444492578e+04,1.220049849290105385e+03
5.806065634202520414e+03,8.562255764935141997e+03,1.656117749713775211e+01,8.443304950815982011e+04,1.220049849290105385e+03
5.859815496954442096e+03,8.641521157579179999e+03,1.658823836047722367e+01,8.501411906462737534e+04,1.220049849290105385e+03
5.914062951006198091e+03,8.721520352464529424e+03,1.662465804558909710e+01,8.559918734466659953e+04,1.220049849290105385e+03
5.968812602827258161e+03,8.802260142792003535e+03,1.666809402294597930e+01,8.618828186717964127e+04,1.220049849290105385e+03
6.024069101531658816e+03,8.883747384650727327e+03,1.671618994555306159e+01,8.678143034044642991e+04,1.220049849290105385e+03
6.079837139272743116e+03,8.965988997600268704e+03,1.676655297084866447e+01,8.737866066342747945e+04,1.220049849290105385e+03
6.136121451641669410e+03,9.048991965258323035e+03,1.681634151907304542e+01,8.798000092707673321e+04,1.220049849290105385e+03
6.192926818069505316e+03,9.132763335893680051e+03,1.686220019590945185e+01,8.858547941566268855e+04,1.220049849290105385e+03
6.250258062233032433e+03,9.217310223024674997e+03,1.690071296586561189e+01,8.919512460809828190e+04,1.220049849290105385e+03
6.308120052464436412e+03,9.302639806023353231e+03,1.692844031368326085e+01,8.980896517928100366e+04,1.220049849290105385e+03
6.366517702164663206e+03,9.388759330725059044e+03,1.694206076375662562e+01,9.042703000144146790e+04,1.220049849290105385e+03
6.425455970220607014e+03,9.475676110043661538e+03,1.694183657851425551e+01,9.104934814550104784e+04,1.220049849290105385e+03
6.484939861426275456e+03,9.563397524592648551e+03,1.693208600410638809e+01,9.167594888243982859e+04,1.220049849290105385e+03
6.544974426907739144e+03,9.651931023311810350e+03,1.691735473642735599e+01,9.230686168467327661e+04,1.220049849290105385e+03
6.605564764552009365e+03,9.741284124099704059e+03,1.690218097460721225e+01,9.294211622743771295e+04,1.220049849290105385e+03
6.666716019440013952e+03,9.831464414452166238e+03,1.689104549838920377e+01,9.358174239018729713e+04,1.220049849290105385e+03
6.728433384283451232e+03,9.922479552106549818e+03,1.688720144240191345e+01,9.422577025799876719e+04,1.220049849290105385e+03
6.790722099865694872e+03,1.001433726569192550e+04,1.689253973221089566e+01,9.487423012298613321e+04,1.220049849290105385e+03
6.853587455486904219e+03,1.010704535538549499e+04,1.690889430797936654e+01,9.552715248572643031e+04,1.220049849290105385e+03
6.917034789413123690e+03,1.020061169357487597e+04,1.693812555222148930e+01,9.618456805669379537e+04,1.220049849290105385e+03
6.981069489329548560e+03,1.029504422552654250e+04,1.698198532113644177e+01,9.684650775770351174e+04,1.220049849290105385e+03
7.045696992798104475e+03,1.039035097006061733e+04,1.703809132397221404e+01,9.751300272336731723e+04,1.220049849290105385e+03
7.110922787719147891e+03,1.048654002023174689e+04,1.709937597459645175e+01,9.818408430255760322e+04,1.220049849290105385e+03
7.176752412797423858e+03,1.058361954401625553e+04,1.715843428641791490e+01,9.885978405988104350e+04,1.220049849290105385e+03
7.243191458012483963e+03,1.068159778500587527e+04,1.720776077504695678e+01,9.954013377716466493e+04,1.220049849290105385e+03
7.310245565093299774e+03,1.078048306310765292e+04,1.723997648438494679e+01,1.002251654549496016e+05,1.220049849290105385e+03
7.377920427997371007e+03,1.088028377525050928e+04,1.725328230630249848e+01,1.009149113139969559e+05,1.220049849290105385e+03
7.446221793394169254e+03,1.098100839609817012e+04,1.725212645197616723e+01,1.016094037968026096e+05,1.220049849290105385e+03
7.515155461153211036e+03,1.108266547876892946e+04,1.724132215327036022e+01,1.023086755691240105e+05,1.220049849290105385e+03
7.584727284836514627e+03,1.118526365556188466e+04,1.722569349973237607e+01,1.030127595215161418e+05,1.220049849290105385e+03
7.654943172195617080e+03,1.128881163868989279e+04,1.721004341274808525e+01,1.037216887708781287e+05,1.220049849290105385e+03
7.725809085673322443e+03,1.139331822101949911e+04,1.719883426713347063e+01,1.044354966620121122e+05,1.220049849290105385e+03
7.797331042909966527e+03,1.149879227681752855e+04,1.719616222882626033e+01,1.051542167691905634e+05,1.220049849290105385e+03
7.869515117254361030e+03,1.160524276250458752e+04,1.720611220516133244e+01,1.058778828977356316e+05,1.220049849290105385e+03
7.942367438279611633e+03,1.171267871741573617e+04,1.723280134010573050e+01,1.066065290856096981e+05,1.220049849290105385e+03
8.015894192303568161e+03,1.182110926456801099e+04,1.728014821677199819e+01,1.073401896050161304e+05,1.220049849290105385e+03
8.090101622914094150e+03,1.193054361143503047e+04,1.734493655103208809e+01,1.080788989640107029e+05,1.220049849290105385e+03
8.164996031499342280e+03,1.204099105072900966e+04,1.741601160177660645e+01,1.088226919081257365e+05,1.220049849290105385e+03
8.240583777782794641e+03,1.215246096118978676e+04,1.748165089120564986e+01,1.095716034220038564e+05,1.220049849290105385e+03
8.316871280363253391e+03,1.226496280838114217e+04,1.752996056906295053e+01,1.103256687310429697e+05,1.220049849290105385e+03
8.393865017259980959e+03,1.237850614549473539e+04,1.754937564079149226e+01,1.110849233030541945e+05,1.220049849290105385e+03
8.471571526462739712e+03,1.249310061416124336e+04,1.753971742543221168e+01,1.118494028499295673e+05,1.220049849290105385e+03
8.549997406486916589e+03,1.260875594526901114e+04,1.751322755266938813e+01,1.126191433293214068e+05,1.220049849290105385e+03
8.629149316933942828e+03,1.272548195979050615e+04,1.748276962926622957e+01,1.133941809463341342e+05,1.220049849290105385e+03
8.709033979056755925e+03,1.284328856961621568e+04,1.746113602253958419e+01,1.141745521552272548e+05,1.220049849290105385e+03
8.789658176330478454e+03,1.296218577839622230e+04,1.746071188545991504e+01,1.149602936611294281e+05,1.220049849290105385e+03
8.871028755028553860e+03,1.308218368238984476e+04,1.748456183530218411e+01,1.157514424217654305e+05,1.220049849290105385e+03
8.953152624804051811e+03,1.320329247132288947e+04,1.752572367250189700e+01,1.165480356491945131e+05,1.220049849290105385e+03
9.036036759276348675e+03,1.332552242925283645e+04,1.757673248721135550e+01,1.173501108115600655e+05,1.220049849290105385e+03
9.119688196623410477e+03,1.344888393544227984e+04,1.763006361614941753e+01,1.181577056348527258e+05,1.220049849290105385e+03
9.204114040179372751e+03,1.357338746524018825e+04,1.767824953969032364e+01,1.189708581046843319e+05,1.220049849290105385e+03
9.289321459037761088e+03,1.369904359097147972e+04,1.771749098465271999e+01,1.197896064680751151e+05,1.220049849290105385e+03
9.375317688660186832e+03,1.382586298283466567e+04,1.774798787452160553e+01,1.206139892352516763e+05,1.220049849290105385e+03
9.462110031490869005e+03,1.395385640980809330e+04,1.777015283117051681e+01,1.214440451814593980e+05,1.220049849290105385e+03
9.549705857576667768e+03,1.408303474056432242e+04,1.778441293361944631e+01,1.222798133487860614e+05,1.220049849290105385e+03
9.638112605192854971e+03,1.421340894439294243e+04,1.779122547360031348e+01,1.231213330479973374e+05,1.220049849290105385e+03
9.727337781474872827e+03,1.434499009213224053e+04,1.779151720651691093e+01,1.239686438603869028e+05,1.220049849290105385e+03
9.817388963055735076e+03,1.447778935710917904e+04,1.778671137725081763e+01,1.248217856396379066e+05,1.220049849290105385e+03
9.908273796709350790e+03,1.461181801608811475e+04,1.777825870812101883e+01,1.256807985136966308e+05,1.220049849290105385e+03
1.000000000000000000e+04,1.474708745022857875e+04,1.776761012509513193e+01,1.265457228866613441e+05,1.220049849290105385e+03
1.013911385736679949e+04,1.495223987224125995e+04,1.776761012509513193e+01,1.278536249259666802e+05,1.220049849290105385e+03
1.028016298126472429e+04,1.516024624873134235e+04,1.776761012509513193e+01,1.291750443264289352e+05,1.220049849290105385e+03
1.042317429393303610e+04,1.537114628216050005e+04,1.776761012509513193e+01,1.305101207945812057e+05,1.220049849290105385e+03
1.056817509213658559e+04,1.558498022730657067e+04,1.776761012509513193e+01,1.318589954808512703e+05,1.220049849290105385e+03
1.071519305237607114e+04,1.580178889894716121e+04,1.776761012509513193e+01,1.332218109944846947e+05,1.220049849290105385e+03
1.086425623617064412e+04,1.602161367964996862e+04,1.776761012509513193e+01,1.345987114186224353e+05,1.220049849290105385e+03
1.101539309541414514e+04,1.624449652767164844e+04,1.776761012509513193e+01,1.359898423255344096e+05,1.220049849290105385e+03
1.116863247780561142e+04,1.647047998496624496e+04,1.776761012509513193e+01,1.373953507920088887e+05,1.220049849290105385e+03
1.132400363235557779e+04,1.669960718530537997e+04,1.776761012509513193e+01,1.388153854149030522e+05,1.220049849290105385e+03
1.148153621496881715e+04,1.693192186251115709e+04,1.776761012509513193e+01,1.402500963268530322e+05,1.220049849290105385e+03
1.164126029410490810e+04,1.716746835880387516e+04,1.776761012509513193e+01,1.416996352121472592e+05,1.220049849290105385e+03
1.180320635651729754e+04,1.740629163326544221e+04,1.776761012509513193e+01,1.431641553227621480e+05,1.220049849290105385e+03
1.196740531307244237e+04,1.764843727042094179e+04,1.776761012509513193e+01,1.446438114945655107e+05,1.220049849290105385e+03
1.213388850464976167e+04,1.789395148893933219e+04,1.776761012509513193e+01,1.461387601636859181e+05,1.220049849290105385e+03
1.230268770812381081e+04,1.814288115045540326e+04,1.776761012509513193e+01,1.476491593830529309e+05,1.220049849290105385e+03
1.247383514242943238e+04,1.839527376851412919e+04,1.776761012509513193e+01,1.491751688391056960e+05,1.220049849290105385e+03
1.264736347471152294e+04,1.865117751763976048e+04,1.776761012509513193e+01,1.507169498686768929e+05,1.220049849290105385e+03
1.282330582656020488e+04,1.891064124253090267e+04,1.776761012509513193e+01,1.522746654760494130e+05,1.220049849290105385e+03
1.300169578033289872e+04,1.917371446738371742e+04,1.776761012509513193e+01,1.538484803501908318e+05,1.220049849290105385e+03
1.318256738556407436e+04,1.944044740534445373e+04,1.776761012509513193e+01,1.554385608821639325e+05,1.220049849290105385e+03
1.336595516546443287e+04,1.971089096809383773e+04,1.776761012509513193e+01,1.570450751827190688e+05,1.220049849290105385e+03
1.355189412351035025e+04,1.998509677556459064e+04,1.776761012509513193e+01,1.586681931000672339e+05,1.220049849290105385e+03
1.374041975012514922e+04,2.026311716579434869e+04,1.776761012509513193e+01,1.603080862378381717e+05,1.220049849290105385e+03
1.393156802945303571e+04,2.054500520491525458e+04,1.776761012509513193e+01,1.619649279732218711e+05,1.220049849290105385e+03
1.412537544622755377e+04,2.083081469728292723e+04,1.776761012509513193e+01,1.636388934752994974e+05,1.220049849290105385e+03
1.432187899273542462e+04,2.112060019574609032e+04,1.776761012509513193e+01,1.653301597235629160e+05,1.220049849290105385e+03
1.452111617587741966e+04,2.141441701205931167e+04,1.776761012509513193e+01,1.670389055266263895e+05,1.220049849290105385e+03
1.472312502432719339e+04,2.171232122744018852e+04,1.776761012509513193e+01,1.687653115411300969e+05,1.220049849290105385e+03
1.492794409578997511e+04,2.201436970327381641e+04,1.776761012509513193e+01,1.705095602908407745e+05,1.220049849290105385e+03
1.513561248436207097e+04,2.232062009196589133e+04,1.776761012509513193e+01,1.722718361859481083e+05,1.220049849290105385e+03
1.534616982799294055e+04,2.263113084794711540e+04,1.776761012509513193e+01,1.740523255425633979e+05,1.220049849290105385e+03
1.555965631605075032e+04,2.294596123883018663e+04,1.776761012509513193e+01,1.758512166024153994e+05,1.220049849290105385e+03
1.577611269699350123e+04,2.326517135672246150e+04,1.776761012509513193e+01,1.776686995527535619e+05,1.220049849290105385e+03
1.599558028614667819e+04,2.358882212969573447e+04,1.776761012509513193e+01,1.795049665464548743e+05,1.220049849290105385e+03
1.621810097358929852e+04,2.391697533341586313e+04,1.776761012509513193e+01,1.813602117223404930e+05,1.220049849290105385e+03
1.644371723214932354e+04,2.424969360293367208e+04,1.776761012509513193e+01,1.832346312256990641e+05,1.220049849290105385e+03
1.667247212551064513e+04,2.458704044464038452e+04,1.776761012509513193e+01,1.851284232290255313e+05,1.220049849290105385e+03
1.690440931643263320e+04,2.492908024838907659e+04,1.776761012509513193e+01,1.870417879529721977e+05,1.220049849290105385e+03
1.713957307508425220e+04,2.527587829978506488e+04,1.776761012509513193e+01,1.889749276875180658e+05,1.220049849290105385e+03
1.737800828749376160e+04,2.562750079264674787e+04,1.776761012509513193e+01,1.909280468133543036e+05,1.220049849290105385e+03
1.761976046411630887e+04,2.598401484164033172e+04,1.776761012509513193e+01,1.929013518234936928e+05,1.220049849290105385e+03
1.786487574852049875e+04,2.634548849508995409e+04,1.776761012509513193e+01,1.948950513451009756e+05,1.220049849290105385e+03
1.811340092619602729e+04,2.671199074796641435e+04,1.776761012509513193e+01,1.969093561615516082e+05,1.220049849290105385e+03
1.836538343348347553e+04,2.708359155505600211e+04,1.776761012509513193e+01,1.989444792347148468e+05,1.220049849290105385e+03
1.862087136662865669e+04,2.746036184431301444e+04,1.776761012509513193e+01,2.010006357274696056e+05,1.220049849290105385e+03
1.887991349096292470e+04,2.784237353039805748e+04,1.776761012509513193e+01,2.030780430264542520e+05,1.220049849290105385e+03
1.914255925021085932e+04,2.822969952840415499e+04,1.776761012509513193e+01,2.051769207650471071e+05,1.220049849290105385e+03
1.940885877592779434e+04,2.862241376777436017e+04,1.776761012509513193e+01,2.072974908465888293e+05,1.220049849290105385e+03
1.967886289706842945e+04,2.902059120641266418e+04,1.776761012509513193e+01,2.094399774678424874e+05,1.220049849290105385e+03
1.995262314968878854e+04,2.942430784499157744e+04,1.776761012509513193e+01,2.116046071426977287e+05,1.220049849290105385e+03
2.023019178678271783e+04,2.983364074145806808e+04,1.776761012509513193e+01,2.137916087261170906e+05,1.220049849290105385e+03
2.051162178825566662e+04,3.024866802574202302e+04,1.776761012509513193e+01,2.160012134383332159e+05,1.220049849290105385e+03
2.079696687103693694e+04,3.066946891466883244e+04,1.776761012509513193e+01,2.182336548892936262e+05,1.220049849290105385e+03
2.108628149933288660e+04,3.109612372707990653e+04,1.776761012509513193e+01,2.204891691033602983e+05,1.220049849290105385e+03
2.137962089502232266e+04,3.152871389916283806e+04,1.776761012509513193e+01,2.227679945442618337e+05,1.220049849290105385e+03
2.167704104819696295e+04,3.196732199999551813e+04,1.776761012509513193e+01,2.250703721403055824e+05,1.220049849290105385e+03
2.197859872784823165e+04,3.241203174730604587e+04,1.776761012509513193e+01,2.273965453098499274e+05,1.220049849290105385e+03
2.228435149270303009e+04,3.286292802345233940e+04,1.776761012509513193e+01,2.297467599870401900e+05,1.220049849290105385e+03
2.259435770220978156e+04,3.332009689162333234e+04,1.776761012509513193e+01,2.321212646478087117e+05,1.220049849290105385e+03
2.290867652767774780e+04,3.378362561226625257e+04,1.776761012509513193e+01,2.345203103361453104e+05,1.220049849290105385e+03
2.322736796357105050e+04,3.425360265974199865e+04,1.776761012509513193e+01,2.369441506906391587e+05,1.220049849290105385e+03
2.355049283896009001e+04,3.473011773921263375e+04,1.776761012509513193e+01,2.393930419712957228e+05,1.220049849290105385e+03
2.387811282913178366e+04,3.521326180376313278e+04,1.776761012509513193e+01,2.418672430866274517e+05,1.220049849290105385e+03
2.421029046736179953e+04,3.570312707176197728e+04,1.776761012509513193e+01,2.443670156210284040e+05,1.220049849290105385e+03
2.454708915685028478e+04,3.619980704446289019e+04,1.776761012509513193e+01,2.468926238624299003e+05,1.220049849290105385e+03
2.488857318282390406e+04,3.670339652385179943e+04,1.776761012509513193e+01,2.494443348302428494e+05,1.220049849290105385e+03
2.523480772480575615e+04,3.721399163074141688e+04,1.776761012509513193e+01,2.520224183035872120e+05,1.220049849290105385e+03
2.558585886905647931e+04,3.773168982311824220e+04,1.776761012509513193e+01,2.546271468498150061e+05,1.220049849290105385e+03
2.594179362118812423e+04,3.825658991474431969e+04,1.776761012509513193e+01,2.572587958533273195e+05,1.220049849290105385e+03
2.630267991895381419e+04,3.878879209401830303e+04,1.776761012509513193e+01,2.599176435446901014e+05,1.220049849290105385e+03
2.666858664521480750e+04,3.932839794309807621e+04,1.776761012509513193e+01,2.626039710300485021e+05,1.220049849290105385e+03
2.703958364108846217e+04,3.987551045729016187e+04,1.776761012509513193e+01,2.653180623208476463e+05,1.220049849290105385e+03
2.741574171927880889e+04,4.043023406470846385e+04,1.776761012509513193e+01,2.680602043638594332e+05,1.220049849290105385e+03
2.779713267759288283e+04,4.099267464620687679e+04,1.776761012509513193e+01,2.708306870715214172e+05,1.220049849290105385e+03
2.818382931264454965e+04,4.156293955558847665e+04,1.776761012509513193e+01,2.736298033525848296e+05,1.220049849290105385e+03
2.857590543374949630e+04,4.214113764009658917e+04,1.776761012509513193e+01,2.764578491430848371e+05,1.220049849290105385e+03
2.897343587701321303e+04,4.272737926119039912e+04,1.776761012509513193e+01,2.793151234376265784e+05,1.220049849290105385e+03
2.937649651961530617e+04,4.332177631561024464e+04,1.776761012509513193e+01,2.822019283209989080e+05,1.220049849290105385e+03
2.978516429429190975e+04,4.392444225673485926e+04,1.776761012509513193e+01,2.851185690001092153e+05,1.220049849290105385e+03
3.019951720402019055e+04,4.453549211623681913e+04,1.776761012509513193e+01,2.880653538362523541e+05,1.220049849290105385e+03
3.061963433690675447e+04,4.515504252603856730e+04,1.776761012509513193e+01,2.910425943777130451e+05,1.220049849290105385e+03
3.104559588128355608e+04,4.578321174057447934e+04,1.776761012509513193e+01,2.940506053927044850e+05,1.220049849290105385e+03
3.147748314101317374e+04,4.642011965936170600e+04,1.776761012509513193e+01,2.970897049026450259e+05,1.220049849290105385e+03
3.191537855100758316e+04,4.706588784988583211e+04,1.776761012509513193e+01,3.001602142157824128e+05,1.220049849290105385e+03
3.235936569296280868e+04,4.772063957080490945e+04,1.776761012509513193e+01,3.032624579611650552e+05,1.220049849290105385e+03
3.280952931131190417e+04,4.838449979547545081e+04,1.776761012509513193e+01,3.063967641229608562e+05,1.220049849290105385e+03
3.326595532940047269e+04,4.905759523580662062e+04,1.776761012509513193e+01,3.095634640751358820e+05,1.220049849290105385e+03
3.372873086588692240e+04,4.974005436644583824e+04,1.776761012509513193e+01,3.127628926164862351e+05,1.220049849290105385e+03
3.419794425137087092e+04,5.043200744930079236e+04,1.776761012509513193e+01,3.159953880060368101e+05,1.220049849290105385e+03
3.467368504525316530e+04,5.113358655840313440e+04,1.776761012509513193e+01,3.192612919988035574e+05,1.220049849290105385e+03
3.515604405282983498e+04,5.184492560511699412e+04,1.776761012509513193e+01,3.225609498819234432e+05,1.220049849290105385e+03
3.564511334262439050e+04,5.256616036369914218e+04,1.776761012509513193e+01,3.258947105111614801e+05,1.220049849290105385e+03
3.614098626396131294e+04,5.329742849721473613e+04,1.776761012509513193e+01,3.292629263477942441e+05,1.220049849290105385e+03
3.664375746478333167e+04,5.403886958381260774e+04,1.776761012509513193e+01,3.326659534958719159e+05,1.220049849290105385e+03
3.715352290971727780e+04,5.479062514336716413e+04,1.776761012509513193e+01,3.361041517398680444e+05,1.220049849290105385e+03
3.767037989839092916e+04,5.555283866449038032e+04,1.776761012509513193e+01,3.395778845827177865e+05,1.220049849290105385e+03
3.819442708400464471e+04,5.632565563191954425e+04,1.776761012509513193e+01,3.430875192842493998e+05,1.220049849290105385e+03
3.872576449216172477e+04,5.710922355428656738e+04,1.776761012509513193e+01,3.466334269000132335e+05,1.220049849290105385e+03
3.926449353996001446e+04,5.790369199227254285e+04,1.776761012509513193e+01,3.502159823205104331e+05,1.220049849290105385e+03
3.981071705534969078e+04,5.870921258715482691e+04,1.776761012509513193e+01,3.538355643108271761e+05,1.220049849290105385e+03
4.036453929676048574e+04,5.952593908975148952e+04,1.776761012509513193e+01,3.574925555506836972e+05,1.220049849290105385e+03
4.092606597300109570e+04,6.035402738976713590e+04,1.776761012509513193e+01,3.611873426748882630e+05,1.220049849290105385e+03
4.149540426343632862e+04,6.119363554554833536e+04,1.776761012509513193e+01,3.649203163142173435e+05,1.220049849290105385e+03
4.207266283844437567e+04,6.204492381425213534e+04,1.776761012509513193e+01,3.686918711367120268e+05,1.220049849290105385e+03
4.265795188015925669e+04,6.290805468243511859e+04,1.776761012509513193e+01,3.725024058894091868e+05,1.220049849290105385e+03
4.325138310350088432e+04,6.378319289706662676e+04,1.776761012509513193e+01,3.763523234404929681e+05,1.220049849290105385e+03
4.385306977749860380e+04,6.467050549697478709e+04,1.776761012509513193e+01,3.802420308218919672e+05,1.220049849290105385e+03
4.446312674691083521e+04,6.557016184472914028e+04,1.776761012509513193e+01,3.841719392723105266e+05,1.220049849290105385e+03
4.508167045414600580e+04,6.648233365896770556e+04,1.776761012509513193e+01,3.881424642807100900e+05,1.220049849290105385e+03
4.570881896148751548e+04,6.740719504717226664e+04,1.776761012509513193e+01,3.921540256302322960e+05,1.220049849290105385e+03
4.634469197362884006e+04,6.834492253890109714e+04,1.776761012509513193e+01,3.962070474425834836e+05,1.220049849290105385e+03
4.698941086052150786e+04,6.929569511948311992e+04,1.776761012509513193e+01,4.003019582228733343e+05,1.220049849290105385e+03
4.764309868054155959e+04,7.025969426418162766e+04,1.776761012509513193e+01,4.044391909049211536e+05,1.220049849290105385e+03
4.830588020397728542e+04,7.123710397283185739e+04,1.776761012509513193e+01,4.086191828970239148e+05,1.220049849290105385e+03
4.897788193684466387e+04,7.222811080496189243e+04,1.776761012509513193e+01,4.128423761282039341e+05,1.220049849290105385e+03
4.965923214503358031e+04,7.323290391540124256e+04,1.776761012509513193e+01,4.171092170949299471e+05,1.220049849290105385e+03
5.035006087879047845e+04,7.425167509038560092e+04,1.776761012509513193e+01,4.214201569083264912e+05,1.220049849290105385e+03
5.105049999754064629e+04,7.528461878416257969e+04,1.776761012509513193e+01,4.257756513418623945e+05,1.220049849290105385e+03
5.176068319505681575e+04,7.633193215610797051e+04,1.776761012509513193e+01,4.301761608795406646e+05,1.220049849290105385e+03
5.248074602497722663e+04,7.739381510835750669e+04,1.776761012509513193e+01,4.346221507645823876e+05,1.220049849290105385e+03
5.321082592667941935e+04,7.847047032396316354e+04,1.776761012509513193e+01,4.391140910486155772e+05,1.220049849290105385e+03
5.395106225151279068e+04,7.956210330557850830e+04,1.776761012509513193e+01,4.436524566413688008e+05,1.220049849290105385e+03
5.470159628939710092e+04,8.066892241468382417e+04,1.776761012509513193e+01,4.482377273608821561e+05,1.220049849290105385e+03
5.546257129579104367e+04,8.179113891135678568e+04,1.776761012509513193e+01,4.528703879842385068e+05,1.220049849290105385e+03
5.623413251903490891e+04,8.292896699459505908e+04,1.776761012509513193e+01,4.575509282988118357e+05,1.220049849290105385e+03
5.701642722807478276e+04,8.408262384320126148e+04,1.776761012509513193e+01,4.622798431540531456e+05,1.220049849290105385e+03
5.780960474057187093e+04,8.525232965723620146e+04,1.776761012509513193e+01,4.670576325138072134e+05,1.220049849290105385e+03
5.861381645140284672e+04,8.643830770004843362e+04,1.776761012509513193e+01,4.718848015091714915e+05,1.220049849290105385e+03
5.942921586155726982e+04,8.764078434088964423e+04,1.776761012509513193e+01,4.767618604919020436e+05,1.220049849290105385e+03
6.025595860743580852e+04,8.885998909812093189e+04,1.776761012509513193e+01,4.816893250883686123e+05,1.220049849290105385e+03
6.109420249055714521e+04,9.009615468302188674e+04,1.776761012509513193e+01,4.866677162540686550e+05,1.220049849290105385e+03
6.194410750767811987e+04,9.134951704420898750e+04,1.776761012509513193e+01,4.916975603287097183e+05,1.220049849290105385e+03
6.280583588133179728e+04,9.262031541267038847e+04,1.776761012509513193e+01,4.967793890918506659e+05,1.220049849290105385e+03
6.367955209079162159e+04,9.390879234742901463e+04,1.776761012509513193e+01,5.019137398191277171e+05,1.220049849290105385e+03
6.456542290346562368e+04,9.521519378183987283e+04,1.776761012509513193e+01,5.071011553390572662e+05,1.220049849290105385e+03
6.546361740672746964e+04,9.653976907053157629e+04,1.776761012509513193e+01,5.123421840904253186e+05,1.220049849290105385e+03
6.637430704019089171e+04,9.788277103700175940e+04,1.776761012509513193e+01,5.176373801802735543e+05,1.220049849290105385e+03
6.729766562843181600e+04,9.924445602187259647e+04,1.776761012509513193e+01,5.229873034424786456e+05,1.220049849290105385e+03
6.823386941416689660e+04,1.006250839318196377e+05,1.776761012509513193e+01,5.283925194969427539e+05,1.220049849290105385e+03
6.918309709189362184e+04,1.020249182891809760e+05,1.776761012509513193e+01,5.338535998093951494e+05,1.220049849290105385e+03
7.014552984199713683e+04,1.034442262822550256e+05,1.776761012509513193e+01,5.393711217518065823e+05,1.220049849290105385e+03
7.112135136533295736e+04,1.048832788162998913e+05,1.776761012509513193e+01,5.449456686634343350e+05,1.220049849290105385e+03
7.211074791828989692e+04,1.063423505652409513e+05,1.776761012509513193e+01,5.505778299124946352e+05,1.220049849290105385e+03
7.311390834834171983e+04,1.078217200240992679e+05,1.776761012509513193e+01,5.562682009584769839e+05,1.220049849290105385e+03
7.413102413009176962e+04,1.093216695621468243e+05,1.776761012509513193e+01,5.620173834150927141e+05,1.220049849290105385e+03
7.516228940182059887e+04,1.108424854768037039e+05,1.776761012509513193e+01,5.678259851138858357e+05,1.220049849290105385e+03
7.620790100254114077e+04,1.123844580482836463e+05,1.776761012509513193e+01,5.736946201684919652e+05,1.220049849290105385e+03
7.726805850957021175e+04,1.139478815950010467e+05,1.776761012509513193e+01,5.796239090395719977e+05,1.220049849290105385e+03
7.834296427662120550e+04,1.155330545297466451e+05,1.776761012509513193e+01,5.856144786004011985e+05,1.220049849290105385e+03
7.943282347242820833e+04,1.171402794166468084e+05,1.776761012509513193e+01,5.916669622031514300e+05,1.220049849290105385e+03
8.053784411990660010e+04,1.187698630289140128e+05,1.776761012509513193e+01,5.977819997458510334e+05,1.220049849290105385e+03
8.165823713585922087e+04,1.204221164074018889e+05,1.776761012509513193e+01,6.039602377400387777e+05,1.220049849290105385e+03
8.279421637123344408e+04,1.220973549199726258e+05,1.776761012509513193e+01,6.102023293791122269e+05,1.220049849290105385e+03
8.394599865193982259e+04,1.237958983216927008e+05,1.776761012509513193e+01,6.165089346073917113e+05,1.220049849290105385e+03
8.511380382023759012e+04,1.255180708158643101e+05,1.776761012509513193e+01,6.228807201898881467e+05,1.220049849290105385e+03
8.629785477669701504e+04,1.272642011159076937e+05,1.776761012509513193e+01,6.293183597828033380e+05,1.220049849290105385e+03
8.749837752274364175e+04,1.290346225081015145e+05,1.776761012509513193e+01,6.358225340047429781e+05,1.220049849290105385e+03
8.871560120379617729e+04,1.308296729151986074e+05,1.776761012509513193e+01,6.423939305086827371e+05,1.220049849290105385e+03
8.994975815300346585e+04,1.326496949609253206e+05,1.776761012509513193e+01,6.490332440546660218e+05,1.220049849290105385e+03
9.120108393559097021e+04,1.344950360353796859e+05,1.776761012509513193e+01,6.557411765832607634e+05,1.220049849290105385e+03
9.246981739382230444e+04,1.363660483613365213e+05,1.776761012509513193e+01,6.625184372897685971e+05,1.220049849290105385e+03
9.375620069258792500e+04,1.382630890614775417e+05,1.776761012509513193e+01,6.693657426992045948e+05,1.220049849290105385e+03
9.506047936562809628e+04,1.401865202265566913e+05,1.776761012509513193e+01,6.762838167420572136e+05,1.220049849290105385e+03
9.638290236239705700e+04,1.421367089845112059e+05,1.776761012509513193e+01,6.832733908308176324e+05,1.220049849290105385e+03
9.772372209558112081e+04,1.441140275705369713e+05,1.776761012509513193e+01,6.903352039373142179e+05,1.220049849290105385e+03
9.908319448927685153e+04,1.461188533981372020e+05,1.776761012509513193e+01,6.974700026708372170e+05,1.220049849290105385e+03
1.004615790278394561e+05,1.481515691311597766e+05,1.776761012509513193e+01,7.046785413570746314e+05,1.220049849290105385e+03
1.018591388054116978e+05,1.502125627568377822e+05,1.776761012509513193e+01,7.119615821178675396e+05,1.220049849290105385e+03
1.032761405761398055e+05,1.523022276598433964e+05,1.776761012509513193e+01,7.193198949517757865e+05,1.220049849290105385e+03
1.047128548050898535e+05,1.544209626973747800e+05,1.776761012509513193e+01,7.267542578154940857e+05,1.220049849290105385e+03
1.061695557198724127e+05,1.565691722752874193e+05,1.776761012509513193e+01,7.342654567061007256e+05,1.220049849290105385e+03
1.076465213629834907e+05,1.587472664252816467e+05,1.776761012509513193e+01,7.418542857441526139e+05,1.220049849290105385e+03
1.091440336448757153e+05,1.609556608831672347e+05,1.776761012509513193e+01,7.495215472576465691e+05,1.220049849290105385e+03
1.106623783977667626e+05,1.631947771682152525e+05,1.776761012509513193e+01,7.572680518668455770e+05,1.220049849290105385e+03
1.122018454301962920e+05,1.654650426636134507e+05,1.776761012509513193e+01,7.650946185699788621e+05,1.220049849290105385e+03
1.137627285823431012e+05,1.677668906980431930e+05,1.776761012509513193e+01,7.730020748298369581e+05,1.220049849290105385e+03
1.153453257821092993e+05,1.701007606283870991e+05,1.776761012509513193e+01,7.809912566612464143e+05,1.220049849290105385e+03
1.169499391019869945e+05,1.724670979235908890e+05,1.776761012509513193e+01,7.890630087194611551e+05,1.220049849290105385e+03
1.185768748167159647e+05,1.748663542496917362e+05,1.776761012509513193e+01,7.972181843894682825e+05,1.220049849290105385e+03
1.202264434617413062e+05,1.772989875560261135e+05,1.776761012509513193e+01,8.054576458762034308e+05,1.220049849290105385e+03
1.218989598924867314e+05,1.797654621626407898e+05,1.776761012509513193e+01,8.137822642957133939e+05,1.220049849290105385e+03
1.235947433444511989e+05,1.822662488489178359e+05,1.776761012509513193e+01,8.221929197672521695e+05,1.220049849290105385e+03
1.253141174941415520e+05,1.848018249434324389e+05,1.776761012509513193e+01,8.306905015063314931e+05,1.220049849290105385e+03
1.270574105208541878e+05,1.873726744150629384e+05,1.776761012509513193e+01,8.392759079187375028e+05,1.220049849290105385e+03
1.288249551693134854e+05,1.899792879653642303e+05,1.776761012509513193e+01,8.479500466955068987e+05,1.220049849290105385e+03
1.306170888131840475e+05,1.926221631222298311e+05,1.776761012509513193e+01,8.567138349088972900e+05,1.220049849290105385e+03
1.324341535194664320e+05,1.953018043348568317e+05,1.776761012509513193e+01,8.655681991093454417e+05,1.220049849290105385e+03
1.342764961137864157e+05,1.980187230700286163e+05,1.776761012509513193e+01,8.745140754234233173e+05,1.220049849290105385e+03
1.361444682465951191e+05,2.007734379097406054e+05,1.776761012509513193e+01,8.835524096528117079e+05,1.220049849290105385e+03
1.380384264602886687e+05,2.035664746501823538e+05,1.776761012509513193e+01,8.926841573742954060e+05,1.220049849290105385e+03
1.399587322572617850e+05,2.063983664020966971e+05,1.776761012509513193e+01,9.019102840407894691e+05,1.220049849290105385e+03
1.419057521689092682e+05,2.092696536925368709e+05,1.776761012509513193e+01,9.112317650834164815e+05,1.220049849290105385e+03
1.438798578255843604e+05,2.121808845680347295e+05,1.776761012509513193e+01,9.206495860146265477e+05,1.220049849290105385e+03
1.458814260275347333e+05,2.151326146992106223e+05,1.776761012509513193e+01,9.301647425323978532e+05,1.220049849290105385e+03
1.479108388168207312e+05,2.181254074868319149e+05,1.776761012509513193e+01,9.397782406255014939e+05,1.220049849290105385e+03
1.499684835502374044e+05,2.211598341693516995e+05,1.776761012509513193e+01,9.494910966798607260e+05,1.220049849290105385e+03
1.520547529732497060e+05,2.242364739319417567e+05,1.776761012509513193e+01,9.593043375860097585e+05,1.220049849290105385e+03
1.541700452949558385e+05,2.273559140170414757e+05,1.776761012509513193e+01,9.692190008476589574e+05,1.220049849290105385e+03
1.563147642640954000e+05,2.305187498364479980e+05,1.776761012509513193e+01,9.792361346913913731e+05,1.220049849290105385e+03
1.584893192461114086e+05,2.337255850849600392e+05,1.776761012509513193e+01,9.893567981774770888e+05,1.220049849290105385e+03
1.606941253012875386e+05,2.369770318556076381e+05,1.776761012509513193e+01,9.995820613118464826e+05,1.220049849290105385e+03
1.629296032639721525e+05,2.402737107564845064e+05,1.776761012509513193e+01,1.009913005159221007e+06,1.220049849290105385e+03
1.651961798229014967e+05,2.436162510292014340e+05,1.776761012509513193e+01,1.020350721957400325e+06,1.220049849290105385e+03
1.674942876026438025e+05,2.470052906689924712e+05,1.776761012509513193e+01,1.030896315232743858e+06,1.220049849290105385e+03
1.698243652461745951e+05,2.504414765464895754e+05,1.776761012509513193e+01,1.041550899916841183e+06,1.220049849290105385e+03
1.721868574986006133e+05,2.539254645311909844e+05,1.776761012509513193e+01,1.052315602464384632e+06,1.220049849290105385e+03
1.745822152920503868e+05,2.574579196166500042e+05,1.776761012509513193e+01,1.063191560972271254e+06,1.220049849290105385e+03
1.770108958317422075e+05,2.610395160474003933e+05,1.776761012509513193e+01,1.074179925299917581e+06,1.220049849290105385e+03
1.794733626832524606e+05,2.646709374476514640e+05,1.776761012509513193e+01,1.085281857190833427e+06,1.220049849290105385e+03
1.819700858609982533e+05,2.683528769517744076e+05,1.776761012509513193e+01,1.096498530395452166e+06,1.220049849290105385e+03
1.845015419179473829e+05,2.720860373365983833e+05,1.776761012509513193e+01,1.107831130795216421e+06,1.220049849290105385e+03
1.870682140365801461e+05,2.758711311555524589e+05,1.776761012509513193e+01,1.119280856527958531e+06,1.220049849290105385e+03
1.896705921211148379e+05,2.797088808746716240e+05,1.776761012509513193e+01,1.130848918114577187e+06,1.220049849290105385e+03
1.923091728910157690e+05,2.836000190104936482e+05,1.776761012509513193e+01,1.142536538587011164e+06,1.220049849290105385e+03
1.949844599758045515e+05,2.875452882698784233e+05,1.776761012509513193e+01,1.154344953617559047e+06,1.220049849290105385e+03
1.976969640111862100e+05,2.915454416917655035e+05,1.776761012509513193e+01,1.166275411649503047e+06,1.220049849290105385e+03
2.004472027365159302e+05,2.956012427909097751e+05,1.776761012509513193e+01,1.178329174029109301e+06,1.220049849290105385e+03
2.032357010936221050e+05,2.997134657036161516e+05,1.776761012509513193e+01,1.190507515138988849e+06,1.220049849290105385e+03
2.060629913270000543e+05,3.038828953354962869e+05,1.776761012509513193e+01,1.202811722532819724e+06,1.220049849290105385e+03
2.089296130854040966e+05,3.081103275112875272e+05,1.776761012509513193e+01,1.215243097071481403e+06,1.220049849290105385e+03
2.118361135248504288e+05,3.123965691267518559e+05,1.776761012509513193e+01,1.227802953060585540e+06,1.220049849290105385e+03
2.147830474130533112e+05,3.167424383026888245e+05,1.776761012509513193e+01,1.240492618389430689e+06,1.220049849290105385e+03
2.177709772353159206e+05,3.211487645410940750e+05,1.776761012509513193e+01,1.253313434671398485e+06,1.220049849290105385e+03
2.208004733018901316e+05,3.256163888834834215e+05,1.776761012509513193e+01,1.266266757385785691e+06,1.220049849290105385e+03
2.238721138568337774e+05,3.301461640714256791e+05,1.776761012509513193e+01,1.279353956021117279e+06,1.220049849290105385e+03
2.269864851883821248e+05,3.347389547093085130e+05,1.776761012509513193e+01,1.292576414219941944e+06,1.220049849290105385e+03
2.301441817408509087e+05,3.393956374293627450e+05,1.776761012509513193e+01,1.305935529925104463e+06,1.220049849290105385e+03
2.333458062281004386e+05,3.441171010589890066e+05,1.776761012509513193e+01,1.319432715527552180e+06,1.220049849290105385e+03
2.365919697485761135e+05,3.489042467904086225e+05,1.776761012509513193e+01,1.333069398015656741e+06,1.220049849290105385e+03
2.398832919019489782e+05,3.537579883526750491e+05,1.776761012509513193e+01,1.346847019126082538e+06,1.220049849290105385e+03
2.432204009073815832e+05,3.586792521860810812e+05,1.776761012509513193e+01,1.360767035496219061e+06,1.220049849290105385e+03
2.466039337234341074e+05,3.636689776189855183e+05,1.776761012509513193e+01,1.374830918818173930e+06,1.220049849290105385e+03
2.500345361696429609e+05,3.687281170471065561e+05,1.776761012509513193e+01,1.389040155994372908e+06,1.220049849290105385e+03
2.535128630497906997e+05,3.738576361153085018e+05,1.776761012509513193e+01,1.403396249294767855e+06,1.220049849290105385e+03
2.570395782768864592e+05,3.790585139019118506e+05,1.776761012509513193e+01,1.417900716515652137e+06,1.220049849290105385e+03
2.606153549998897652e+05,3.843317431055740453e+05,1.776761012509513193e+01,1.432555091140138684e+06,1.220049849290105385e+03
2.642408757321944577e+05,3.896783302347654244e+05,1.776761012509513193e+01,1.447360922500282060e+06,1.220049849290105385e+03
2.679168324819031404e+05,3.950992957998866332e+05,1.776761012509513193e+01,1.462319775940890657e+06,1.220049849290105385e+03
2.716439268839083379e+05,4.005956745080494438e+05,1.776761012509513193e+01,1.477433232985007344e+06,1.220049849290105385e+03
2.754228703338163323e+05,4.061685154605755815e+05,1.776761012509513193e+01,1.492702891501126112e+06,1.220049849290105385e+03
2.792543841237336164e+05,4.118188823532423121e+05,1.776761012509513193e+01,1.508130365872130962e+06,1.220049849290105385e+03
2.831391995799379074e+05,4.175478536793067469e+05,1.776761012509513193e+01,1.523717287165962625e+06,1.220049849290105385e+03
2.870780582024691976e+05,4.233565229353622999e+05,1.776761012509513193e+01,1.539465303308072966e+06,1.220049849290105385e+03
2.910717118066608091e+05,4.292459988300557598e+05,1.776761012509513193e+01,1.555376079255649820e+06,1.220049849290105385e+03
2.951209226666383911e+05,4.352174054957061890e+05,1.776761012509513193e+01,1.571451297173640225e+06,1.220049849290105385e+03
2.992264636608188739e+05,4.412718827028740197e+05,1.776761012509513193e+01,1.587692656612608582e+06,1.220049849290105385e+03
3.033891184194271918e+05,4.474105860779046779e+05,1.776761012509513193e+01,1.604101874688406941e+06,1.220049849290105385e+03
3.076096814740704722e+05,4.536346873235075036e+05,1.776761012509513193e+01,1.620680686263723066e+06,1.220049849290105385e+03
3.118889584093935555e+05,4.599453744424030883e+05,1.776761012509513193e+01,1.637430844131503720e+06,1.220049849290105385e+03
3.162277660168379080e+05,4.663438519640729646e+05,1.776761012509513193e+01,1.654354119200260611e+06,1.220049849290105385e+03
3.206269324505467084e+05,4.728313411746743950e+05,1.776761012509513193e+01,1.671452300681301858e+06,1.220049849290105385e+03
3.250872973854347365e+05,4.794090803501470364e+05,1.776761012509513193e+01,1.688727196277899202e+06,1.220049849290105385e+03
3.296097121774575789e+05,4.860783249925638665e+05,1.776761012509513193e+01,1.706180632376400987e+06,1.220049849290105385e+03
3.341950400261142640e+05,4.928403480697747436e+05,1.776761012509513193e+01,1.723814454239337705e+06,1.220049849290105385e+03
3.388441561392027652e+05,4.996964402583730407e+05,1.776761012509513193e+01,1.741630526200500317e+06,1.220049849290105385e+03
3.435579478998742998e+05,5.066479101900520036e+05,1.776761012509513193e+01,1.759630731862048386e+06,1.220049849290105385e+03
3.483373150360116269e+05,5.136960847013886087e+05,1.776761012509513193e+01,1.777816974293666193e+06,1.220049849290105385e+03
3.531831697919570142e+05,5.208423090870918822e+05,1.776761012509513193e+01,1.796191176233747276e+06,1.220049849290105385e+03
3.580964371026362642e+05,5.280879473567855312e+05,1.776761012509513193e+01,1.814755280292684678e+06,1.220049849290105385e+03
3.630780547701017349e+05,5.354343824953571893e+05,1.776761012509513193e+01,1.833511249158255523e+06,1.220049849290105385e+03
3.681289736425313167e+05,5.428830167269300437e+05,1.776761012509513193e+01,1.852461065803115256e+06,1.220049849290105385e+03
3.732501577957206173e+05,5.504352717825107975e+05,1.776761012509513193e+01,1.871606733694468159e+06,1.220049849290105385e+03
3.784425847170935594e+05,5.580925891713516321e+05,1.776761012509513193e+01,1.890950277005857788e+06,1.220049849290105385e+03
3.837072454922784236e+05,5.658564304560956080e+05,1.776761012509513193e+01,1.910493740831185365e+06,1.220049849290105385e+03
3.890451449942804757e+05,5.737282775317511987e+05,1.776761012509513193e+01,1.930239191400937503e+06,1.220049849290105385e+03
3.944573020752784796e+05,5.817096329085362377e+05,1.776761012509513193e+01,1.950188716300614411e+06,1.220049849290105385e+03
3.999447497610977734e+05,5.898020199986693915e+05,1.776761012509513193e+01,1.970344424691460561e+06,1.220049849290105385e+03
4.055085354483843548e+05,5.980069834071439691e+05,1.776761012509513193e+01,1.990708447533442872e+06,1.220049849290105385e+03
4.111497211045221193e+05,6.063260892265478615e+05,1.776761012509513193e+01,2.011282937810549047e+06,1.220049849290105385e+03
4.168693834703355096e+05,6.147609253359909635e+05,1.776761012509513193e+01,2.032070070758424234e+06,1.220049849290105385e+03
4.226686142656033044e+05,6.233131017041782616e+05,1.776761012509513193e+01,2.053072044094325742e+06,1.220049849290105385e+03
4.285485203974391916e+05,6.319842506967101945e+05,1.776761012509513193e+01,2.074291078249486396e+06,1.220049849290105385e+03
4.345102241715714335e+05,6.407760273876587162e+05,1.776761012509513193e+01,2.095729416603882564e+06,1.220049849290105385e+03
4.405548635065534618e+05,6.496901098754658597e+05,1.776761012509513193e+01,2.117389325723390561e+06,1.220049849290105385e+03
4.466835921509634936e+05,6.587281996032494353e+05,1.776761012509513193e+01,2.139273095599435735e+06,1.220049849290105385e+03
4.528975799036213430e+05,6.678920216835589381e+05,1.776761012509513193e+01,2.161383039891098626e+06,1.220049849290105385e+03
4.591980128368685255e+05,6.771833252276486019e+05,1.776761012509513193e+01,2.183721496169720776e+06,1.220049849290105385e+03
4.655860935229590978e+05,6.866038836793379160e+05,1.776761012509513193e+01,2.206290826166056097e+06,1.220049849290105385e+03
4.720630412635899847e+05,6.961554951535023283e+05,1.776761012509513193e+01,2.229093416019946337e+06,1.220049849290105385e+03
4.786300923226380255e+05,7.058399827792921569e+05,1.776761012509513193e+01,2.252131676532619633e+06,1.220049849290105385e+03
4.852885001621209667e+05,7.156591950481063686e+05,1.776761012509513193e+01,2.275408043421546463e+06,1.220049849290105385e+03
4.920395356814510887e+05,7.256150061664225068e+05,1.776761012509513193e+01,2.298924977577973157e+06,1.220049849290105385e+03
4.988844874600126641e+05,7.357093164135270054e+05,1.776761012509513193e+01,2.322684965327092912e+06,1.220049849290105385e+03
5.058246620031137718e+05,7.459440525042231893e+05,1.776761012509513193e+01,2.346690518690907396e+06,1.220049849290105385e+03
5.128613839913647971e+05,7.563211679565915838e+05,1.776761012509513193e+01,2.370944175653831568e+06,1.220049849290105385e+03
5.199959965335162124e+05,7.668426434648520080e+05,1.776761012509513193e+01,2.395448500430990476e+06,1.220049849290105385e+03
5.272298614228222286e+05,7.775104872774254763e+05,1.776761012509513193e+01,2.420206083739338443e+06,1.220049849290105385e+03
5.345643593969714129e+05,7.883267355802557431e+05,1.776761012509513193e+01,2.445219543071572203e+06,1.220049849290105385e+03
5.420008904016237939e+05,7.992934528854502132e+05,1.776761012509513193e+01,2.470491522972840350e+06,1.220049849290105385e+03
5.495408738576248288e+05,8.104127324253425468e+05,1.776761012509513193e+01,2.496024695320352912e+06,1.220049849290105385e+03
5.571857489319304004e+05,8.216866965520282974e+05,1.776761012509513193e+01,2.521821759605864063e+06,1.220049849290105385e+03
5.649369748123022728e+05,8.331174971424601972e+05,1.776761012509513193e+01,2.547885443221068475e+06,1.220049849290105385e+03
5.727960309858291876e+05,8.447073160091862082e+05,1.776761012509513193e+01,2.574218501745975111e+06,1.220049849290105385e+03
5.807644175213123672e+05,8.564583653167856392e+05,1.776761012509513193e+01,2.600823719240208622e+06,1.220049849290105385e+03
5.888436553555884166e+05,8.683728880041120574e+05,1.776761012509513193e+01,2.627703908537374809e+06,1.220049849290105385e+03
5.970352865838366561e+05,8.804531582124120323e+05,1.776761012509513193e+01,2.654861911542452872e+06,1.220049849290105385e+03
6.053408747539136093e+05,8.927014817193829222e+05,1.776761012509513193e+01,2.682300599532236345e+06,1.220049849290105385e+03
6.137620051647945074e+05,9.051201963792869356e+05,1.776761012509513193e+01,2.710022873458907008e+06,1.220049849290105385e+03
6.223002851691601099e+05,9.177116725691787433e+05,1.776761012509513193e+01,2.738031664256742690e+06,1.220049849290105385e+03
6.309573444801929872e+05,9.304783136413404718e+05,1.776761012509513193e+01,2.766329933151979931e+06,1.220049849290105385e+03
6.397348354826482246e+05,9.434225563820205862e+05,1.776761012509513193e+01,2.794920671975906473e+06,1.220049849290105385e+03
6.486344335482388269e+05,9.565468714765355689e+05,1.776761012509513193e+01,2.823806903481150512e+06,1.220049849290105385e+03
6.576578373554198770e+05,9.698537639808580279e+05,1.776761012509513193e+01,2.852991681661271956e+06,1.220049849290105385e+03
6.668067692136218539e+05,9.833457737997667864e+05,1.776761012509513193e+01,2.882478092073653825e+06,1.220049849290105385e+03
6.760829753919818904e+05,9.970254761716293870e+05,1.776761012509513193e+01,2.912269252165704034e+06,1.220049849290105385e+03
6.854882264526620274e+05,1.010895482159949839e+06,1.776761012509513193e+01,2.942368311604460236e+06,1.220049849290105385e+03
6.950243175887976540e+05,1.024958439151744009e+06,1.776761012509513193e+01,2.972778452609582804e+06,1.220049849290105385e+03
7.046930689671466826e+05,1.039217031362847192e+06,1.776761012509513193e+01,3.003502890289794188e+06,1.220049849290105385e+03
7.144963260755134979e+05,1.053673980350263184e+06,1.776761012509513193e+01,3.034544872982811183e+06,1.220049849290105385e+03
7.244359600749906385e+05,1.068332045531618642e+06,1.776761012509513193e+01,3.065907682598745450e+06,1.220049849290105385e+03
7.345138681571143679e+05,1.083194024711863138e+06,1.776761012509513193e+01,3.097594634967103135e+06,1.220049849290105385e+03
7.447319739059888525e+05,1.098262754617296625e+06,1.776761012509513193e+01,3.129609080187358428e+06,1.220049849290105385e+03
7.550922276654341258e+05,1.113541111437006388e+06,1.776761012509513193e+01,3.161954402983118780e+06,1.220049849290105385e+03
7.655966069112569094e+05,1.129032011371857952e+06,1.776761012509513193e+01,3.194634023059991654e+06,1.220049849290105385e+03
7.762471166286927182e+05,1.144738411191111431e+06,1.776761012509513193e+01,3.227651395467124414e+06,1.220049849290105385e+03
7.870457896950984141e+05,1.160663308796782745e+06,1.776761012509513193e+01,3.261010010962489992e+06,1.220049849290105385e+03
7.979946872679768130e+05,1.176809743795866147e+06,1.776761012509513193e+01,3.294713396381963510e+06,1.220049849290105385e+03
8.090958991783829406e+05,1.193180798080493929e+06,1.776761012509513193e+01,3.328765115012167022e+06,1.220049849290105385e+03
8.203515443298176397e+05,1.209779596416188870e+06,1.776761012509513193e+01,3.363168766967209987e+06,1.220049849290105385e+03
8.317637711026708130e+05,1.226609307038299274e+06,1.776761012509513193e+01,3.397927989569334313e+06,1.220049849290105385e+03
8.433347577642756514e+05,1.243673142256710911e+06,1.776761012509513193e+01,3.433046457733430434e+06,1.220049849290105385e+03
8.550667128846840933e+05,1.260974359068992781e+06,1.776761012509513193e+01,3.468527884355588816e+06,1.220049849290105385e+03
8.669618757582161343e+05,1.278516259782061679e+06,1.776761012509513193e+01,3.504376020705642644e+06,1.220049849290105385e+03
8.790225168308842694e+05,1.296302192642507376e+06,1.776761012509513193e+01,3.540594656823781785e+06,1.220049849290105385e+03
8.912509381337459199e+05,1.314335552475661272e+06,1.776761012509513193e+01,3.577187621921229642e+06,1.220049849290105385e+03
9.036494737223004922e+05,1.332619781333579682e+06,1.776761012509513193e+01,3.614158784785101190e+06,1.220049849290105385e+03
9.162204901219991734e+05,1.351158369152041152e+06,1.776761012509513193e+01,3.651512054187436122e+06,1.220049849290105385e+03
9.289663867799362633e+05,1.369954854416658636e+06,1.776761012509513193e+01,3.689251379298441578e+06,1.220049849290105385e+03
9.418895965228418354e+05,1.389012824838286033e+06,1.776761012509513193e+01,3.727380750104017090e+06,1.220049849290105385e+03
9.549925860214368440e+05,1.408335918037806870e+06,1.776761012509513193e+01,3.765904197827602737e+06,1.220049849290105385e+03
9.682778562612485839e+05,1.427927822240449023e+06,1.776761012509513193e+01,3.804825795356374234e+06,1.220049849290105385e+03
9.817479430199844064e+05,1.447792276979773305e+06,1.776761012509513193e+01,3.844149657671866473e+06,1.220049849290105385e+03
9.954054173515274888e+05,1.467933073811425129e+06,1.776761012509513193e+01,3.883879942284995224e+06,1.220049849290105385e+03
1.009252886076683411e+06,1.488354057036843151e+06,1.776761012509513193e+01,3.924020849675629754e+06,1.220049849290105385e+03
1.023292992280753679e+06,1.509059124437035294e+06,1.776761012509513193e+01,3.964576623736707494e+06,1.220049849290105385e+03
1.037528415818012669e+06,1.530052228016535286e+06,1.776761012509513193e+01,4.005551552222875413e+06,1.220049849290105385e+03
1.051961873823223403e+06,1.551337374757739715e+06,1.776761012509513193e+01,4.046949967203845270e+06,1.220049849290105385e+03
1.066596121230259072e+06,1.572918627385723405e+06,1.776761012509513193e+01,4.088776245522392448e+06,1.220049849290105385e+03
1.081433951297939755e+06,1.594800105143695138e+06,1.776761012509513193e+01,4.131034809257088695e+06,1.220049849290105385e+03
1.096478196143185021e+06,1.616985984579243464e+06,1.776761012509513193e+01,4.173730126189836767e+06,1.220049849290105385e+03
1.111731727281591855e+06,1.639480500341530424e+06,1.776761012509513193e+01,4.216866710278238170e+06,1.220049849290105385e+03
1.127197456175509375e+06,1.662287945989543339e+06,1.776761012509513193e+01,4.260449122132784687e+06,1.220049849290105385e+03
1.142878334789771354e+06,1.685412674811637262e+06,1.776761012509513193e+01,4.304481969499095343e+06,1.220049849290105385e+03
1.158777356155126123e+06,1.708859100656431401e+06,1.776761012509513193e+01,4.348969907745005563e+06,1.220049849290105385e+03
1.174897554939530324e+06,1.732631698775299126e+06,1.776761012509513193e+01,4.393917640352790244e+06,1.220049849290105385e+03
1.191242008027376141e+06,1.756735006676561199e+06,1.776761012509513193e+01,4.439329919416437857e+06,1.220049849290105385e+03
1.207813835106779821e+06,1.781173624991564313e+06,1.776761012509513193e+01,4.485211546144046821e+06,1.220049849290105385e+03
1.224616199265048839e+06,1.805952218352822354e+06,1.776761012509513193e+01,4.531567371365471743e+06,1.220049849290105385e+03
1.241652307592409430e+06,1.831075516284337733e+06,1.776761012509513193e+01,4.578402296045113355e+06,1.220049849290105385e+03
1.258925411794166081e+06,1.856548314104359364e+06,1.776761012509513193e+01,4.625721271800143644e+06,1.220049849290105385e+03
1.276438808811343508e+06,1.882375473840648076e+06,1.776761012509513193e+01,4.673529301423964091e+06,1.220049849290105385e+03
1.294195841449986212e+06,1.908561925158510683e+06,1.776761012509513193e+01,4.721831439415139146e+06,1.220049849290105385e+03
1.312199899019204080e+06,1.935112666301731253e+06,1.776761012509513193e+01,4.770632792511792853e+06,1.220049849290105385e+03
1.330454417978092795e+06,1.962032765046590008e+06,1.776761012509513193e+01,4.819938520231506787e+06,1.220049849290105385e+03
1.348962882591653382e+06,1.989327359669154044e+06,1.776761012509513193e+01,4.869753835416805930e+06,1.220049849290105385e+03
1.367728825595849426e+06,2.017001659926042426e+06,1.776761012509513193e+01,4.920084004786317237e+06,1.220049849290105385e+03
1.386755828871886712e+06,2.045060948048793245e+06,1.776761012509513193e+01,4.970934349491541274e+06,1.220049849290105385e+03
1.406047524129912956e+06,2.073510579752120422e+06,1.776761012509513193e+01,5.022310245679485612e+06,1.220049849290105385e+03
1.425607593602187932e+06,2.102355985256139189e+06,1.776761012509513193e+01,5.074217125061006285e+06,1.220049849290105385e+03
1.445439770745927934e+06,2.131602670322855003e+06,1.776761012509513193e+01,5.126660475485108793e+06,1.220049849290105385e+03
1.465547840955912834e+06,2.161256217307053041e+06,1.776761012509513193e+01,5.179645841519135982e+06,1.220049849290105385e+03
1.485935642287008930e+06,2.191322286221809220e+06,1.776761012509513193e+01,5.233178825034974143e+06,1.220049849290105385e+03
1.506607066186741693e+06,2.221806615818819497e+06,1.776761012509513193e+01,5.287265085801299661e+06,1.220049849290105385e+03
1.527566058238073252e+06,2.252715024683782831e+06,1.776761012509513193e+01,5.341910342081985436e+06,1.220049849290105385e+03
1.548816618912479607e+06,2.284053412346968893e+06,1.776761012509513193e+01,5.397120371240609325e+06,1.220049849290105385e+03
1.570362804333551554e+06,2.315827760409307666e+06,1.776761012509513193e+01,5.452901010351339355e+06,1.220049849290105385e+03
1.592208727051170077e+06,2.348044133684073109e+06,1.776761012509513193e+01,5.509258156815986149e+06,1.220049849290105385e+03
1.614358556826486951e+06,2.380708681354500819e+06,1.776761012509513193e+01,5.566197768987543881e+06,1.220049849290105385e+03
1.636816521427810192e+06,2.413827638147485908e+06,1.776761012509513193e+01,5.623725866800134070e+06,1.220049849290105385e+03
1.659586907437563175e+06,2.447407325523614418e+06,1.776761012509513193e+01,5.681848532405450009e+06,1.220049849290105385e+03
1.682674061070467345e+06,2.481454152883744799e+06,1.776761012509513193e+01,5.740571910815795884e+06,1.220049849290105385e+03
1.706082389003124321e+06,2.515974618792396970e+06,1.776761012509513193e+01,5.799902210553791374e+06,1.220049849290105385e+03
1.729816359215099597e+06,2.550975312218108680e+06,1.776761012509513193e+01,5.859845704308719374e+06,1.220049849290105385e+03
1.753880501841760240e+06,2.586462913791122381e+06,1.776761012509513193e+01,5.920408729599758051e+06,1.220049849290105385e+03
1.778279410038922913e+06,2.622444197078488301e+06,1.776761012509513193e+01,5.981597689445968717e+06,1.220049849290105385e+03
1.803017740859569982e+06,2.658926029876965098e+06,1.776761012509513193e+01,6.043419053043274209e+06,1.220049849290105385e+03
1.828100216142744524e+06,2.695915375523881987e+06,1.776761012509513193e+01,6.105879356448420323e+06,1.220049849290105385e+03
1.853531623414814239e+06,2.733419294226241298e+06,1.776761012509513193e+01,6.168985203269993886e+06,1.220049849290105385e+03
1.879316816803268623e+06,2.771444944408300333e+06,1.776761012509513193e+01,6.232743265366573818e+06,1.220049849290105385e+03
1.905460717963248258e+06,2.809999584077935666e+06,1.776761012509513193e+01,6.297160283552156761e+06,1.220049849290105385e+03
1.931968317016922170e+06,2.849090572211948223e+06,1.776761012509513193e+01,6.362243068308761343e+06,1.220049849290105385e+03
1.958844673505988903e+06,2.888725370160726830e+06,1.776761012509513193e+01,6.427998500506538898e+06,1.220049849290105385e+03
1.986094917357371654e+06,2.928911543072366156e+06,1.776761012509513193e+01,6.494433532131186686e+06,1.220049849290105385e+03
2.013724249862389406e+06,2.969656761336660013e+06,1.776761012509513193e+01,6.561555187018992379e+06,1.220049849290105385e+03
2.041737944669531658e+06,3.010968802049154416e+06,1.776761012509513193e+01,6.629370561599399894e+06,1.220049849290105385e+03
2.070141348791041411e+06,3.052855550495563075e+06,1.776761012509513193e+01,6.697886825645294972e+06,1.220049849290105385e+03
2.098939883623524569e+06,3.095325001656871289e+06,1.776761012509513193e+01,6.767111223031041212e+06,1.220049849290105385e+03
2.128139045982709154e+06,3.138385261735303327e+06,1.776761012509513193e+01,6.837051072498283349e+06,1.220049849290105385e+03
2.157744409152664710e+06,3.182044549701614305e+06,1.776761012509513193e+01,6.907713768429804593e+06,1.220049849290105385e+03
2.187761623949551955e+06,3.226311198863813188e+06,1.776761012509513193e+01,6.979106781631213613e+06,1.220049849290105385e+03
2.218196419800219592e+06,3.271193658457778394e+06,1.776761012509513193e+01,7.051237660120850429e+06,1.220049849290105385e+03
2.249054605835782830e+06,3.316700495259965770e+06,1.776761012509513193e+01,7.124114029927760363e+06,1.220049849290105385e+03
2.280342072000421118e+06,3.362840395222564694e+06,1.776761012509513193e+01,7.197743595897994004e+06,1.220049849290105385e+03
2.312064790175593924e+06,3.409622165131387301e+06,1.776761012509513193e+01,7.272134142509168014e+06,1.220049849290105385e+03
2.344228815319922753e+06,3.457054734286864288e+06,1.776761012509513193e+01,7.347293534693518654e+06,1.220049849290105385e+03
2.376840286624873523e+06,3.505147156208337285e+06,1.776761012509513193e+01,7.423229718669355847e+06,1.220049849290105385e+03
2.409905428686593194e+06,3.553908610362178180e+06,1.776761012509513193e+01,7.499950722781256773e+06,1.220049849290105385e+03
2.443430552693971433e+06,3.603348403913834598e+06,1.776761012509513193e+01,7.577464658348795958e+06,1.220049849290105385e+03
2.477422057633286342e+06,3.653475973504330032e+06,1.776761012509513193e+01,7.655779720524132252e+06,1.220049849290105385e+03
2.511886431509582326e+06,3.704300887051441241e+06,1.776761012509513193e+01,7.734904189158456400e+06,1.220049849290105385e+03
2.546830252585044596e+06,3.755832845575939398e+06,1.776761012509513193e+01,7.814846429677370936e+06,1.220049849290105385e+03
2.582260190634595696e+06,3.808081685053230263e+06,1.776761012509513193e+01,7.895614893965296447e+06,1.220049849290105385e+03
2.618183008218986448e+06,3.861057378290792461e+06,1.776761012509513193e+01,7.977218121259114705e+06,1.220049849290105385e+03
2.654605561975536402e+06,3.914770036831641570e+06,1.776761012509513193e+01,8.059664739050876349e+06,1.220049849290105385e+03
2.691534803926913999e+06,3.969229912884403486e+06,1.776761012509513193e+01,8.142963464000060223e+06,1.220049849290105385e+03
2.728977782808040269e+06,4.024447401280106511e+06,1.776761012509513193e+01,8.227123102855023928e+06,1.220049849290105385e+03
2.766941645411512814e+06,4.080433041456293780e+06,1.776761012509513193e+01,8.312152553384187631e+06,1.220049849290105385e+03
2.805433637951716315e+06,4.137197519468686078e+06,1.776761012509513193e+01,8.398060805316692218e+06,1.220049849290105385e+03
2.844461107447919901e+06,4.194751670030850917e+06,1.776761012509513193e+01,8.484856941292868927e+06,1.220049849290105385e+03
2.884031503126605880e+06,4.253106478582223877e+06,1.776761012509513193e+01,8.572550137824473903e+06,1.220049849290105385e+03
2.924152377843336668e+06,4.312273083384952508e+06,1.776761012509513193e+01,8.661149666264938191e+06,1.220049849290105385e+03
2.964831389524339233e+06,4.372262777649814263e+06,1.776761012509513193e+01,8.750664893789475784e+06,1.220049849290105385e+03
3.006076302628228907e+06,4.433087011691828258e+06,1.776761012509513193e+01,8.841105284385522828e+06,1.220049849290105385e+03
3.047894989627982955e+06,4.494757395115739666e+06,1.776761012509513193e+01,8.932480399853264913e+06,1.220049849290105385e+03
3.090295432513591833e+06,4.557285699031989090e+06,1.776761012509513193e+01,9.024799900816563517e+06,1.220049849290105385e+03
3.133285724315588828e+06,4.620683858303477988e+06,1.776761012509513193e+01,9.118073547744344920e+06,1.220049849290105385e+03
3.176874070649775676e+06,4.684963973823588341e+06,1.776761012509513193e+01,9.212311201982490718e+06,1.220049849290105385e+03
3.221068791283434723e+06,4.750138314825887792e+06,1.776761012509513193e+01,9.307522826796459034e+06,1.220049849290105385e+03
3.265878321723360103e+06,4.816219321226013824e+06,1.776761012509513193e+01,9.403718488424664363e+06,1.220049849290105385e+03
3.311311214825907722e+06,4.883219605996029451e+06,1.776761012509513193e+01,9.500908357142651454e+06,1.220049849290105385e+03
3.357376142429545056e+06,4.951151957571958192e+06,1.776761012509513193e+01,9.599102708338456228e+06,1.220049849290105385e+03
3.404081897010009270e+06,5.020029342294660397e+06,1.776761012509513193e+01,9.698311923598872498e+06,1.220049849290105385e+03
3.451437393358564470e+06,5.089864906884772703e+06,1.776761012509513193e+01,9.798546491807091981e+06,1.220049849290105385e+03
3.499451670283576474e+06,5.160671980952036567e+06,1.776761012509513193e+01,9.899817010251637548e+06,1.220049849290105385e+03
3.548133892335760407e+06,5.232464079539537430e+06,1.776761012509513193e+01,1.000213418574675173e+07,1.220049849290105385e+03
3.597493351557423361e+06,5.305254905703322962e+06,1.776761012509513193e+01,1.010550883576436527e+07,1.220049849290105385e+03
3.647539469256072771e+06,5.379058353127963841e+06,1.776761012509513193e+01,1.020995188957781717e+07,1.220049849290105385e+03
3.698281797802658752e+06,5.453888508778437972e+06,1.776761012509513193e+01,1.031547438941730931e+07,1.220049849290105385e+03
3.749730022454834078e+06,5.529759655588901602e+06,1.776761012509513193e+01,1.042208749163733236e+07,1.220049849290105385e+03
3.801893963205612730e+06,5.606686275188928470e+06,1.776761012509513193e+01,1.052980246789621003e+07,1.220049849290105385e+03
3.854783576657720841e+06,5.684683050667631440e+06,1.776761012509513193e+01,1.063863070634775981e+07,1.220049849290105385e+03
3.908408957924025133e+06,5.763764869376234710e+06,1.776761012509513193e+01,1.074858371284534223e+07,1.220049849290105385e+03
3.962780342554393224e+06,5.843946825769640505e+06,1.776761012509513193e+01,1.085967311215825751e+07,1.220049849290105385e+03
4.017908108489400242e+06,5.925244224287568592e+06,1.776761012509513193e+01,1.097191064920087717e+07,1.220049849290105385e+03
4.073802778041122016e+06,6.007672582275655121e+06,1.776761012509513193e+01,1.108530819027422741e+07,1.220049849290105385e+03
4.130475019901610445e+06,6.091247632947367616e+06,1.776761012509513193e+01,1.119987772432069294e+07,1.220049849290105385e+03
4.187935651179182343e+06,6.175985328386937268e+06,1.776761012509513193e+01,1.131563136419145763e+07,1.220049849290105385e+03
4.246195639463130385e+06,6.261901842594204471e+06,1.776761012509513193e+01,1.143258134792715870e+07,1.220049849290105385e+03
4.305266104917109944e+06,6.349013574571758509e+06,1.776761012509513193e+01,1.155074004005175084e+07,1.220049849290105385e+03
4.365158322401665151e+06,6.437337151455043815e+06,1.776761012509513193e+01,1.167011993287976645e+07,1.220049849290105385e+03
4.425883723626264371e+06,6.526889431685981341e+06,1.776761012509513193e+01,1.179073364783702791e+07,1.220049849290105385e+03
4.487453899331322871e+06,6.617687508230824955e+06,1.776761012509513193e+01,1.191259393679509312e+07,1.220049849290105385e+03
4.549880601500480436e+06,6.709748711842619814e+06,1.776761012509513193e+01,1.203571368341937102e+07,1.220049849290105385e+03
4.613175745603790507e+06,6.803090614369252697e+06,1.776761012509513193e+01,1.216010590453134850e+07,1.220049849290105385e+03
4.677351412871981040e+06,6.897731032107330859e+06,1.776761012509513193e+01,1.228578375148469768e+07,1.220049849290105385e+03
4.742419852602448314e+06,6.993688029202843085e+06,1.776761012509513193e+01,1.241276051155574806e+07,1.220049849290105385e+03
4.808393484497290105e+06,7.090979921099085361e+06,1.776761012509513193e+01,1.254104960934826359e+07,1.220049849290105385e+03
4.875284901033869945e+06,7.189625278032545932e+06,1.776761012509513193e+01,1.267066460821278580e+07,1.220049849290105385e+03
4.943106869868353941e+06,7.289642928577427752e+06,1.776761012509513193e+01,1.280161921168057062e+07,1.220049849290105385e+03
5.011872336272724904e+06,7.391051963239529170e+06,1.776761012509513193e+01,1.293392726491247863e+07,1.220049849290105385e+03
5.081594425605599768e+06,7.493871738099984825e+06,1.776761012509513193e+01,1.306760275616261736e+07,1.220049849290105385e+03
5.152286445817561820e+06,7.598121878509897739e+06,1.776761012509513193e+01,1.320265981825741008e+07,1.220049849290105385e+03
5.223961889991197735e+06,7.703822282836155966e+06,1.776761012509513193e+01,1.333911273008964024e+07,1.220049849290105385e+03
5.296634438916580752e+06,7.810993126259519719e+06,1.776761012509513193e+01,1.347697591812817007e+07,1.220049849290105385e+03
5.370317963702532463e+06,7.919654864625471644e+06,1.776761012509513193e+01,1.361626395794315077e+07,1.220049849290105385e+03
5.445026528424220160e+06,8.029828238348650746e+06,1.776761012509513193e+01,1.375699157574704289e+07,1.220049849290105385e+03
5.520774392807573080e+06,8.141534276371586137e+06,1.776761012509513193e+01,1.389917364995149896e+07,1.220049849290105385e+03
5.597576014951104298e+06,8.254794300178593025e+06,1.776761012509513193e+01,1.404282521274046972e+07,1.220049849290105385e+03
5.675446054085465148e+06,8.369629927865306847e+06,1.776761012509513193e+01,1.418796145165934227e+07,1.220049849290105385e+03
5.754399373371566646e+06,8.486063078265102580e+06,1.776761012509513193e+01,1.433459771122081950e+07,1.220049849290105385e+03
5.834451042737447657e+06,8.604115975132646039e+06,1.776761012509513193e+01,1.448274949452704191e+07,1.220049849290105385e+03
5.915616341754742898e+06,8.723811151385847479e+06,1.776761012509513193e+01,1.463243246490874328e+07,1.220049849290105385e+03
5.997910762555100955e+06,8.845171453406725079e+06,1.776761012509513193e+01,1.478366244758126326e+07,1.220049849290105385e+03
6.081350012787188403e+06,8.968220045402135700e+06,1.776761012509513193e+01,1.493645543131761812e+07,1.220049849290105385e+03
6.165950018614822067e+06,9.092980413825131953e+06,1.776761012509513193e+01,1.509082757013893127e+07,1.220049849290105385e+03
6.251726927756861784e+06,9.219476371857928112e+06,1.776761012509513193e+01,1.524679518502239138e+07,1.220049849290105385e+03
6.338697112569263205e+06,9.347732063957031816e+06,1.776761012509513193e+01,1.540437476562660933e+07,1.220049849290105385e+03
6.426877173170194030e+06,9.477771970461869612e+06,1.776761012509513193e+01,1.556358297203519568e+07,1.220049849290105385e+03
6.516283940608427860e+06,9.609620912267258391e+06,1.776761012509513193e+01,1.572443663651796617e+07,1.220049849290105385e+03
6.606934480075964704e+06,9.743304055561074987e+06,1.776761012509513193e+01,1.588695276531064138e+07,1.220049849290105385e+03
6.698846094165272079e+06,9.878846916627742350e+06,1.776761012509513193e+01,1.605114854041278549e+07,1.220049849290105385e+03
6.792036326171843335e+06,1.001627536671854183e+07,1.776761012509513193e+01,1.621704132140436023e+07,1.220049849290105385e+03
6.886522963442762382e+06,1.015561563698976859e+07,1.776761012509513193e+01,1.638464864728116617e+07,1.220049849290105385e+03
6.982324040771704167e+06,1.029689432350937091e+07,1.776761012509513193e+01,1.655398823830895312e+07,1.220049849290105385e+03
7.079457843841372989e+06,1.044013839233353920e+07,1.776761012509513193e+01,1.672507799789713696e+07,1.220049849290105385e+03
7.177942912713615224e+06,1.058537518465361372e+07,1.776761012509513193e+01,1.689793601449140161e+07,1.220049849290105385e+03
7.277798045368242078e+06,1.073263242201480828e+07,1.776761012509513193e+01,1.707258056348626688e+07,1.220049849290105385e+03
7.379042301291014999e+06,1.088193821160745434e+07,1.776761012509513193e+01,1.724903010915717110e+07,1.220049849290105385e+03
7.481695005111552775e+06,1.103332105163184181e+07,1.776761012509513193e+01,1.742730330661261082e+07,1.220049849290105385e+03
7.585775750291835517e+06,1.118680983673770167e+07,1.776761012509513193e+01,1.760741900376646221e+07,1.220049849290105385e+03
7.691304402866098098e+06,1.134243386353944428e+07,1.776761012509513193e+01,1.778939624333076179e+07,1.220049849290105385e+03
7.798301105232577771e+06,1.150022283620790020e+07,1.776761012509513193e+01,1.797325426482878253e+07,1.220049849290105385e+03
7.906786279998245649e+06,1.166020687214016356e+07,1.776761012509513193e+01,1.815901250662934408e+07,1.220049849290105385e+03
8.016780633876789361e+06,1.182241650770799071e+07,1.776761012509513193e+01,1.834669060800183937e+07,1.220049849290105385e+03
8.128305161640995182e+06,1.198688270408640988e+07,1.776761012509513193e+01,1.853630841119254380e+07,1.220049849290105385e+03
8.241381150130029768e+06,1.215363685316329263e+07,1.776761012509513193e+01,1.872788596352253854e+07,1.220049849290105385e+03
8.356030182312491350e+06,1.232271078353117593e+07,1.776761012509513193e+01,1.892144351950715482e+07,1.220049849290105385e+03
8.472274141405962408e+06,1.249413676656239852e+07,1.776761012509513193e+01,1.911700154299735650e+07,1.220049849290105385e+03
8.590135215053960681e+06,1.266794752256888337e+07,1.776761012509513193e+01,1.931458070934340358e+07,1.220049849290105385e+03
8.709635899560796097e+06,1.284417622704733163e+07,1.776761012509513193e+01,1.951420190758053958e+07,1.220049849290105385e+03
8.830799004185622558e+06,1.302285651701168343e+07,1.776761012509513193e+01,1.971588624263770878e+07,1.220049849290105385e+03
8.953647655495937914e+06,1.320402249741326831e+07,1.776761012509513193e+01,1.991965503756868839e+07,1.220049849290105385e+03
9.078205301781861112e+06,1.338770874765058421e+07,1.776761012509513193e+01,2.012552983580657840e+07,1.220049849290105385e+03
9.204495717531722039e+06,1.357395032816947624e+07,1.776761012509513193e+01,2.033353240344144404e+07,1.220049849290105385e+03
9.332543007969923317e+06,1.376278278715517372e+07,1.776761012509513193e+01,2.054368473152150214e+07,1.220049849290105385e+03
9.462371613657929003e+06,1.395424216731739976e+07,1.776761012509513193e+01,2.075600903837816417e+07,1.220049849290105385e+03
9.594006315159335732e+06,1.414836501276999712e+07,1.776761012509513193e+01,2.097052777197512239e+07,1.220049849290105385e+03
9.727472237769640982e+06,1.434518837600595877e+07,1.776761012509513193e+01,2.118726361228146777e+07,1.220049849290105385e+03
9.862794856312099844e+06,1.454474982496991567e+07,1.776761012509513193e+01,2.140623947366978601e+07,1.220049849290105385e+03
1.000000000000000000e+07,1.474708745022857934e+07,1.776761012509513193e+01,2.162747850733855367e+07,1.220049849290105385e+03
1.013911385736680031e+07,1.495223987224126235e+07,1.776761012509513193e+01,2.185100410375988856e+07,1.220049849290105385e+03
1.028016298126474582e+07,1.516024624873137474e+07,1.776761012509513193e+01,2.207683989515252411e+07,1.220049849290105385e+03
1.042317429393305816e+07,1.537114628216053359e+07,1.776761012509513193e+01,2.230500975798029080e+07,1.220049849290105385e+03
1.056817509213658608e+07,1.558498022730657086e+07,1.776761012509513193e+01,2.253553781547643244e+07,1.220049849290105385e+03
1.071519305237607099e+07,1.580178889894716255e+07,1.776761012509513193e+01,2.276844844019415230e+07,1.220049849290105385e+03
1.086425623617064394e+07,1.602161367964996770e+07,1.776761012509513193e+01,2.300376625658318028e+07,1.220049849290105385e+03
1.101539309541414492e+07,1.624449652767164819e+07,1.776761012509513193e+01,2.324151614359344915e+07,1.220049849290105385e+03
1.116863247780561261e+07,1.647047998496624641e+07,1.776761012509513193e+01,2.348172323730519786e+07,1.220049849290105385e+03
1.132400363235557824e+07,1.669960718530537933e+07,1.776761012509513193e+01,2.372441293358657882e+07,1.220049849290105385e+03
1.148153621496884152e+07,1.693192186251119524e+07,1.776761012509513193e+01,2.396961089077864215e+07,1.220049849290105385e+03
1.164126029410493188e+07,1.716746835880390927e+07,1.776761012509513193e+01,2.421734303240803629e+07,1.220049849290105385e+03
1.180320635651729815e+07,1.740629163326544315e+07,1.776761012509513193e+01,2.446763554992774874e+07,1.220049849290105385e+03
1.196740531307241879e+07,1.764843727042090893e+07,1.776761012509513193e+01,2.472051490548627079e+07,1.220049849290105385e+03
1.213388850464976206e+07,1.789395148893933371e+07,1.776761012509513193e+01,2.497600783472529799e+07,1.220049849290105385e+03
1.230268770812381059e+07,1.814288115045540407e+07,1.776761012509513193e+01,2.523414134960620478e+07,1.220049849290105385e+03
1.247383514242943190e+07,1.839527376851413026e+07,1.776761012509513193e+01,2.549494274126604199e+07,1.220049849290105385e+03
1.264736347471152246e+07,1.865117751763975993e+07,1.776761012509513193e+01,2.575843958290280774e+07,1.220049849290105385e+03
1.282330582656023093e+07,1.891064124253093824e+07,1.776761012509513193e+01,2.602465973269068450e+07,1.220049849290105385e+03
1.300169578033289872e+07,1.917371446738371626e+07,1.776761012509513193e+01,2.629363133672525361e+07,1.220049849290105385e+03
1.318256738556407392e+07,1.944044740534445271e+07,1.776761012509513193e+01,2.656538283199939132e+07,1.220049849290105385e+03
1.336595516546440497e+07,1.971089096809379756e+07,1.776761012509513193e+01,2.683994294940952584e+07,1.220049849290105385e+03
1.355189412351034954e+07,1.998509677556459233e+07,1.776761012509513193e+01,2.711734071679350734e+07,1.220049849290105385e+03
1.374041975012514926e+07,2.026311716579435021e+07,1.776761012509513193e+01,2.739760546199927852e+07,1.220049849290105385e+03
1.393156802945303544e+07,2.054500520491525531e+07,1.776761012509513193e+01,2.768076681598571688e+07,1.220049849290105385e+03
1.412537544622755423e+07,2.083081469728292897e+07,1.776761012509513193e+01,2.796685471595541760e+07,1.220049849290105385e+03
1.432187899273545295e+07,2.112060019574613124e+07,1.776761012509513193e+01,2.825589940851962194e+07,1.220049849290105385e+03
1.452111617587742023e+07,2.141441701205931231e+07,1.776761012509513193e+01,2.854793145289614797e+07,1.220049849290105385e+03
1.472312502432719432e+07,2.171232122744018957e+07,1.776761012509513193e+01,2.884298172414038703e+07,1.220049849290105385e+03
1.492794409578994475e+07,2.201436970327376947e+07,1.776761012509513193e+01,2.914108141640924290e+07,1.220049849290105385e+03
1.513561248436207138e+07,2.232062009196589142e+07,1.776761012509513193e+01,2.944226204625948519e+07,1.220049849290105385e+03
1.534616982799294032e+07,2.263113084794711694e+07,1.776761012509513193e+01,2.974655545597953722e+07,1.220049849290105385e+03
1.555965631605075113e+07,2.294596123883018643e+07,1.776761012509513193e+01,3.005399381695617735e+07,1.220049849290105385e+03
1.577611269699349999e+07,2.326517135672245920e+07,1.776761012509513193e+01,3.036460963307582587e+07,1.220049849290105385e+03
1.599558028614671156e+07,2.358882212969578430e+07,1.776761012509513193e+01,3.067843574416092411e+07,1.220049849290105385e+03
1.621810097358929925e+07,2.391697533341586590e+07,1.776761012509513193e+01,3.099550532944200188e+07,1.220049849290105385e+03
1.644371723214932345e+07,2.424969360293367133e+07,1.776761012509513193e+01,3.131585191106568277e+07,1.220049849290105385e+03
1.667247212551061064e+07,2.458704044464033470e+07,1.776761012509513193e+01,3.163950935763842613e+07,1.220049849290105385e+03
1.690440931643263251e+07,2.492908024838907644e+07,1.776761012509513193e+01,3.196651188780777901e+07,1.220049849290105385e+03
1.713957307508425415e+07,2.527587829978506640e+07,1.776761012509513193e+01,3.229689407387965173e+07,1.220049849290105385e+03
1.737800828749376163e+07,2.562750079264675081e+07,1.776761012509513193e+01,3.263069084547380731e+07,1.220049849290105385e+03
1.761976046411630884e+07,2.598401484164033085e+07,1.776761012509513193e+01,3.296793749321666360e+07,1.220049849290105385e+03
1.786487574852053449e+07,2.634548849509000778e+07,1.776761012509513193e+01,3.330866967247238755e+07,1.220049849290105385e+03
1.811340092619602382e+07,2.671199074796640873e+07,1.776761012509513193e+01,3.365292340711258352e+07,1.220049849290105385e+03
1.836538343348347396e+07,2.708359155505599827e+07,1.776761012509513193e+01,3.400073509332498163e+07,1.220049849290105385e+03
1.862087136662865803e+07,2.746036184431301802e+07,1.776761012509513193e+01,3.435214150346121937e+07,1.220049849290105385e+03
1.887991349096292630e+07,2.784237353039805964e+07,1.776761012509513193e+01,3.470717978992484510e+07,1.220049849290105385e+03
1.914255925021085888e+07,2.822969952840415388e+07,1.776761012509513193e+01,3.506588748909903318e+07,1.220049849290105385e+03
1.940885877592779323e+07,2.862241376777435839e+07,1.776761012509513193e+01,3.542830252531524748e+07,1.220049849290105385e+03
1.967886289706847072e+07,2.902059120641272515e+07,1.776761012509513193e+01,3.579446321486272663e+07,1.220049849290105385e+03
1.995262314968882874e+07,2.942430784499163553e+07,1.776761012509513193e+01,3.616440827003949881e+07,1.220049849290105385e+03
2.023019178678271919e+07,2.983364074145806953e+07,1.776761012509513193e+01,3.653817680324517936e+07,1.220049849290105385e+03
2.051162178825566918e+07,3.024866802574202791e+07,1.776761012509513193e+01,3.691580833111633360e+07,1.220049849290105385e+03
2.079696687103693932e+07,3.066946891466883570e+07,1.776761012509513193e+01,3.729734277870396525e+07,1.220049849290105385e+03
2.108628149933288619e+07,3.109612372707990557e+07,1.776761012509513193e+01,3.768282048369508982e+07,1.220049849290105385e+03
2.137962089502232522e+07,3.152871389916284382e+07,1.776761012509513193e+01,3.807228220067699254e+07,1.220049849290105385e+03
2.167704104819696397e+07,3.196732199999552220e+07,1.776761012509513193e+01,3.846576910544619709e+07,1.220049849290105385e+03
2.197859872784827650e+07,3.241203174730611220e+07,1.776761012509513193e+01,3.886332279936182499e+07,1.220049849290105385e+03
2.228435149270303175e+07,3.286292802345233783e+07,1.776761012509513193e+01,3.926498531374368817e+07,1.220049849290105385e+03
2.259435770220978186e+07,3.332009689162332937e+07,1.776761012509513193e+01,3.967079911431643367e+07,1.220049849290105385e+03
2.290867652767769992e+07,3.378362561226618290e+07,1.776761012509513193e+01,4.008080710569870472e+07,1.220049849290105385e+03
2.322736796357104927e+07,3.425360265974199772e+07,1.776761012509513193e+01,4.049505263593975455e+07,1.220049849290105385e+03
2.355049283896008879e+07,3.473011773921263218e+07,1.776761012509513193e+01,4.091357950110195577e+07,1.220049849290105385e+03
2.387811282913178205e+07,3.521326180376313627e+07,1.776761012509513193e+01,4.133643194989143312e+07,1.220049849290105385e+03
2.421029046736180037e+07,3.570312707176198065e+07,1.776761012509513193e+01,4.176365468833611161e+07,1.220049849290105385e+03
2.454708915685033426e+07,3.619980704446295649e+07,1.776761012509513193e+01,4.219529288451232761e+07,1.220049849290105385e+03
2.488857318282390386e+07,3.670339652385179698e+07,1.776761012509513193e+01,4.263139217332013696e+07,1.220049849290105385e+03
2.523480772480575368e+07,3.721399163074140996e+07,1.776761012509513193e+01,4.307199866130831093e+07,1.220049849290105385e+03
2.558585886905642599e+07,3.773168982311815768e+07,1.776761012509513193e+01,4.351715893154846877e+07,1.220049849290105385e+03
2.594179362118812278e+07,3.825658991474431753e+07,1.776761012509513193e+01,4.396692004856064171e+07,1.220049849290105385e+03
2.630267991895381361e+07,3.878879209401830286e+07,1.776761012509513193e+01,4.442132956328862906e+07,1.220049849290105385e+03
2.666858664521480724e+07,3.932839794309807569e+07,1.776761012509513193e+01,4.488043551812768728e+07,1.220049849290105385e+03
2.703958364108845964e+07,3.987551045729015768e+07,1.776761012509513193e+01,4.534428645200362056e+07,1.220049849290105385e+03
2.741574171927886456e+07,4.043023406470854580e+07,1.776761012509513193e+01,4.581293140550466627e+07,1.220049849290105385e+03
2.779713267759288475e+07,4.099267464620687813e+07,1.776761012509513193e+01,4.628641992606612295e+07,1.220049849290105385e+03
2.818382931264454871e+07,4.156293955558847636e+07,1.776761012509513193e+01,4.676480207320915908e+07,1.220049849290105385e+03
2.857590543374943733e+07,4.214113764009650052e+07,1.776761012509513193e+01,4.724812842383269221e+07,1.220049849290105385e+03
2.897343587701321393e+07,4.272737926119039953e+07,1.776761012509513193e+01,4.773645007756140083e+07,1.220049849290105385e+03
2.937649651961530745e+07,4.332177631561024487e+07,1.776761012509513193e+01,4.822981866214748472e+07,1.220049849290105385e+03
2.978516429429190978e+07,4.392444225673486292e+07,1.776761012509513193e+01,4.872828633892951161e+07,1.220049849290105385e+03
3.019951720402019098e+07,4.453549211623682082e+07,1.776761012509513193e+01,4.923190580834700167e+07,1.220049849290105385e+03
3.061963433690681681e+07,4.515504252603866160e+07,1.776761012509513193e+01,4.974073031551209092e+07,1.220049849290105385e+03
3.104559588128355518e+07,4.578321174057447910e+07,1.776761012509513193e+01,5.025481365583895892e+07,1.220049849290105385e+03
3.147748314101317525e+07,4.642011965936170518e+07,1.776761012509513193e+01,5.077421018073156476e+07,1.220049849290105385e+03
3.191537855100758374e+07,4.706588784988582879e+07,1.776761012509513193e+01,5.129897480332931131e+07,1.220049849290105385e+03
3.235936569296281040e+07,4.772063957080490887e+07,1.776761012509513193e+01,5.182916300431355089e+07,1.220049849290105385e+03
3.280952931131190434e+07,4.838449979547545314e+07,1.776761012509513193e+01,5.236483083777257055e+07,1.220049849290105385e+03
3.326595532940046862e+07,4.905759523580661416e+07,1.776761012509513193e+01,5.290603493712824583e+07,1.220049849290105385e+03
3.372873086588692665e+07,4.974005436644583941e+07,1.776761012509513193e+01,5.345283252112361789e+07,1.220049849290105385e+03
3.419794425137093663e+07,5.043200744930089265e+07,1.776761012509513193e+01,5.400528139987221360e+07,1.220049849290105385e+03
3.467368504525316507e+07,5.113358655840313435e+07,1.776761012509513193e+01,5.456343998096998036e+07,1.220049849290105385e+03
3.515604405282983184e+07,5.184492560511698574e+07,1.776761012509513193e+01,5.512736727567078173e+07,1.220049849290105385e+03
3.564511334262438864e+07,5.256616036369913816e+07,1.776761012509513193e+01,5.569712290512473881e+07,1.220049849290105385e+03
3.614098626396131516e+07,5.329742849721473455e+07,1.776761012509513193e+01,5.627276710668234527e+07,1.220049849290105385e+03
3.664375746478333324e+07,5.403886958381260931e+07,1.776761012509513193e+01,5.685436074026248604e+07,1.220049849290105385e+03
3.715352290971727669e+07,5.479062514336716384e+07,1.776761012509513193e+01,5.744196529478715360e+07,1.220049849290105385e+03
3.767037989839093387e+07,5.555283866449038684e+07,1.776761012509513193e+01,5.803564289468230307e+07,1.220049849290105385e+03
3.819442708400472254e+07,5.632565563191965967e+07,1.776761012509513193e+01,5.863545630644588917e+07,1.220049849290105385e+03
3.872576449216172844e+07,5.710922355428657681e+07,1.776761012509513193e+01,5.924146894528386742e+07,1.220049849290105385e+03
3.926449353995992988e+07,5.790369199227242172e+07,1.776761012509513193e+01,5.985374488181489706e+07,1.220049849290105385e+03
3.981071705534969270e+07,5.870921258715482801e+07,1.776761012509513193e+01,6.047234884884414077e+07,1.220049849290105385e+03
4.036453929676048458e+07,5.952593908975148201e+07,1.776761012509513193e+01,6.109734624820690602e+07,1.220049849290105385e+03
4.092606597300109267e+07,6.035402738976713270e+07,1.776761012509513193e+01,6.172880315768341720e+07,1.220049849290105385e+03
4.149540426343632489e+07,6.119363554554832727e+07,1.776761012509513193e+01,6.236678633798501641e+07,1.220049849290105385e+03
4.207266283844446391e+07,6.204492381425226480e+07,1.776761012509513193e+01,6.301136323981218785e+07,1.220049849290105385e+03
4.265795188015925884e+07,6.290805468243512511e+07,1.776761012509513193e+01,6.366260201098583639e+07,1.220049849290105385e+03
4.325138310350088030e+07,6.378319289706662297e+07,1.776761012509513193e+01,6.432057150365260243e+07,1.220049849290105385e+03
4.385306977749851346e+07,6.467050549697465450e+07,1.776761012509513193e+01,6.498534128156341612e+07,1.220049849290105385e+03
4.446312674691084027e+07,6.557016184472915530e+07,1.776761012509513193e+01,6.565698162742906809e+07,1.220049849290105385e+03
4.508167045414600521e+07,6.648233365896771103e+07,1.776761012509513193e+01,6.633556355035004765e+07,1.220049849290105385e+03
4.570881896148751676e+07,6.740719504717226326e+07,1.776761012509513193e+01,6.702115879332444817e+07,1.220049849290105385e+03
4.634469197362884134e+07,6.834492253890110552e+07,1.776761012509513193e+01,6.771383984083276987e+07,1.220049849290105385e+03
4.698941086052160710e+07,6.929569511948326230e+07,1.776761012509513193e+01,6.841367992650149763e+07,1.220049849290105385e+03
4.764309868054156005e+07,7.025969426418162882e+07,1.776761012509513193e+01,6.912075304084543884e+07,1.220049849290105385e+03
4.830588020397728682e+07,7.123710397283186018e+07,1.776761012509513193e+01,6.983513393909090757e+07,1.220049849290105385e+03
4.897788193684456497e+07,7.222811080496175587e+07,1.776761012509513193e+01,7.055689814907844365e+07,1.220049849290105385e+03
4.965923214503357559e+07,7.323290391540123522e+07,1.776761012509513193e+01,7.128612197924877703e+07,1.220049849290105385e+03
5.035006087879047543e+07,7.425167509038560092e+07,1.776761012509513193e+01,7.202288252670986950e+07,1.220049849290105385e+03
5.105049999754064530e+07,7.528461878416258097e+07,1.776761012509513193e+01,7.276725768538840115e+07,1.220049849290105385e+03
5.176068319505681098e+07,7.633193215610796213e+07,1.776761012509513193e+01,7.351932615426485240e+07,1.220049849290105385e+03
5.248074602497733384e+07,7.739381510835766792e+07,1.776761012509513193e+01,7.427916744569425285e+07,1.220049849290105385e+03
5.321082592667941749e+07,7.847047032396315038e+07,1.776761012509513193e+01,7.504686189381217957e+07,1.220049849290105385e+03
5.395106225151278824e+07,7.956210330557850003e+07,1.776761012509513193e+01,7.582249066302868724e+07,1.220049849290105385e+03
5.470159628939710557e+07,8.066892241468383372e+07,1.776761012509513193e+01,7.660613575660865009e+07,1.220049849290105385e+03
5.546257129579104483e+07,8.179113891135679185e+07,1.776761012509513193e+01,7.739788002534231544e+07,1.220049849290105385e+03
5.623413251903490722e+07,8.292896699459505081e+07,1.776761012509513193e+01,7.819780717630401254e+07,1.220049849290105385e+03
5.701642722807478160e+07,8.408262384320126474e+07,1.776761012509513193e+01,7.900600178170251846e+07,1.220049849290105385e+03
5.780960474057187140e+07,8.525232965723620355e+07,1.776761012509513193e+01,7.982254928782227635e+07,1.220049849290105385e+03
5.861381645140296966e+07,8.643830770004861057e+07,1.776761012509513193e+01,8.064753602405723929e+07,1.220049849290105385e+03
5.942921586155726761e+07,8.764078434088963270e+07,1.776761012509513193e+01,8.148104921203789115e+07,1.220049849290105385e+03
6.025595860743580759e+07,8.885998909812092781e+07,1.776761012509513193e+01,8.232317697485327721e+07,1.220049849290105385e+03
6.109420249055714160e+07,9.009615468302188814e+07,1.776761012509513193e+01,8.317400834636679292e+07,1.220049849290105385e+03
6.194410750767811388e+07,9.134951704420898855e+07,1.776761012509513193e+01,8.403363328063060343e+07,1.220049849290105385e+03
6.280583588133180141e+07,9.262031541267040372e+07,1.776761012509513193e+01,8.490214266139473021e+07,1.220049849290105385e+03
6.367955209079162031e+07,9.390879234742902219e+07,1.776761012509513193e+01,8.577962831171655655e+07,1.220049849290105385e+03
6.456542290346562862e+07,9.521519378183987737e+07,1.776761012509513193e+01,8.666618300366848707e+07,1.220049849290105385e+03
6.546361740672760457e+07,9.653976907053178549e+07,1.776761012509513193e+01,8.756190046814645827e+07,1.220049849290105385e+03
6.637430704019089043e+07,9.788277103700174391e+07,1.776761012509513193e+01,8.846687540477924049e+07,1.220049849290105385e+03
6.729766562843182683e+07,9.924445602187262475e+07,1.776761012509513193e+01,8.938120349194125831e+07,1.220049849290105385e+03
6.823386941416689754e+07,1.006250839318196326e+08,1.776761012509513193e+01,9.030498139686720073e+07,1.220049849290105385e+03
6.918309709189362824e+07,1.020249182891809791e+08,1.776761012509513193e+01,9.123830678587330878e+07,1.220049849290105385e+03
7.014552984199713171e+07,1.034442262822550237e+08,1.776761012509513193e+01,9.218127833468195796e+07,1.220049849290105385e+03
7.112135136533296108e+07,1.048832788162998855e+08,1.776761012509513193e+01,9.313399573885501921e+07,1.220049849290105385e+03
7.211074791829004884e+07,1.063423505652411878e+08,1.776761012509513193e+01,9.409655972433352470e+07,1.220049849290105385e+03
7.311390834834171832e+07,1.078217200240992755e+08,1.776761012509513193e+01,9.506907205808740854e+07,1.220049849290105385e+03
7.413102413009177148e+07,1.093216695621468276e+08,1.776761012509513193e+01,9.605163555887489021e+07,1.220049849290105385e+03
7.516228940182045102e+07,1.108424854768034965e+08,1.776761012509513193e+01,9.704435410811211169e+07,1.220049849290105385e+03
7.620790100254113972e+07,1.123844580482836366e+08,1.776761012509513193e+01,9.804733266085714102e+07,1.220049849290105385e+03
7.726805850957021117e+07,1.139478815950010419e+08,1.776761012509513193e+01,9.906067725690545142e+07,1.220049849290105385e+03
7.834296427662120759e+07,1.155330545297466516e+08,1.776761012509513193e+01,1.000844950320013613e+08,1.220049849290105385e+03
7.943282347242821753e+07,1.171402794166468233e+08,1.776761012509513193e+01,1.011188942291648388e+08,1.220049849290105385e+03
8.053784411990676820e+07,1.187698630289142728e+08,1.776761012509513193e+01,1.021639842101355493e+08,1.220049849290105385e+03
8.165823713585922122e+07,1.204221164074018896e+08,1.776761012509513193e+01,1.032198754669349641e+08,1.220049849290105385e+03
8.279421637123344839e+07,1.220973549199726284e+08,1.776761012509513193e+01,1.042866796335486919e+08,1.220049849290105385e+03
8.394599865193964541e+07,1.237958983216924369e+08,1.776761012509513193e+01,1.053645094977277368e+08,1.220049849290105385e+03
8.511380382023759186e+07,1.255180708158643097e+08,1.776761012509513193e+01,1.064534790129147172e+08,1.220049849290105385e+03
8.629785477669702470e+07,1.272642011159077138e+08,1.776761012509513193e+01,1.075537033102897853e+08,1.220049849290105385e+03
8.749837752274364233e+07,1.290346225081015229e+08,1.776761012509513193e+01,1.086652987109440267e+08,1.220049849290105385e+03
8.871560120379617810e+07,1.308296729151986092e+08,1.776761012509513193e+01,1.097883827381771207e+08,1.220049849290105385e+03
8.994975815300364792e+07,1.326496949609255940e+08,1.776761012509513193e+01,1.109230741299225241e+08,1.220049849290105385e+03
9.120108393559096754e+07,1.344950360353796780e+08,1.776761012509513193e+01,1.120694928513007164e+08,1.220049849290105385e+03
9.246981739382229745e+07,1.363660483613365293e+08,1.776761012509513193e+01,1.132277601073035002e+08,1.220049849290105385e+03
9.375620069258792698e+07,1.382630890614775419e+08,1.776761012509513193e+01,1.143979983556068987e+08,1.220049849290105385e+03
9.506047936562809348e+07,1.401865202265566885e+08,1.776761012509513193e+01,1.155803313195193559e+08,1.220049849290105385e+03
9.638290236239704490e+07,1.421367089845111966e+08,1.776761012509513193e+01,1.167748840010614991e+08,1.220049849290105385e+03
9.772372209558111429e+07,1.441140275705369413e+08,1.776761012509513193e+01,1.179817826941821724e+08,1.220049849290105385e+03
9.908319448927685618e+07,1.461188533981372118e+08,1.776761012509513193e+01,1.192011549981109947e+08,1.220049849290105385e+03
1.004615790278392583e+08,1.481515691311594844e+08,1.776761012509513193e+01,1.204331298308483958e+08,1.220049849290105385e+03
1.018591388054114878e+08,1.502125627568374574e+08,1.776761012509513193e+01,1.216778374427967221e+08,1.220049849290105385e+03
1.032761405761395842e+08,1.523022276598430574e+08,1.776761012509513193e+01,1.229354094305290580e+08,1.220049849290105385e+03
1.047128548050898463e+08,1.544209626973747909e+08,1.776761012509513193e+01,1.242059787507033646e+08,1.220049849290105385e+03
1.061695557198724151e+08,1.565691722752874494e+08,1.776761012509513193e+01,1.254896797341192812e+08,1.220049849290105385e+03
1.076465213629834950e+08,1.587472664252816439e+08,1.776761012509513193e+01,1.267866480999199599e+08,1.220049849290105385e+03
1.091440336448757201e+08,1.609556608831672668e+08,1.776761012509513193e+01,1.280970209699411541e+08,1.220049849290105385e+03
1.106623783977667540e+08,1.631947771682152450e+08,1.776761012509513193e+01,1.294209368832082748e+08,1.220049849290105385e+03
1.122018454301965237e+08,1.654650426636137962e+08,1.776761012509513193e+01,1.307585358105834872e+08,1.220049849290105385e+03
1.137627285823433250e+08,1.677668906980435252e+08,1.776761012509513193e+01,1.321099591695641130e+08,1.220049849290105385e+03
1.153453257821095288e+08,1.701007606283874512e+08,1.776761012509513193e+01,1.334753498392339796e+08,1.220049849290105385e+03
1.169499391019874662e+08,1.724670979235915840e+08,1.776761012509513193e+01,1.348548521753692031e+08,1.220049849290105385e+03
1.185768748167159706e+08,1.748663542496917248e+08,1.776761012509513193e+01,1.362486120256999731e+08,1.220049849290105385e+03
1.202264434617413133e+08,1.772989875560261011e+08,1.776761012509513193e+01,1.376567767453316450e+08,1.220049849290105385e+03
1.218989598924867362e+08,1.797654621626408100e+08,1.776761012509513193e+01,1.390794952123216093e+08,1.220049849290105385e+03
1.235947433444511890e+08,1.822662488489178419e+08,1.776761012509513193e+01,1.405169178434210718e+08,1.220049849290105385e+03
1.253141174941412956e+08,1.848018249434320629e+08,1.776761012509513193e+01,1.419691966099768579e+08,1.220049849290105385e+03
1.270574105208539367e+08,1.873726744150625765e+08,1.776761012509513193e+01,1.434364850540002882e+08,1.220049849290105385e+03
1.288249551693132222e+08,1.899792879653638303e+08,1.776761012509513193e+01,1.449189383043980002e+08,1.220049849290105385e+03
1.306170888131840378e+08,1.926221631222298145e+08,1.776761012509513193e+01,1.464167130933743417e+08,1.220049849290105385e+03
1.324341535194664299e+08,1.953018043348568380e+08,1.776761012509513193e+01,1.479299677730017602e+08,1.220049849290105385e+03
1.342764961137864292e+08,1.980187230700286329e+08,1.776761012509513193e+01,1.494588623319623470e+08,1.220049849290105385e+03
1.361444682465951145e+08,2.007734379097405970e+08,1.776761012509513193e+01,1.510035584124626517e+08,1.220049849290105385e+03
1.380384264602886736e+08,2.035664746501823664e+08,1.776761012509513193e+01,1.525642193273235857e+08,1.220049849290105385e+03
1.399587322572620809e+08,2.063983664020971358e+08,1.776761012509513193e+01,1.541410100772459805e+08,1.220049849290105385e+03
1.419057521689095497e+08,2.092696536925373077e+08,1.776761012509513193e+01,1.557340973682559431e+08,1.220049849290105385e+03
1.438798578255849481e+08,2.121808845680356026e+08,1.776761012509513193e+01,1.573436496293296516e+08,1.220049849290105385e+03
1.458814260275347531e+08,2.151326146992106438e+08,1.776761012509513193e+01,1.589698370301995873e+08,1.220049849290105385e+03
1.479108388168207109e+08,2.181254074868318737e+08,1.776761012509513193e+01,1.606128314993482530e+08,1.220049849290105385e+03
1.499684835502374172e+08,2.211598341693517268e+08,1.776761012509513193e+01,1.622728067421821356e+08,1.220049849290105385e+03
1.520547529732497036e+08,2.242364739319417477e+08,1.776761012509513193e+01,1.639499382593984008e+08,1.220049849290105385e+03
1.541700452949555218e+08,2.273559140170410275e+08,1.776761012509513193e+01,1.656444033655391335e+08,1.220049849290105385e+03
1.563147642640950680e+08,2.305187498364475071e+08,1.776761012509513193e+01,1.673563812077394128e+08,1.220049849290105385e+03
1.584893192461110950e+08,2.337255850849595666e+08,1.776761012509513193e+01,1.690860527846651673e+08,1.220049849290105385e+03
1.606941253012875617e+08,2.369770318556076586e+08,1.776761012509513193e+01,1.708336009656508267e+08,1.220049849290105385e+03
1.629296032639721334e+08,2.402737107564844787e+08,1.776761012509513193e+01,1.725992105100326240e+08,1.220049849290105385e+03
1.651961798229014874e+08,2.436162510292014182e+08,1.776761012509513193e+01,1.743830680866828263e+08,1.220049849290105385e+03
1.674942876026438177e+08,2.470052906689924896e+08,1.776761012509513193e+01,1.761853622937444150e+08,1.220049849290105385e+03
1.698243652461746037e+08,2.504414765464895964e+08,1.776761012509513193e+01,1.780062836785714626e+08,1.220049849290105385e+03
1.721868574986009598e+08,2.539254645311914980e+08,1.776761012509513193e+01,1.798460247578740120e+08,1.220049849290105385e+03
1.745822152920507491e+08,2.574579196166505516e+08,1.776761012509513193e+01,1.817047800380724370e+08,1.220049849290105385e+03
1.770108958317425549e+08,2.610395160474008918e+08,1.776761012509513193e+01,1.835827460358612537e+08,1.220049849290105385e+03
1.794733626832531989e+08,2.646709374476525486e+08,1.776761012509513193e+01,1.854801212989859581e+08,1.220049849290105385e+03
1.819700858609982431e+08,2.683528769517744184e+08,1.776761012509513193e+01,1.873971064272339046e+08,1.220049849290105385e+03
1.845015419179473817e+08,2.720860373365983963e+08,1.776761012509513193e+01,1.893339040936450362e+08,1.220049849290105385e+03
1.870682140365801454e+08,2.758711311555525064e+08,1.776761012509513193e+01,1.912907190659358799e+08,1.220049849290105385e+03
1.896705921211148202e+08,2.797088808746715784e+08,1.776761012509513193e+01,1.932677582281509340e+08,1.220049849290105385e+03
1.923091728910153508e+08,2.836000190104930401e+08,1.776761012509513193e+01,1.952652306025344133e+08,1.220049849290105385e+03
1.949844599758041501e+08,2.875452882698777914e+08,1.776761012509513193e+01,1.972833473716314137e+08,1.220049849290105385e+03
1.976969640111857951e+08,2.915454416917648911e+08,1.776761012509513193e+01,1.993223219006114006e+08,1.220049849290105385e+03
2.004472027365159392e+08,2.956012427909097672e+08,1.776761012509513193e+01,2.013823697598289847e+08,1.220049849290105385e+03
2.032357010936220884e+08,2.997134657036160827e+08,1.776761012509513193e+01,2.034637087476141155e+08,1.220049849290105385e+03
2.060629913270000517e+08,3.038828953354963064e+08,1.776761012509513193e+01,2.055665589132989645e+08,1.220049849290105385e+03
2.089296130854040980e+08,3.081103275112875700e+08,1.776761012509513193e+01,2.076911425804827213e+08,1.220049849290105385e+03
2.118361135248504281e+08,3.123965691267518401e+08,1.776761012509513193e+01,2.098376843705363572e+08,1.220049849290105385e+03
2.147830474130537510e+08,3.167424383026894927e+08,1.776761012509513193e+01,2.120064112263511121e+08,1.220049849290105385e+03
2.177709772353163660e+08,3.211487645410947800e+08,1.776761012509513193e+01,2.141975524363316894e+08,1.220049849290105385e+03
2.208004733018905818e+08,3.256163888834841251e+08,1.776761012509513193e+01,2.164113396586380601e+08,1.220049849290105385e+03
2.238721138568346798e+08,3.301461640714270473e+08,1.776761012509513193e+01,2.186480069456773102e+08,1.220049849290105385e+03
2.269864851883821189e+08,3.347389547093085051e+08,1.776761012509513193e+01,2.209077907688478827e+08,1.220049849290105385e+03
2.301441817408508956e+08,3.393956374293627739e+08,1.776761012509513193e+01,2.231909300435438156e+08,1.220049849290105385e+03
2.333458062281004488e+08,3.441171010589889884e+08,1.776761012509513193e+01,2.254976661544092000e+08,1.220049849290105385e+03
2.365919697485751510e+08,3.489042467904072404e+08,1.776761012509513193e+01,2.278282429808612466e+08,1.220049849290105385e+03
2.398832919019485116e+08,3.537579883526743650e+08,1.776761012509513193e+01,2.301829069228764176e+08,1.220049849290105385e+03
2.432204009073810875e+08,3.586792521860803366e+08,1.776761012509513193e+01,2.325619069270363450e+08,1.220049849290105385e+03
2.466039337234336138e+08,3.636689776189848185e+08,1.776761012509513193e+01,2.349654945128510296e+08,1.220049849290105385e+03
2.500345361696429551e+08,3.687281170471065640e+08,1.776761012509513193e+01,2.373939237993496060e+08,1.220049849290105385e+03
2.535128630497907102e+08,3.738576361153085232e+08,1.776761012509513193e+01,2.398474515319475234e+08,1.220049849290105385e+03
2.570395782768864632e+08,3.790585139019119143e+08,1.776761012509513193e+01,2.423263371095902920e+08,1.220049849290105385e+03
2.606153549998897612e+08,3.843317431055740118e+08,1.776761012509513193e+01,2.448308426121791303e+08,1.220049849290105385e+03
2.642408757321950197e+08,3.896783302347662449e+08,1.776761012509513193e+01,2.473612328282786608e+08,1.220049849290105385e+03
2.679168324819037020e+08,3.950992957998874784e+08,1.776761012509513193e+01,2.499177752831121087e+08,1.220049849290105385e+03
2.716439268839089274e+08,4.005956745080503225e+08,1.776761012509513193e+01,2.525007402668451667e+08,1.220049849290105385e+03
2.754228703338174820e+08,4.061685154605773091e+08,1.776761012509513193e+01,2.551104008631625772e+08,1.220049849290105385e+03
2.792543841237336397e+08,4.118188823532423377e+08,1.776761012509513193e+01,2.577470329781387150e+08,1.220049849290105385e+03
2.831391995799378753e+08,4.175478536793066859e+08,1.776761012509513193e+01,2.604109153694111705e+08,1.220049849290105385e+03
2.870780582024692297e+08,4.233565229353623390e+08,1.776761012509513193e+01,2.631023296756479144e+08,1.220049849290105385e+03
2.910717118066608310e+08,4.292459988300557733e+08,1.776761012509513193e+01,2.658215604463258088e+08,1.220049849290105385e+03
2.951209226666377783e+08,4.352174054957053065e+08,1.776761012509513193e+01,2.685688951718139648e+08,1.220049849290105385e+03
2.992264636608182788e+08,4.412718827028731108e+08,1.776761012509513193e+01,2.713446243137712479e+08,1.220049849290105385e+03
3.033891184194265604e+08,4.474105860779037476e+08,1.776761012509513193e+01,2.741490413358504772e+08,1.220049849290105385e+03
3.076096814740704894e+08,4.536346873235075474e+08,1.776761012509513193e+01,2.769824427347285151e+08,1.220049849290105385e+03
3.118889584093935490e+08,4.599453744424030781e+08,1.776761012509513193e+01,2.798451280714517236e+08,1.220049849290105385e+03
3.162277660168379545e+08,4.663438519640730619e+08,1.776761012509513193e+01,2.827374000031082034e+08,1.220049849290105385e+03
3.206269324505467415e+08,4.728313411746743917e+08,1.776761012509513193e+01,2.856595643148248792e+08,1.220049849290105385e+03
3.250872973854346871e+08,4.794090803501470089e+08,1.776761012509513193e+01,2.886119299520974755e+08,1.220049849290105385e+03
3.296097121774582863e+08,4.860783249925649166e+08,1.776761012509513193e+01,2.915948090534536242e+08,1.220049849290105385e+03
3.341950400261149406e+08,4.928403480697757602e+08,1.776761012509513193e+01,2.946085169834533334e+08,1.220049849290105385e+03
3.388441561392034292e+08,4.996964402583739758e+08,1.776761012509513193e+01,2.976533723660310507e+08,1.220049849290105385e+03
3.435579478998757005e+08,5.066479101900541186e+08,1.776761012509513193e+01,3.007296971181825399e+08,1.220049849290105385e+03
3.483373150360116363e+08,5.136960847013885975e+08,1.776761012509513193e+01,3.038378164839976430e+08,1.220049849290105385e+03
3.531831697919570208e+08,5.208423090870918632e+08,1.776761012509513193e+01,3.069780590690515041e+08,1.220049849290105385e+03
3.580964371026362181e+08,5.280879473567854166e+08,1.776761012509513193e+01,3.101507568751399517e+08,1.220049849290105385e+03
3.630780547701017857e+08,5.354343824953572750e+08,1.776761012509513193e+01,3.133562453353845477e+08,1.220049849290105385e+03
3.681289736425305605e+08,5.428830167269289494e+08,1.776761012509513193e+01,3.165948633496937156e+08,1.220049849290105385e+03
3.732501577957198620e+08,5.504352717825096846e+08,1.776761012509513193e+01,3.198669533205977082e+08,1.220049849290105385e+03
3.784425847170928121e+08,5.580925891713504791e+08,1.776761012509513193e+01,3.231728611894427538e+08,1.220049849290105385e+03
3.837072454922784567e+08,5.658564304560955763e+08,1.776761012509513193e+01,3.265129364729690552e+08,1.220049849290105385e+03
3.890451449942804575e+08,5.737282775317511559e+08,1.776761012509513193e+01,3.298875323002631664e+08,1.220049849290105385e+03
3.944573020752784610e+08,5.817096329085363150e+08,1.776761012509513193e+01,3.332970054500923157e+08,1.220049849290105385e+03
3.999447497610977888e+08,5.898020199986695051e+08,1.776761012509513193e+01,3.367417163886250257e+08,1.220049849290105385e+03
4.055085354483843446e+08,5.980069834071439505e+08,1.776761012509513193e+01,3.402220293075405359e+08,1.220049849290105385e+03
4.111497211045229435e+08,6.063260892265490294e+08,1.776761012509513193e+01,3.437383121625339389e+08,1.220049849290105385e+03
4.168693834703363776e+08,6.147609253359922171e+08,1.776761012509513193e+01,3.472909367122173309e+08,1.220049849290105385e+03
4.226686142656041384e+08,6.233131017041795254e+08,1.776761012509513193e+01,3.508802785574251413e+08,1.220049849290105385e+03
4.285485203974391818e+08,6.319842506967101097e+08,1.776761012509513193e+01,3.545067171809221506e+08,1.220049849290105385e+03
4.345102241715714335e+08,6.407760273876587152e+08,1.776761012509513193e+01,3.581706359875290394e+08,1.220049849290105385e+03
4.405548635065534115e+08,6.496901098754658699e+08,1.776761012509513193e+01,3.618724223446518183e+08,1.220049849290105385e+03
4.466835921509634852e+08,6.587281996032494307e+08,1.776761012509513193e+01,3.656124676232400537e+08,1.220049849290105385e+03
4.528975799036195278e+08,6.678920216835563183e+08,1.776761012509513193e+01,3.693911672391619682e+08,1.220049849290105385e+03
4.591980128368675709e+08,6.771833252276471853e+08,1.776761012509513193e+01,3.732089206950153708e+08,1.220049849290105385e+03
4.655860935229581594e+08,6.866038836793365479e+08,1.776761012509513193e+01,3.770661316223567724e+08,1.220049849290105385e+03
4.720630412635899782e+08,6.961554951535023451e+08,1.776761012509513193e+01,3.809632078243814111e+08,1.220049849290105385e+03
4.786300923226380348e+08,7.058399827792921066e+08,1.776761012509513193e+01,3.849005613190353513e+08,1.220049849290105385e+03
4.852885001621209979e+08,7.156591950481064320e+08,1.776761012509513193e+01,3.888786083825776577e+08,1.220049849290105385e+03
4.920395356814511418e+08,7.256150061664224863e+08,1.776761012509513193e+01,3.928977695935902596e+08,1.220049849290105385e+03
4.988844874600126743e+08,7.357093164135270119e+08,1.776761012509513193e+01,3.969584698774433732e+08,1.220049849290105385e+03
5.058246620031147599e+08,7.459440525042246580e+08,1.776761012509513193e+01,4.010611385512211919e+08,1.220049849290105385e+03
5.128613839913658500e+08,7.563211679565931559e+08,1.776761012509513193e+01,4.052062093691117764e+08,1.220049849290105385e+03
5.199959965335173011e+08,7.668426434648536444e+08,1.776761012509513193e+01,4.093941205682644844e+08,1.220049849290105385e+03
5.272298614228243232e+08,7.775104872774285078e+08,1.776761012509513193e+01,4.136253149151235223e+08,1.220049849290105385e+03
5.345643593969713449e+08,7.883267355802556276e+08,1.776761012509513193e+01,4.179002397522376180e+08,1.220049849290105385e+03
5.420008904016238451e+08,7.992934528854502439e+08,1.776761012509513193e+01,4.222193470455607772e+08,1.220049849290105385e+03
5.495408738576247692e+08,8.104127324253424406e+08,1.776761012509513193e+01,4.265830934322279692e+08,1.220049849290105385e+03
5.571857489319304228e+08,8.216866965520282984e+08,1.776761012509513193e+01,4.309919402688394189e+08,1.220049849290105385e+03
5.649369748123010397e+08,8.331174971424583197e+08,1.776761012509513193e+01,4.354463536802328825e+08,1.220049849290105385e+03
5.727960309858280420e+08,8.447073160091844797e+08,1.776761012509513193e+01,4.399468046087722778e+08,1.220049849290105385e+03
5.807644175213111639e+08,8.564583653167839050e+08,1.776761012509513193e+01,4.444937688641282916e+08,1.220049849290105385e+03
5.888436553555884361e+08,8.683728880041121244e+08,1.776761012509513193e+01,4.490877271735894084e+08,1.220049849290105385e+03
5.970352865838365555e+08,8.804531582124118805e+08,1.776761012509513193e+01,4.537291652328850031e+08,1.220049849290105385e+03
6.053408747539136410e+08,8.927014817193830013e+08,1.776761012509513193e+01,4.584185737575360537e+08,1.220049849290105385e+03
6.137620051647945642e+08,9.051201963792870045e+08,1.776761012509513193e+01,4.631564485347355008e+08,1.220049849290105385e+03
6.223002851691601276e+08,9.177116725691787004e+08,1.776761012509513193e+01,4.679432904757649302e+08,1.220049849290105385e+03
6.309573444801943302e+08,9.304783136413424015e+08,1.776761012509513193e+01,4.727796056689549685e+08,1.220049849290105385e+03
6.397348354826495647e+08,9.434225563820226192e+08,1.776761012509513193e+01,4.776659054331892729e+08,1.220049849290105385e+03
6.486344335482401848e+08,9.565468714765375853e+08,1.776761012509513193e+01,4.826027063719650507e+08,1.220049849290105385e+03
6.576578373554226160e+08,9.698537639808621407e+08,1.776761012509513193e+01,4.875905304280108213e+08,1.220049849290105385e+03
6.668067692136218548e+08,9.833457737997667789e+08,1.776761012509513193e+01,4.926299049384665489e+08,1.220049849290105385e+03
6.760829753919818401e+08,9.970254761716293097e+08,1.776761012509513193e+01,4.977213626906429529e+08,1.220049849290105385e+03
6.854882264526619911e+08,1.010895482159949780e+09,1.776761012509513193e+01,5.028654419783410430e+08,1.220049849290105385e+03
6.950243175887975693e+08,1.024958439151743889e+09,1.776761012509513193e+01,5.080626866587697268e+08,1.220049849290105385e+03
7.046930689671452045e+08,1.039217031362844944e+09,1.776761012509513193e+01,5.133136462100409269e+08,1.220049849290105385e+03
7.144963260755120516e+08,1.053673980350261092e+09,1.776761012509513193e+01,5.186188757892703414e+08,1.220049849290105385e+03
7.244359600749890804e+08,1.068332045531616330e+09,1.776761012509513193e+01,5.239789362912617922e+08,1.220049849290105385e+03
7.345138681571143866e+08,1.083194024711863041e+09,1.776761012509513193e+01,5.293943944078132510e+08,1.220049849290105385e+03
7.447319739059888124e+08,1.098262754617296457e+09,1.776761012509513193e+01,5.348658226876298785e+08,1.220049849290105385e+03
7.550922276654341221e+08,1.113541111437006474e+09,1.776761012509513193e+01,5.403937995968561172e+08,1.220049849290105385e+03
7.655966069112569094e+08,1.129032011371857882e+09,1.776761012509513193e+01,5.459789095802334547e+08,1.220049849290105385e+03
7.762471166286927462e+08,1.144738411191111565e+09,1.776761012509513193e+01,5.516217431228916645e+08,1.220049849290105385e+03
7.870457896951000690e+08,1.160663308796785116e+09,1.776761012509513193e+01,5.573228968127771616e+08,1.220049849290105385e+03
7.979946872679785490e+08,1.176809743795868635e+09,1.776761012509513193e+01,5.630829734037276506e+08,1.220049849290105385e+03
8.090958991783846617e+08,1.193180798080496311e+09,1.776761012509513193e+01,5.689025818791978359e+08,1.220049849290105385e+03
8.203515443298176527e+08,1.209779596416188717e+09,1.776761012509513193e+01,5.747823375166426897e+08,1.220049849290105385e+03
8.317637711026709080e+08,1.226609307038299561e+09,1.776761012509513193e+01,5.807228619525740147e+08,1.220049849290105385e+03
8.433347577642756701e+08,1.243673142256710768e+09,1.776761012509513193e+01,5.867247832482730150e+08,1.220049849290105385e+03
8.550667128846840858e+08,1.260974359068992853e+09,1.776761012509513193e+01,5.927887359561989307e+08,1.220049849290105385e+03
8.669618757582143545e+08,1.278516259782059193e+09,1.776761012509513193e+01,5.989153611870731115e+08,1.220049849290105385e+03
8.790225168308824301e+08,1.296302192642504692e+09,1.776761012509513193e+01,6.051053066776680946e+08,1.220049849290105385e+03
8.912509381337441206e+08,1.314335552475658655e+09,1.776761012509513193e+01,6.113592268592784405e+08,1.220049849290105385e+03
9.036494737223004103e+08,1.332619781333579540e+09,1.776761012509513193e+01,6.176777829269169569e+08,1.220049849290105385e+03
9.162204901219992638e+08,1.351158369152041197e+09,1.776761012509513193e+01,6.240616429092189074e+08,1.220049849290105385e+03
9.289663867799363136e+08,1.369954854416658640e+09,1.776761012509513193e+01,6.305114817390681505e+08,1.220049849290105385e+03
9.418895965228418112e+08,1.389012824838285923e+09,1.776761012509513193e+01,6.370279813249554634e+08,1.220049849290105385e+03
9.549925860214369297e+08,1.408335918037806988e+09,1.776761012509513193e+01,6.436118306230723858e+08,1.220049849290105385e+03
9.682778562612506151e+08,1.427927822240452051e+09,1.776761012509513193e+01,6.502637257101507187e+08,1.220049849290105385e+03
9.817479430199863911e+08,1.447792276979776382e+09,1.776761012509513193e+01,6.569843698570566177e+08,1.220049849290105385e+03
9.954054173515294790e+08,1.467933073811428070e+09,1.776761012509513193e+01,6.637744736031423807e+08,1.220049849290105385e+03
1.009252886076687574e+09,1.488354057036849260e+09,1.776761012509513193e+01,6.706347548313682079e+08,1.220049849290105385e+03
1.023292992280753613e+09,1.509059124437035084e+09,1.776761012509513193e+01,6.775659388441996574e+08,1.220049849290105385e+03
1.037528415818012595e+09,1.530052228016535282e+09,1.776761012509513193e+01,6.845687584402972460e+08,1.220049849290105385e+03
1.051961873823223472e+09,1.551337374757739782e+09,1.776761012509513193e+01,6.916439539919787645e+08,1.220049849290105385e+03
1.066596121230258942e+09,1.572918627385723114e+09,1.776761012509513193e+01,6.987922735235047340e+08,1.220049849290105385e+03
1.081433951297935247e+09,1.594800105143688440e+09,1.776761012509513193e+01,7.060144727901571989e+08,1.220049849290105385e+03
1.096478196143182755e+09,1.616985984579240084e+09,1.776761012509513193e+01,7.133113153581519127e+08,1.220049849290105385e+03
1.111731727281589746e+09,1.639480500341527224e+09,1.776761012509513193e+01,7.206835726853531599e+08,1.220049849290105385e+03
1.127197456175509453e+09,1.662287945989543438e+09,1.776761012509513193e+01,7.281320242028439045e+08,1.220049849290105385e+03
1.142878334789771318e+09,1.685412674811637402e+09,1.776761012509513193e+01,7.356574573973295689e+08,1.220049849290105385e+03
1.158777356155126095e+09,1.708859100656431198e+09,1.776761012509513193e+01,7.432606678943946362e+08,1.220049849290105385e+03
1.174897554939530373e+09,1.732631698775299072e+09,1.776761012509513193e+01,7.509424595426204205e+08,1.220049849290105385e+03
1.191242008027376175e+09,1.756735006676561117e+09,1.776761012509513193e+01,7.587036444985716343e+08,1.220049849290105385e+03
1.207813835106782198e+09,1.781173624991567850e+09,1.776761012509513193e+01,7.665450433126615286e+08,1.220049849290105385e+03
1.224616199265051365e+09,1.805952218352825880e+09,1.776761012509513193e+01,7.744674850159045458e+08,1.220049849290105385e+03
1.241652307592414379e+09,1.831075516284344912e+09,1.776761012509513193e+01,7.824718072075657845e+08,1.220049849290105385e+03
1.258925411794171333e+09,1.856548314104367018e+09,1.776761012509513193e+01,7.905588561437152624e+08,1.220049849290105385e+03
1.276438808811343431e+09,1.882375473840647936e+09,1.776761012509513193e+01,7.987294868266969919e+08,1.220049849290105385e+03
1.294195841449986219e+09,1.908561925158510685e+09,1.776761012509513193e+01,8.069845630955327749e+08,1.220049849290105385e+03
1.312199899019204140e+09,1.935112666301731348e+09,1.776761012509513193e+01,8.153249577172375917e+08,1.220049849290105385e+03
1.330454417978087425e+09,1.962032765046582222e+09,1.776761012509513193e+01,8.237515524790990353e+08,1.220049849290105385e+03
1.348962882591650486e+09,1.989327359669149637e+09,1.776761012509513193e+01,8.322652382819133997e+08,1.220049849290105385e+03
1.367728825595846653e+09,2.017001659926038265e+09,1.776761012509513193e+01,8.408669152341593504e+08,1.220049849290105385e+03
1.386755828871886730e+09,2.045060948048793077e+09,1.776761012509513193e+01,8.495574927471724749e+08,1.220049849290105385e+03
1.406047524129912853e+09,2.073510579752120256e+09,1.776761012509513193e+01,8.583378896312904358e+08,1.220049849290105385e+03
1.425607593602187872e+09,2.102355985256138802e+09,1.776761012509513193e+01,8.672090341929938793e+08,1.220049849290105385e+03
1.445439770745928049e+09,2.131602670322854996e+09,1.776761012509513193e+01,8.761718643330516815e+08,1.220049849290105385e+03
1.465547840955912828e+09,2.161256217307053089e+09,1.776761012509513193e+01,8.852273276456800699e+08,1.220049849290105385e+03
1.485935642287009001e+09,2.191322286221809387e+09,1.776761012509513193e+01,8.943763815187268257e+08,1.220049849290105385e+03
1.506607066186744928e+09,2.221806615818824291e+09,1.776761012509513193e+01,9.036199932348918915e+08,1.220049849290105385e+03
1.527566058238076210e+09,2.252715024683787346e+09,1.776761012509513193e+01,9.129591400739922523e+08,1.220049849290105385e+03
1.548816618912485838e+09,2.284053412346978188e+09,1.776761012509513193e+01,9.223948094162847996e+08,1.220049849290105385e+03
1.570362804333551407e+09,2.315827760409307480e+09,1.776761012509513193e+01,9.319279988468557596e+08,1.220049849290105385e+03
1.592208727051169872e+09,2.348044133684072971e+09,1.776761012509513193e+01,9.415597162610985041e+08,1.220049849290105385e+03
1.614358556826487064e+09,2.380708681354500771e+09,1.776761012509513193e+01,9.512909799712587595e+08,1.220049849290105385e+03
1.636816521427810192e+09,2.413827638147485733e+09,1.776761012509513193e+01,9.611228188141071796e+08,1.220049849290105385e+03
1.659586907437556267e+09,2.447407325523604393e+09,1.776761012509513193e+01,9.710562722597042322e+08,1.220049849290105385e+03
1.682674061070463896e+09,2.481454152883739471e+09,1.776761012509513193e+01,9.810923905213129520e+08,1.220049849290105385e+03
1.706082389003120899e+09,2.515974618792391777e+09,1.776761012509513193e+01,9.912322346664140224e+08,1.220049849290105385e+03
1.729816359215099812e+09,2.550975312218109131e+09,1.776761012509513193e+01,1.001476876728897691e+09,1.220049849290105385e+03
1.753880501841760159e+09,2.586462913791122437e+09,1.776761012509513193e+01,1.011827399822402358e+09,1.220049849290105385e+03
1.778279410038922787e+09,2.622444197078487873e+09,1.776761012509513193e+01,1.022284898254827142e+09,1.220049849290105385e+03
1.803017740859569788e+09,2.658926029876964569e+09,1.776761012509513193e+01,1.032850477644026875e+09,1.220049849290105385e+03
1.828100216142744541e+09,2.695915375523881912e+09,1.776761012509513193e+01,1.043525255034702659e+09,1.220049849290105385e+03
1.853531623414814234e+09,2.733419294226241112e+09,1.776761012509513193e+01,1.054310359016503334e+09,1.220049849290105385e+03
1.879316816803272486e+09,2.771444944408306122e+09,1.776761012509513193e+01,1.065206929843343854e+09,1.220049849290105385e+03
1.905460717963252068e+09,2.809999584077941418e+09,1.776761012509513193e+01,1.076216119553958178e+09,1.220049849290105385e+03
1.931968317016930103e+09,2.849090572211959839e+09,1.776761012509513193e+01,1.087339092093700409e+09,1.220049849290105385e+03
1.958844673505988836e+09,2.888725370160726547e+09,1.776761012509513193e+01,1.098577023437596798e+09,1.220049849290105385e+03
1.986094917357371569e+09,2.928911543072366238e+09,1.776761012509513193e+01,1.109931101714691401e+09,1.220049849290105385e+03
2.013724249862389565e+09,2.969656761336660385e+09,1.776761012509513193e+01,1.121402527333640337e+09,1.220049849290105385e+03
2.041737944669531584e+09,3.010968802049154282e+09,1.776761012509513193e+01,1.132992513109635592e+09,1.220049849290105385e+03
2.070141348791037083e+09,3.052855550495556831e+09,1.776761012509513193e+01,1.144702284392627478e+09,1.220049849290105385e+03
2.098939883623520136e+09,3.095325001656864643e+09,1.776761012509513193e+01,1.156533079196883917e+09,1.220049849290105385e+03
2.128139045982709169e+09,3.138385261735302925e+09,1.776761012509513193e+01,1.168486148331862688e+09,1.220049849290105385e+03
2.157744409152664661e+09,3.182044549701613903e+09,1.776761012509513193e+01,1.180562755534463167e+09,1.220049849290105385e+03
2.187761623949552059e+09,3.226311198863813400e+09,1.776761012509513193e+01,1.192764177602634907e+09,1.220049849290105385e+03
2.218196419800219536e+09,3.271193658457778454e+09,1.776761012509513193e+01,1.205091704530364037e+09,1.220049849290105385e+03
2.249054605835782528e+09,3.316700495259965420e+09,1.776761012509513193e+01,1.217546639644058704e+09,1.220049849290105385e+03
2.280342072000421047e+09,3.362840395222564220e+09,1.776761012509513193e+01,1.230130299740344048e+09,1.220049849290105385e+03
2.312064790175598621e+09,3.409622165131394386e+09,1.776761012509513193e+01,1.242844015225279093e+09,1.220049849290105385e+03
2.344228815319927692e+09,3.457054734286871433e+09,1.776761012509513193e+01,1.255689130255016088e+09,1.220049849290105385e+03
2.376840286624883175e+09,3.505147156208351135e+09,1.776761012509513193e+01,1.268667002877906084e+09,1.220049849290105385e+03
2.409905428686593056e+09,3.553908610362177849e+09,1.776761012509513193e+01,1.281779005178079844e+09,1.220049849290105385e+03
2.443430552693971157e+09,3.603348403913834095e+09,1.776761012509513193e+01,1.295026523420525551e+09,1.220049849290105385e+03
2.477422057633285999e+09,3.653475973504329681e+09,1.776761012509513193e+01,1.308410958197627544e+09,1.220049849290105385e+03
2.511886431509582043e+09,3.704300887051440716e+09,1.776761012509513193e+01,1.321933724577258110e+09,1.220049849290105385e+03
2.546830252585033894e+09,3.755832845575923443e+09,1.776761012509513193e+01,1.335596252252379656e+09,1.220049849290105385e+03
2.582260190634590626e+09,3.808081685053223133e+09,1.776761012509513193e+01,1.349399985692213774e+09,1.220049849290105385e+03
2.618183008218980789e+09,3.861057378290783882e+09,1.776761012509513193e+01,1.363346384294933558e+09,1.220049849290105385e+03
2.654605561975536346e+09,3.914770036831641674e+09,1.776761012509513193e+01,1.377436922541975975e+09,1.220049849290105385e+03
2.691534803926913738e+09,3.969229912884402752e+09,1.776761012509513193e+01,1.391673090153922796e+09,1.220049849290105385e+03
2.728977782808040619e+09,4.024447401280107021e+09,1.776761012509513193e+01,1.406056392248007774e+09,1.220049849290105385e+03
2.766941645411512852e+09,4.080433041456293583e+09,1.776761012509513193e+01,1.420588349497237921e+09,1.220049849290105385e+03
2.805433637951715946e+09,4.137197519468685627e+09,1.776761012509513193e+01,1.435270498291172504e+09,1.220049849290105385e+03
2.844461107447919846e+09,4.194751670030850410e+09,1.776761012509513193e+01,1.450104390898353815e+09,1.220049849290105385e+03
2.884031503126611710e+09,4.253106478582231998e+09,1.776761012509513193e+01,1.465091595630423069e+09,1.220049849290105385e+03
2.924152377843342781e+09,4.312273083384962082e+09,1.776761012509513193e+01,1.480233697007925987e+09,1.220049849290105385e+03
2.964831389524351597e+09,4.372262777649832726e+09,1.776761012509513193e+01,1.495532295927842617e+09,1.220049849290105385e+03
3.006076302628229141e+09,4.433087011691828728e+09,1.776761012509513193e+01,1.510989009832831144e+09,1.220049849290105385e+03
3.047894989627983093e+09,4.494757395115739822e+09,1.776761012509513193e+01,1.526605472882252216e+09,1.220049849290105385e+03
3.090295432513592243e+09,4.557285699031989098e+09,1.776761012509513193e+01,1.542383336124916077e+09,1.220049849290105385e+03
3.133285724315588951e+09,4.620683858303478241e+09,1.776761012509513193e+01,1.558324267673652172e+09,1.220049849290105385e+03
3.176874070649762630e+09,4.684963973823569298e+09,1.776761012509513193e+01,1.574429952881664515e+09,1.220049849290105385e+03
3.221068791283428192e+09,4.750138314825878143e+09,1.776761012509513193e+01,1.590702094520734310e+09,1.220049849290105385e+03
3.265878321723353386e+09,4.816219321226003647e+09,1.776761012509513193e+01,1.607142412961214781e+09,1.220049849290105385e+03
3.311311214825907707e+09,4.883219605996029854e+09,1.776761012509513193e+01,1.623752646353938818e+09,1.220049849290105385e+03
3.357376142429544926e+09,4.951151957571957588e+09,1.776761012509513193e+01,1.640534550813977957e+09,1.220049849290105385e+03
3.404081897010009289e+09,5.020029342294660568e+09,1.776761012509513193e+01,1.657489900606307745e+09,1.220049849290105385e+03
3.451437393358564377e+09,5.089864906884772301e+09,1.776761012509513193e+01,1.674620488333393335e+09,1.220049849290105385e+03
3.499451670283576488e+09,5.160671980952036858e+09,1.776761012509513193e+01,1.691928125124710321e+09,1.220049849290105385e+03
3.548133892335760593e+09,5.232464079539537430e+09,1.776761012509513193e+01,1.709414640828226566e+09,1.220049849290105385e+03
3.597493351557430744e+09,5.305254905703333855e+09,1.776761012509513193e+01,1.727081884203862667e+09,1.220049849290105385e+03
3.647539469256087780e+09,5.379058353127985954e+09,1.776761012509513193e+01,1.744931723118953466e+09,1.220049849290105385e+03
3.698281797802673817e+09,5.453888508778459549e+09,1.776761012509513193e+01,1.762966044745726109e+09,1.220049849290105385e+03
3.749730022454833984e+09,5.529759655588900566e+09,1.776761012509513193e+01,1.781186755760816336e+09,1.220049849290105385e+03
3.801893963205612659e+09,5.606686275188928604e+09,1.776761012509513193e+01,1.799595782546872377e+09,1.220049849290105385e+03
3.854783576657720566e+09,5.684683050667631149e+09,1.776761012509513193e+01,1.818195071396192789e+09,1.220049849290105385e+03
3.908408957924025059e+09,5.763764869376235008e+09,1.776761012509513193e+01,1.836986588716515541e+09,1.220049849290105385e+03
3.962780342554385185e+09,5.843946825769628525e+09,1.776761012509513193e+01,1.855972321238904476e+09,1.220049849290105385e+03
4.017908108489391804e+09,5.925244224287555695e+09,1.776761012509513193e+01,1.875154276227824688e+09,1.220049849290105385e+03
4.073802778041121960e+09,6.007672582275654793e+09,1.776761012509513193e+01,1.894534481693320513e+09,1.220049849290105385e+03
4.130475019901610374e+09,6.091247632947367668e+09,1.776761012509513193e+01,1.914114986605451345e+09,1.220049849290105385e+03
4.187935651179182529e+09,6.175985328386937141e+09,1.776761012509513193e+01,1.933897861110914707e+09,1.220049849290105385e+03
4.246195639463129997e+09,6.261901842594203949e+09,1.776761012509513193e+01,1.953885196751908302e+09,1.220049849290105385e+03
4.305266104917109489e+09,6.349013574571758270e+09,1.776761012509513193e+01,1.974079106687262535e+09,1.220049849290105385e+03
4.365158322401665688e+09,6.437337151455043793e+09,1.776761012509513193e+01,1.994481725915852547e+09,1.220049849290105385e+03
4.425883723626274109e+09,6.526889431685996056e+09,1.776761012509513193e+01,2.015095211502320051e+09,1.220049849290105385e+03
4.487453899331332207e+09,6.617687508230838776e+09,1.776761012509513193e+01,2.035921742805124760e+09,1.220049849290105385e+03
4.549880601500498772e+09,6.709748711842646599e+09,1.776761012509513193e+01,2.056963521706965685e+09,1.220049849290105385e+03
4.613175745603790283e+09,6.803090614369252205e+09,1.776761012509513193e+01,2.078222772847563744e+09,1.220049849290105385e+03
4.677351412871981621e+09,6.897731032107331276e+09,1.776761012509513193e+01,2.099701743858885527e+09,1.220049849290105385e+03
4.742419852602448463e+09,6.993688029202843666e+09,1.776761012509513193e+01,2.121402705602736950e+09,1.220049849290105385e+03
4.808393484497289658e+09,7.090979921099084854e+09,1.776761012509513193e+01,2.143327952410875082e+09,1.220049849290105385e+03
4.875284901033849716e+09,7.189625278032516479e+09,1.776761012509513193e+01,2.165479802327568531e+09,1.220049849290105385e+03
4.943106869868343353e+09,7.289642928577411652e+09,1.776761012509513193e+01,2.187860597354688168e+09,1.220049849290105385e+03
5.011872336272714615e+09,7.391051963239513397e+09,1.776761012509513193e+01,2.210472703699284554e+09,1.220049849290105385e+03
5.081594425605599403e+09,7.493871738099984169e+09,1.776761012509513193e+01,2.233318512023776054e+09,1.220049849290105385e+03
5.152286445817562103e+09,7.598121878509898186e+09,1.776761012509513193e+01,2.256400437698699951e+09,1.220049849290105385e+03
5.223961889991197586e+09,7.703822282836155891e+09,1.776761012509513193e+01,2.279720921058071613e+09,1.220049849290105385e+03
5.296634438916581154e+09,7.810993126259520531e+09,1.776761012509513193e+01,2.303282427657391071e+09,1.220049849290105385e+03
5.370317963702532768e+09,7.919654864625472069e+09,1.776761012509513193e+01,2.327087448534315109e+09,1.220049849290105385e+03
5.445026528424220085e+09,8.029828238348649979e+09,1.776761012509513193e+01,2.351138500472016335e+09,1.220049849290105385e+03
5.520774392807584763e+09,8.141534276371603966e+09,1.776761012509513193e+01,2.375438126265279770e+09,1.220049849290105385e+03
5.597576014951115608e+09,8.254794300178609848e+09,1.776761012509513193e+01,2.399988894989328384e+09,1.220049849290105385e+03
5.675446054085488319e+09,8.369629927865341187e+09,1.776761012509513193e+01,2.424793402271445751e+09,1.220049849290105385e+03
5.754399373371566772e+09,8.486063078265103340e+09,1.776761012509513193e+01,2.449854270565390110e+09,1.220049849290105385e+03
5.834451042737447739e+09,8.604115975132646561e+09,1.776761012509513193e+01,2.475174149428678513e+09,1.220049849290105385e+03
5.915616341754742622e+09,8.723811151385847092e+09,1.776761012509513193e+01,2.500755715802669048e+09,1.220049849290105385e+03
5.997910762555100441e+09,8.845171453406724930e+09,1.776761012509513193e+01,2.526601674295614243e+09,1.220049849290105385e+03
6.081350012787163734e+09,8.968220045402099609e+09,1.776761012509513193e+01,2.552714757468581676e+09,1.220049849290105385e+03
6.165950018614809990e+09,9.092980413825113297e+09,1.776761012509513193e+01,2.579097726124392509e+09,1.220049849290105385e+03
6.251726927756849289e+09,9.219476371857910156e+09,1.776761012509513193e+01,2.605753369599454403e+09,1.220049849290105385e+03
6.338697112569263458e+09,9.347732063957031250e+09,1.776761012509513193e+01,2.632684506058698654e+09,1.220049849290105385e+03
6.426877173170193672e+09,9.477771970461868286e+09,1.776761012509513193e+01,2.659893982793521881e+09,1.220049849290105385e+03
6.516283940608428001e+09,9.609620912267257690e+09,1.776761012509513193e+01,2.687384676522816181e+09,1.220049849290105385e+03
6.606934480075963974e+09,9.743304055561073303e+09,1.776761012509513193e+01,2.715159493697105885e+09,1.220049849290105385e+03
6.698846094165271759e+09,9.878846916627740860e+09,1.776761012509513193e+01,2.743221370805839062e+09,1.220049849290105385e+03
6.792036326171856880e+09,1.001627536671856117e+10,1.776761012509513193e+01,2.771573274687840939e+09,1.220049849290105385e+03
6.886522963442775726e+09,1.015561563698978806e+10,1.776761012509513193e+01,2.800218202844984055e+09,1.220049849290105385e+03
6.982324040771733284e+09,1.029689432350941277e+10,1.776761012509513193e+01,2.829159183759100437e+09,1.220049849290105385e+03
7.079457843841402054e+09,1.044013839233358192e+10,1.776761012509513193e+01,2.858399277212169170e+09,1.220049849290105385e+03
7.177942912713615417e+09,1.058537518465361214e+10,1.776761012509513193e+01,2.887941574609797001e+09,1.220049849290105385e+03
7.277798045368242264e+09,1.073263242201480865e+10,1.776761012509513193e+01,2.917789199308097363e+09,1.220049849290105385e+03
7.379042301291014671e+09,1.088193821160745430e+10,1.776761012509513193e+01,2.947945306943850994e+09,1.220049849290105385e+03
7.481695005111553192e+09,1.103332105163184357e+10,1.776761012509513193e+01,2.978413085768172741e+09,1.220049849290105385e+03
7.585775750291820526e+09,1.118680983673767853e+10,1.776761012509513193e+01,3.009195756983569145e+09,1.220049849290105385e+03
7.691304402866082191e+09,1.134243386353942108e+10,1.776761012509513193e+01,3.040296575084535599e+09,1.220049849290105385e+03
7.798301105232577324e+09,1.150022283620789909e+10,1.776761012509513193e+01,3.071718828201587677e+09,1.220049849290105385e+03
7.906786279998245239e+09,1.166020687214016342e+10,1.776761012509513193e+01,3.103465838448928833e+09,1.220049849290105385e+03
8.016780633876789093e+09,1.182241650770799065e+10,1.776761012509513193e+01,3.135540962275675297e+09,1.220049849290105385e+03
8.128305161640995026e+09,1.198688270408641052e+10,1.776761012509513193e+01,3.167947590820711136e+09,1.220049849290105385e+03
8.241381150130029678e+09,1.215363685316329384e+10,1.776761012509513193e+01,3.200689150271223068e+09,1.220049849290105385e+03
8.356030182312491417e+09,1.232271078353117752e+10,1.776761012509513193e+01,3.233769102224932671e+09,1.220049849290105385e+03
8.472274141405980110e+09,1.249413676656242371e+10,1.776761012509513193e+01,3.267190944056066036e+09,1.220049849290105385e+03
8.590135215053977966e+09,1.266794752256890869e+10,1.776761012509513193e+01,3.300958209285120487e+09,1.220049849290105385e+03
8.709635899560831070e+09,1.284417622704738235e+10,1.776761012509513193e+01,3.335074467952444553e+09,1.220049849290105385e+03
8.830799004185621262e+09,1.302285651701168060e+10,1.776761012509513193e+01,3.369543326995669365e+09,1.220049849290105385e+03
8.953647655495937347e+09,1.320402249741326714e+10,1.776761012509513193e+01,3.404368430631085873e+09,1.220049849290105385e+03
9.078205301781862259e+09,1.338770874765058517e+10,1.776761012509513193e+01,3.439553460738884926e+09,1.220049849290105385e+03
9.204495717531721115e+09,1.357395032816947365e+10,1.776761012509513193e+01,3.475102137252445221e+09,1.220049849290105385e+03
9.332543007969886780e+09,1.376278278715511894e+10,1.776761012509513193e+01,3.511018218551611423e+09,1.220049849290105385e+03
9.462371613657911301e+09,1.395424216731737328e+10,1.776761012509513193e+01,3.547305501860094070e+09,1.220049849290105385e+03
9.594006315159317017e+09,1.414836501276996994e+10,1.776761012509513193e+01,3.583967823646860123e+09,1.220049849290105385e+03
9.727472237769639969e+09,1.434518837600595665e+10,1.776761012509513193e+01,3.621009060031787395e+09,1.220049849290105385e+03
9.862794856312099457e+09,1.454474982496991348e+10,1.776761012509513193e+01,3.658433127195460320e+09,1.220049849290105385e+03
1.000000000000000000e+10,1.474708745022857857e+10,1.776761012509513193e+01,3.696243981793202877e+09,1.220049849290105385e+03
